Using pre-set license
Built from '2022.3/respin/2022.3.62f2-4af31df585-v2' branch; Version is '2022.3.62f3 (96770f904ca7) revision 9860879'; Using compiler version '192829333'; Build Type 'Release'
OS: 'Windows 10  (10.0.19045) 64bit Professional' Language: 'es' Physical Memory: 16315 MB
BatchMode: 1, IsHumanControllingUs: 0, StartBugReporterOnCrash: 0, Is64bit: 1, IsPro: 1

COMMAND LINE ARGUMENTS:
F:\Unity\Editor\2022.3.62f3\Editor\Unity.exe
-adb2
-batchMode
-noUpm
-name
AssetImportWorker1
-projectPath
F:/Unity/Projects/ThinkyQuest
-logFile
Logs/AssetImportWorker1.log
-srvPort
57068
Successfully changed project path to: F:/Unity/Projects/ThinkyQuest
F:/Unity/Projects/ThinkyQuest
[UnityMemory] Configuration Parameters - Can be set up in boot.config
    "memorysetup-bucket-allocator-granularity=16"
    "memorysetup-bucket-allocator-bucket-count=8"
    "memorysetup-bucket-allocator-block-size=33554432"
    "memorysetup-bucket-allocator-block-count=8"
    "memorysetup-main-allocator-block-size=16777216"
    "memorysetup-thread-allocator-block-size=16777216"
    "memorysetup-gfx-main-allocator-block-size=16777216"
    "memorysetup-gfx-thread-allocator-block-size=16777216"
    "memorysetup-cache-allocator-block-size=4194304"
    "memorysetup-typetree-allocator-block-size=2097152"
    "memorysetup-profiler-bucket-allocator-granularity=16"
    "memorysetup-profiler-bucket-allocator-bucket-count=8"
    "memorysetup-profiler-bucket-allocator-block-size=33554432"
    "memorysetup-profiler-bucket-allocator-block-count=8"
    "memorysetup-profiler-allocator-block-size=16777216"
    "memorysetup-profiler-editor-allocator-block-size=1048576"
    "memorysetup-temp-allocator-size-main=16777216"
    "memorysetup-job-temp-allocator-block-size=2097152"
    "memorysetup-job-temp-allocator-block-size-background=1048576"
    "memorysetup-job-temp-allocator-reduction-small-platforms=262144"
    "memorysetup-allocator-temp-initial-block-size-main=262144"
    "memorysetup-allocator-temp-initial-block-size-worker=262144"
    "memorysetup-temp-allocator-size-background-worker=32768"
    "memorysetup-temp-allocator-size-job-worker=262144"
    "memorysetup-temp-allocator-size-preload-manager=33554432"
    "memorysetup-temp-allocator-size-nav-mesh-worker=65536"
    "memorysetup-temp-allocator-size-audio-worker=65536"
    "memorysetup-temp-allocator-size-cloud-worker=32768"
    "memorysetup-temp-allocator-size-gi-baking-worker=262144"
    "memorysetup-temp-allocator-size-gfx=262144"
Player connection [33984]  Target information:

Player connection [33984]  * "[IP] 192.168.0.107 [Port] 0 [Flags] 2 [Guid] 669837142 [EditorId] 669837142 [Version] 1048832 [Id] WindowsEditor(7,DESKTOP-58821H1) [Debug] 1 [PackageName] WindowsEditor [ProjectName] Editor" 

Player connection [33984] Host joined multi-casting on [225.0.0.222:54997]...
Player connection [33984] Host joined alternative multi-casting on [225.0.0.222:34997]...
Input System module state changed to: Initialized.
[PhysX] Initialized MultithreadedTaskDispatcher with 12 workers.
Refreshing native plugins compatible for Editor in 16.08 ms, found 4 plugins.
Preloading 0 native plugins for Editor in 0.00 ms.
Initialize engine version: 2022.3.62f3 (96770f904ca7)
[Subsystems] Discovering subsystems at path F:/Unity/Editor/2022.3.62f3/Editor/Data/Resources/UnitySubsystems
[Subsystems] Discovering subsystems at path F:/Unity/Projects/ThinkyQuest/Assets
GfxDevice: creating device client; threaded=0; jobified=0
Direct3D:
    Version:  Direct3D 11.0 [level 11.1]
    Renderer: AMD Radeon RX 6600 (ID=0x73ff)
    Vendor:   ATI
    VRAM:     8121 MB
    Driver:   32.0.12033.1030
Initialize mono
Mono path[0] = 'F:/Unity/Editor/2022.3.62f3/Editor/Data/Managed'
Mono path[1] = 'F:/Unity/Editor/2022.3.62f3/Editor/Data/MonoBleedingEdge/lib/mono/unityjit-win32'
Mono config path = 'F:/Unity/Editor/2022.3.62f3/Editor/Data/MonoBleedingEdge/etc'
Using monoOptions --debugger-agent=transport=dt_socket,embedding=1,server=y,suspend=n,address=127.0.0.1:56540
Begin MonoManager ReloadAssembly
Registering precompiled unity dll's ...
Register platform support module: F:/Unity/Editor/2022.3.62f3/Editor/Data/PlaybackEngines/AndroidPlayer/UnityEditor.Android.Extensions.dll
Register platform support module: F:/Unity/Editor/2022.3.62f3/Editor/Data/PlaybackEngines/WindowsStandaloneSupport/UnityEditor.WindowsStandalone.Extensions.dll
Registered in 0.009144 seconds.
- Loaded All Assemblies, in  0.490 seconds
Native extension for WindowsStandalone target not found
Native extension for Android target not found
Android Extension - Scanning For ADB Devices 448 ms
Mono: successfully reloaded assembly
- Finished resetting the current domain, in  0.871 seconds
Domain Reload Profiling: 1361ms
	BeginReloadAssembly (144ms)
		ExecutionOrderSort (0ms)
		DisableScriptedObjects (0ms)
		BackupInstance (0ms)
		ReleaseScriptingObjects (0ms)
		CreateAndSetChildDomain (1ms)
	RebuildCommonClasses (51ms)
	RebuildNativeTypeToScriptingClass (15ms)
	initialDomainReloadingComplete (75ms)
	LoadAllAssembliesAndSetupDomain (204ms)
		LoadAssemblies (144ms)
		RebuildTransferFunctionScriptingTraits (0ms)
		AnalyzeDomain (201ms)
			TypeCache.Refresh (199ms)
				TypeCache.ScanAssembly (183ms)
			ScanForSourceGeneratedMonoScriptInfo (0ms)
			ResolveRequiredComponents (1ms)
	FinalizeReload (872ms)
		ReleaseScriptCaches (0ms)
		RebuildScriptCaches (0ms)
		SetupLoadedEditorAssemblies (811ms)
			LogAssemblyErrors (0ms)
			InitializePlatformSupportModulesInManaged (557ms)
			SetLoadedEditorAssemblies (6ms)
			RefreshPlugins (0ms)
			BeforeProcessingInitializeOnLoad (3ms)
			ProcessInitializeOnLoadAttributes (181ms)
			ProcessInitializeOnLoadMethodAttributes (63ms)
			AfterProcessingInitializeOnLoad (0ms)
			EditorAssembliesLoaded (0ms)
		ExecutionOrderSort2 (0ms)
		AwakeInstancesAfterBackupRestoration (0ms)
========================================================================
Worker process is ready to serve import requests
Caller must complete domain reload
Begin MonoManager ReloadAssembly
- Loaded All Assemblies, in  0.782 seconds
Native extension for WindowsStandalone target not found
Native extension for Android target not found
Mono: successfully reloaded assembly
- Finished resetting the current domain, in  0.862 seconds
Domain Reload Profiling: 1644ms
	BeginReloadAssembly (179ms)
		ExecutionOrderSort (0ms)
		DisableScriptedObjects (7ms)
		BackupInstance (0ms)
		ReleaseScriptingObjects (0ms)
		CreateAndSetChildDomain (23ms)
	RebuildCommonClasses (53ms)
	RebuildNativeTypeToScriptingClass (19ms)
	initialDomainReloadingComplete (48ms)
	LoadAllAssembliesAndSetupDomain (482ms)
		LoadAssemblies (354ms)
		RebuildTransferFunctionScriptingTraits (0ms)
		AnalyzeDomain (238ms)
			TypeCache.Refresh (196ms)
				TypeCache.ScanAssembly (179ms)
			ScanForSourceGeneratedMonoScriptInfo (28ms)
			ResolveRequiredComponents (14ms)
	FinalizeReload (863ms)
		ReleaseScriptCaches (0ms)
		RebuildScriptCaches (0ms)
		SetupLoadedEditorAssemblies (655ms)
			LogAssemblyErrors (0ms)
			InitializePlatformSupportModulesInManaged (20ms)
			SetLoadedEditorAssemblies (5ms)
			RefreshPlugins (0ms)
			BeforeProcessingInitializeOnLoad (94ms)
			ProcessInitializeOnLoadAttributes (475ms)
			ProcessInitializeOnLoadMethodAttributes (57ms)
			AfterProcessingInitializeOnLoad (4ms)
			EditorAssembliesLoaded (0ms)
		ExecutionOrderSort2 (0ms)
		AwakeInstancesAfterBackupRestoration (10ms)
Launched and connected shader compiler UnityShaderCompiler.exe after 0.06 seconds
Refreshing native plugins compatible for Editor in 4.81 ms, found 4 plugins.
Preloading 0 native plugins for Editor in 0.00 ms.
Unloading 4274 Unused Serialized files (Serialized files now loaded: 0)
Unloading 51 unused Assets / (313.1 KB). Loaded Objects now: 4740.
Memory consumption went from 145.5 MB to 145.2 MB.
Total: 4.158400 ms (FindLiveObjects: 0.410500 ms CreateObjectMapping: 0.124800 ms MarkObjects: 3.362000 ms  DeleteObjects: 0.259800 ms)

AssetImportParameters requested are different than current active one (requested -> active):
  custom:container-demuxer-ogg: 62fdf1f143b41e24485cea50d1cbac27 -> 
  custom:video-decoder-ogg-theora: a1e56fd34408186e4bbccfd4996cb3dc -> 
  custom:framework-win-MediaFoundation: 216162199b28c13a410421893ffa2e32 -> 
  custom:CustomObjectIndexerAttribute: 9a22284fe3817be447336de3de66b15e -> 
  custom:container-demuxer-webm: 4f35f7cbe854078d1ac9338744f61a02 -> 
  custom:container-muxer-webm: aa71ff27fc2769a1b78a27578f13a17b -> 
  custom:video-decoder-webm-vp8: 9c59270c3fd7afecdb556c50c9e8de78 -> 
  custom:SearchIndexIgnoredProperties: e643bd26f0fe6173181afceb89e7c659 -> 
  custom:AudioImporter_EditorPlatform: d09bf68614088b80899f8185d706f6e7 -> 
  custom:video-encoder-webm-vp8: eb34c28f22e8b96e1ab97ce403110664 -> 
  custom:audio-decoder-ogg-vorbis: bf7c407c2cedff20999df2af8eb42d56 -> 
  custom:audio-encoder-webm-vorbis: bf7c407c2cedff20999df2af8eb42d56 -> 
========================================================================
Received Import Request.
  Time since last request: 2307745.098885 seconds.
  path: Assets/Objects/Keyboard.asset
  artifactKey: Guid(8092fd8fa546fe746bdfd0e7b1760ecd) Importer(815301076,1909f56bfc062723c751e8b465ee728b)
Start importing Assets/Objects/Keyboard.asset using Guid(8092fd8fa546fe746bdfd0e7b1760ecd) Importer(815301076,1909f56bfc062723c751e8b465ee728b) [PhysX] Initialized MultithreadedTaskDispatcher with 12 workers.
 -> (artifact id: '66fbb9ae4c483999a13bab86b2aaa230') in 0.011444 seconds
Number of updated asset objects reloaded before import = 0
Number of asset objects unloaded after import = 1
========================================================================
Received Prepare
Caller must complete domain reload
Begin MonoManager ReloadAssembly
- Loaded All Assemblies, in  1.330 seconds
Native extension for WindowsStandalone target not found
Native extension for Android target not found
Mono: successfully reloaded assembly
- Finished resetting the current domain, in  1.260 seconds
Domain Reload Profiling: 2591ms
	BeginReloadAssembly (840ms)
		ExecutionOrderSort (0ms)
		DisableScriptedObjects (612ms)
		BackupInstance (0ms)
		ReleaseScriptingObjects (0ms)
		CreateAndSetChildDomain (59ms)
	RebuildCommonClasses (49ms)
	RebuildNativeTypeToScriptingClass (15ms)
	initialDomainReloadingComplete (47ms)
	LoadAllAssembliesAndSetupDomain (379ms)
		LoadAssemblies (465ms)
		RebuildTransferFunctionScriptingTraits (0ms)
		AnalyzeDomain (46ms)
			TypeCache.Refresh (14ms)
				TypeCache.ScanAssembly (0ms)
			ScanForSourceGeneratedMonoScriptInfo (17ms)
			ResolveRequiredComponents (13ms)
	FinalizeReload (1261ms)
		ReleaseScriptCaches (0ms)
		RebuildScriptCaches (0ms)
		SetupLoadedEditorAssemblies (958ms)
			LogAssemblyErrors (0ms)
			InitializePlatformSupportModulesInManaged (25ms)
			SetLoadedEditorAssemblies (6ms)
			RefreshPlugins (0ms)
			BeforeProcessingInitializeOnLoad (105ms)
			ProcessInitializeOnLoadAttributes (766ms)
			ProcessInitializeOnLoadMethodAttributes (50ms)
			AfterProcessingInitializeOnLoad (5ms)
			EditorAssembliesLoaded (1ms)
		ExecutionOrderSort2 (0ms)
		AwakeInstancesAfterBackupRestoration (20ms)
Refreshing native plugins compatible for Editor in 6.50 ms, found 4 plugins.
Preloading 0 native plugins for Editor in 0.00 ms.
Unloading 4268 Unused Serialized files (Serialized files now loaded: 0)
Unloading 26 unused Assets / (285.0 KB). Loaded Objects now: 4760.
Memory consumption went from 144.3 MB to 144.0 MB.
Total: 5.274300 ms (FindLiveObjects: 0.506800 ms CreateObjectMapping: 0.251500 ms MarkObjects: 4.198700 ms  DeleteObjects: 0.315500 ms)

Prepare: number of updated asset objects reloaded= 0
AssetImportParameters requested are different than current active one (requested -> active):
  custom:container-demuxer-ogg: 62fdf1f143b41e24485cea50d1cbac27 -> 
  custom:video-decoder-ogg-theora: a1e56fd34408186e4bbccfd4996cb3dc -> 
  custom:framework-win-MediaFoundation: 216162199b28c13a410421893ffa2e32 -> 
  custom:CustomObjectIndexerAttribute: 9a22284fe3817be447336de3de66b15e -> 
  custom:scripting/monoscript/fileName/UIManager.cs: 2595dc2cbd41cc2d023a3ebb28d87e9e -> 
  custom:container-demuxer-webm: 4f35f7cbe854078d1ac9338744f61a02 -> 
  custom:container-muxer-webm: aa71ff27fc2769a1b78a27578f13a17b -> 
  custom:video-decoder-webm-vp8: 9c59270c3fd7afecdb556c50c9e8de78 -> 
  custom:SearchIndexIgnoredProperties: e643bd26f0fe6173181afceb89e7c659 -> 
  custom:AudioImporter_EditorPlatform: d09bf68614088b80899f8185d706f6e7 -> 
  custom:video-encoder-webm-vp8: eb34c28f22e8b96e1ab97ce403110664 -> 
  custom:audio-decoder-ogg-vorbis: bf7c407c2cedff20999df2af8eb42d56 -> 
  custom:audio-encoder-webm-vorbis: bf7c407c2cedff20999df2af8eb42d56 -> 
  custom:scripting/precompiled-assembly-types:Assembly-CSharp: 74caa2bcbf71ccd189acc8c5920cbd90 -> bc112aba0faabf23127df56d2c562dad
========================================================================
Received Import Request.
  Time since last request: 34.558955 seconds.
  path: Assets/Scipts/UIManager.cs
  artifactKey: Guid(1aafcf3133eb0ee40a8d03ed8cba5424) Importer(815301076,1909f56bfc062723c751e8b465ee728b)
Start importing Assets/Scipts/UIManager.cs using Guid(1aafcf3133eb0ee40a8d03ed8cba5424) Importer(815301076,1909f56bfc062723c751e8b465ee728b) [PhysX] Initialized MultithreadedTaskDispatcher with 12 workers.
 -> (artifact id: '31e61d1b7fbab88ed391c278711f6942') in 0.002689 seconds
Number of updated asset objects reloaded before import = 0
Number of asset objects unloaded after import = 0
========================================================================
Received Prepare
Caller must complete domain reload
Begin MonoManager ReloadAssembly
- Loaded All Assemblies, in  0.644 seconds
Native extension for WindowsStandalone target not found
Native extension for Android target not found
Mono: successfully reloaded assembly
- Finished resetting the current domain, in  1.390 seconds
Domain Reload Profiling: 2033ms
	BeginReloadAssembly (215ms)
		ExecutionOrderSort (0ms)
		DisableScriptedObjects (18ms)
		BackupInstance (0ms)
		ReleaseScriptingObjects (0ms)
		CreateAndSetChildDomain (40ms)
	RebuildCommonClasses (65ms)
	RebuildNativeTypeToScriptingClass (23ms)
	initialDomainReloadingComplete (38ms)
	LoadAllAssembliesAndSetupDomain (301ms)
		LoadAssemblies (376ms)
		RebuildTransferFunctionScriptingTraits (0ms)
		AnalyzeDomain (47ms)
			TypeCache.Refresh (12ms)
				TypeCache.ScanAssembly (0ms)
			ScanForSourceGeneratedMonoScriptInfo (18ms)
			ResolveRequiredComponents (15ms)
	FinalizeReload (1391ms)
		ReleaseScriptCaches (0ms)
		RebuildScriptCaches (0ms)
		SetupLoadedEditorAssemblies (607ms)
			LogAssemblyErrors (0ms)
			InitializePlatformSupportModulesInManaged (23ms)
			SetLoadedEditorAssemblies (4ms)
			RefreshPlugins (0ms)
			BeforeProcessingInitializeOnLoad (89ms)
			ProcessInitializeOnLoadAttributes (443ms)
			ProcessInitializeOnLoadMethodAttributes (43ms)
			AfterProcessingInitializeOnLoad (4ms)
			EditorAssembliesLoaded (0ms)
		ExecutionOrderSort2 (0ms)
		AwakeInstancesAfterBackupRestoration (18ms)
Refreshing native plugins compatible for Editor in 5.17 ms, found 4 plugins.
Preloading 0 native plugins for Editor in 0.00 ms.
Unloading 4268 Unused Serialized files (Serialized files now loaded: 0)
Unloading 26 unused Assets / (285.3 KB). Loaded Objects now: 4777.
Memory consumption went from 144.3 MB to 144.0 MB.
Total: 4.552400 ms (FindLiveObjects: 0.396200 ms CreateObjectMapping: 0.121500 ms MarkObjects: 3.753100 ms  DeleteObjects: 0.280100 ms)

Prepare: number of updated asset objects reloaded= 0
AssetImportParameters requested are different than current active one (requested -> active):
  custom:container-demuxer-ogg: 62fdf1f143b41e24485cea50d1cbac27 -> 
  custom:video-decoder-ogg-theora: a1e56fd34408186e4bbccfd4996cb3dc -> 
  custom:framework-win-MediaFoundation: 216162199b28c13a410421893ffa2e32 -> 
  custom:CustomObjectIndexerAttribute: 9a22284fe3817be447336de3de66b15e -> 
  custom:scripting/monoscript/fileName/UIManager.cs: 2595dc2cbd41cc2d023a3ebb28d87e9e -> 
  custom:container-demuxer-webm: 4f35f7cbe854078d1ac9338744f61a02 -> 
  custom:container-muxer-webm: aa71ff27fc2769a1b78a27578f13a17b -> 
  custom:video-decoder-webm-vp8: 9c59270c3fd7afecdb556c50c9e8de78 -> 
  custom:SearchIndexIgnoredProperties: e643bd26f0fe6173181afceb89e7c659 -> 
  custom:AudioImporter_EditorPlatform: d09bf68614088b80899f8185d706f6e7 -> 
  custom:video-encoder-webm-vp8: eb34c28f22e8b96e1ab97ce403110664 -> 
  custom:audio-decoder-ogg-vorbis: bf7c407c2cedff20999df2af8eb42d56 -> 
  custom:audio-encoder-webm-vorbis: bf7c407c2cedff20999df2af8eb42d56 -> 
  custom:scripting/precompiled-assembly-types:Assembly-CSharp: 74caa2bcbf71ccd189acc8c5920cbd90 -> bc112aba0faabf23127df56d2c562dad
========================================================================
Received Prepare
Caller must complete domain reload
Begin MonoManager ReloadAssembly
- Loaded All Assemblies, in  0.628 seconds
Native extension for WindowsStandalone target not found
Native extension for Android target not found
Mono: successfully reloaded assembly
- Finished resetting the current domain, in  1.683 seconds
Domain Reload Profiling: 2310ms
	BeginReloadAssembly (219ms)
		ExecutionOrderSort (0ms)
		DisableScriptedObjects (18ms)
		BackupInstance (0ms)
		ReleaseScriptingObjects (0ms)
		CreateAndSetChildDomain (42ms)
	RebuildCommonClasses (56ms)
	RebuildNativeTypeToScriptingClass (16ms)
	initialDomainReloadingComplete (38ms)
	LoadAllAssembliesAndSetupDomain (297ms)
		LoadAssemblies (398ms)
		RebuildTransferFunctionScriptingTraits (0ms)
		AnalyzeDomain (22ms)
			TypeCache.Refresh (9ms)
				TypeCache.ScanAssembly (0ms)
			ScanForSourceGeneratedMonoScriptInfo (0ms)
			ResolveRequiredComponents (11ms)
	FinalizeReload (1683ms)
		ReleaseScriptCaches (0ms)
		RebuildScriptCaches (0ms)
		SetupLoadedEditorAssemblies (768ms)
			LogAssemblyErrors (0ms)
			InitializePlatformSupportModulesInManaged (29ms)
			SetLoadedEditorAssemblies (6ms)
			RefreshPlugins (0ms)
			BeforeProcessingInitializeOnLoad (119ms)
			ProcessInitializeOnLoadAttributes (551ms)
			ProcessInitializeOnLoadMethodAttributes (57ms)
			AfterProcessingInitializeOnLoad (5ms)
			EditorAssembliesLoaded (0ms)
		ExecutionOrderSort2 (0ms)
		AwakeInstancesAfterBackupRestoration (20ms)
Refreshing native plugins compatible for Editor in 5.79 ms, found 4 plugins.
Preloading 0 native plugins for Editor in 0.00 ms.
Unloading 4282 Unused Serialized files (Serialized files now loaded: 0)
Unloading 39 unused Assets / (1.0 MB). Loaded Objects now: 4794.
Memory consumption went from 148.4 MB to 147.5 MB.
Total: 5.924200 ms (FindLiveObjects: 0.513800 ms CreateObjectMapping: 0.219200 ms MarkObjects: 4.524600 ms  DeleteObjects: 0.664600 ms)

Prepare: number of updated asset objects reloaded= 0
AssetImportParameters requested are different than current active one (requested -> active):
  custom:container-demuxer-ogg: 62fdf1f143b41e24485cea50d1cbac27 -> 
  custom:video-decoder-ogg-theora: a1e56fd34408186e4bbccfd4996cb3dc -> 
  custom:framework-win-MediaFoundation: 216162199b28c13a410421893ffa2e32 -> 
  custom:CustomObjectIndexerAttribute: 9a22284fe3817be447336de3de66b15e -> 
  custom:scripting/monoscript/fileName/UIManager.cs: 2595dc2cbd41cc2d023a3ebb28d87e9e -> 
  custom:container-demuxer-webm: 4f35f7cbe854078d1ac9338744f61a02 -> 
  custom:container-muxer-webm: aa71ff27fc2769a1b78a27578f13a17b -> 
  custom:video-decoder-webm-vp8: 9c59270c3fd7afecdb556c50c9e8de78 -> 
  custom:SearchIndexIgnoredProperties: e643bd26f0fe6173181afceb89e7c659 -> 
  custom:AudioImporter_EditorPlatform: d09bf68614088b80899f8185d706f6e7 -> 
  custom:video-encoder-webm-vp8: eb34c28f22e8b96e1ab97ce403110664 -> 
  custom:audio-decoder-ogg-vorbis: bf7c407c2cedff20999df2af8eb42d56 -> 
  custom:audio-encoder-webm-vorbis: bf7c407c2cedff20999df2af8eb42d56 -> 
  custom:scripting/precompiled-assembly-types:Assembly-CSharp: 74caa2bcbf71ccd189acc8c5920cbd90 -> bc112aba0faabf23127df56d2c562dad
========================================================================
Received Prepare
Caller must complete domain reload
Begin MonoManager ReloadAssembly
- Loaded All Assemblies, in  0.694 seconds
Native extension for WindowsStandalone target not found
Native extension for Android target not found
Mono: successfully reloaded assembly
- Finished resetting the current domain, in  1.643 seconds
Domain Reload Profiling: 2335ms
	BeginReloadAssembly (251ms)
		ExecutionOrderSort (0ms)
		DisableScriptedObjects (20ms)
		BackupInstance (0ms)
		ReleaseScriptingObjects (0ms)
		CreateAndSetChildDomain (48ms)
	RebuildCommonClasses (51ms)
	RebuildNativeTypeToScriptingClass (22ms)
	initialDomainReloadingComplete (43ms)
	LoadAllAssembliesAndSetupDomain (325ms)
		LoadAssemblies (418ms)
		RebuildTransferFunctionScriptingTraits (0ms)
		AnalyzeDomain (42ms)
			TypeCache.Refresh (12ms)
				TypeCache.ScanAssembly (0ms)
			ScanForSourceGeneratedMonoScriptInfo (18ms)
			ResolveRequiredComponents (10ms)
	FinalizeReload (1643ms)
		ReleaseScriptCaches (0ms)
		RebuildScriptCaches (0ms)
		SetupLoadedEditorAssemblies (700ms)
			LogAssemblyErrors (0ms)
			InitializePlatformSupportModulesInManaged (29ms)
			SetLoadedEditorAssemblies (5ms)
			RefreshPlugins (0ms)
			BeforeProcessingInitializeOnLoad (112ms)
			ProcessInitializeOnLoadAttributes (503ms)
			ProcessInitializeOnLoadMethodAttributes (44ms)
			AfterProcessingInitializeOnLoad (5ms)
			EditorAssembliesLoaded (0ms)
		ExecutionOrderSort2 (0ms)
		AwakeInstancesAfterBackupRestoration (18ms)
Refreshing native plugins compatible for Editor in 5.15 ms, found 4 plugins.
Preloading 0 native plugins for Editor in 0.00 ms.
Unloading 4282 Unused Serialized files (Serialized files now loaded: 0)
Unloading 39 unused Assets / (1.0 MB). Loaded Objects now: 4811.
Memory consumption went from 148.5 MB to 147.5 MB.
Total: 15.341800 ms (FindLiveObjects: 0.685700 ms CreateObjectMapping: 0.434800 ms MarkObjects: 12.815000 ms  DeleteObjects: 1.402800 ms)

Prepare: number of updated asset objects reloaded= 0
AssetImportParameters requested are different than current active one (requested -> active):
  custom:container-demuxer-ogg: 62fdf1f143b41e24485cea50d1cbac27 -> 
  custom:video-decoder-ogg-theora: a1e56fd34408186e4bbccfd4996cb3dc -> 
  custom:framework-win-MediaFoundation: 216162199b28c13a410421893ffa2e32 -> 
  custom:CustomObjectIndexerAttribute: 9a22284fe3817be447336de3de66b15e -> 
  custom:scripting/monoscript/fileName/UIManager.cs: 619f5747dc184f3577c898ec321c40d4 -> 
  custom:scripting/monoscript/fileName/Inventory.cs: 9e763594ef7e0ab7d608bf03e4de17b5 -> 8040a54c9928a06ca68d2588af0de046
  custom:container-demuxer-webm: 4f35f7cbe854078d1ac9338744f61a02 -> 
  custom:scripting/monoscript/fileName/Door.cs: 06c8567cd8937d8d56232f3de9b2d377 -> 89da75c00dd875a160d70ad71da9a2a1
  custom:container-muxer-webm: aa71ff27fc2769a1b78a27578f13a17b -> 
  custom:video-decoder-webm-vp8: 9c59270c3fd7afecdb556c50c9e8de78 -> 
  custom:SearchIndexIgnoredProperties: e643bd26f0fe6173181afceb89e7c659 -> 
  custom:AudioImporter_EditorPlatform: d09bf68614088b80899f8185d706f6e7 -> 
  custom:scripting/monoscript/fileName/PickupItem.cs: d1c0b8648b7d22ff1c12f52229084f6a -> 71d901a7943673c26b0527ad8f269cee
  custom:scripting/monoscript/fileName/Room.cs: d1c87f5a00c96902b5884b56b22265d6 -> 80712595f8242fc9e86128d3188cd0f1
  custom:scripting/monoscript/fileName/RoomManager.cs: 70017efd1ccd640cc235ecbd5526ad30 -> 579c8f6d2c175182baea4cac812896a0
  custom:video-encoder-webm-vp8: eb34c28f22e8b96e1ab97ce403110664 -> 
  custom:audio-decoder-ogg-vorbis: bf7c407c2cedff20999df2af8eb42d56 -> 
  custom:scripting/monoscript/fileName/Item.cs: c2b7fc65fe255f985743270ca947d8ec -> edfd25bbe8f561e55c7415f9c3adacfe
  custom:scripting/monoscript/fileName/PlayerMovement.cs: 5c1499cfc43e291157e191fb54bb34f9 -> 42480eed24e61f9d7e7e895933644f96
  custom:audio-encoder-webm-vorbis: bf7c407c2cedff20999df2af8eb42d56 -> 
  custom:scripting/precompiled-assembly-types:Assembly-CSharp: ecdcf2e5d126188732158fea0216e6b7 -> bc112aba0faabf23127df56d2c562dad
========================================================================
Received Prepare
Caller must complete domain reload
Begin MonoManager ReloadAssembly
- Loaded All Assemblies, in  0.661 seconds
Native extension for WindowsStandalone target not found
Native extension for Android target not found
Mono: successfully reloaded assembly
- Finished resetting the current domain, in  1.507 seconds
Domain Reload Profiling: 2167ms
	BeginReloadAssembly (247ms)
		ExecutionOrderSort (0ms)
		DisableScriptedObjects (17ms)
		BackupInstance (0ms)
		ReleaseScriptingObjects (0ms)
		CreateAndSetChildDomain (45ms)
	RebuildCommonClasses (61ms)
	RebuildNativeTypeToScriptingClass (21ms)
	initialDomainReloadingComplete (34ms)
	LoadAllAssembliesAndSetupDomain (296ms)
		LoadAssemblies (414ms)
		RebuildTransferFunctionScriptingTraits (0ms)
		AnalyzeDomain (21ms)
			TypeCache.Refresh (8ms)
				TypeCache.ScanAssembly (0ms)
			ScanForSourceGeneratedMonoScriptInfo (0ms)
			ResolveRequiredComponents (12ms)
	FinalizeReload (1508ms)
		ReleaseScriptCaches (0ms)
		RebuildScriptCaches (0ms)
		SetupLoadedEditorAssemblies (622ms)
			LogAssemblyErrors (0ms)
			InitializePlatformSupportModulesInManaged (22ms)
			SetLoadedEditorAssemblies (6ms)
			RefreshPlugins (0ms)
			BeforeProcessingInitializeOnLoad (99ms)
			ProcessInitializeOnLoadAttributes (444ms)
			ProcessInitializeOnLoadMethodAttributes (46ms)
			AfterProcessingInitializeOnLoad (4ms)
			EditorAssembliesLoaded (0ms)
		ExecutionOrderSort2 (0ms)
		AwakeInstancesAfterBackupRestoration (17ms)
Refreshing native plugins compatible for Editor in 5.10 ms, found 4 plugins.
Preloading 0 native plugins for Editor in 0.00 ms.
Unloading 4282 Unused Serialized files (Serialized files now loaded: 0)
Unloading 39 unused Assets / (1.0 MB). Loaded Objects now: 4828.
Memory consumption went from 148.5 MB to 147.5 MB.
Total: 5.742900 ms (FindLiveObjects: 0.407300 ms CreateObjectMapping: 0.118300 ms MarkObjects: 4.587900 ms  DeleteObjects: 0.628000 ms)

Prepare: number of updated asset objects reloaded= 0
AssetImportParameters requested are different than current active one (requested -> active):
  custom:container-demuxer-ogg: 62fdf1f143b41e24485cea50d1cbac27 -> 
  custom:video-decoder-ogg-theora: a1e56fd34408186e4bbccfd4996cb3dc -> 
  custom:framework-win-MediaFoundation: 216162199b28c13a410421893ffa2e32 -> 
  custom:CustomObjectIndexerAttribute: 9a22284fe3817be447336de3de66b15e -> 
  custom:scripting/monoscript/fileName/UIManager.cs: 619f5747dc184f3577c898ec321c40d4 -> 
  custom:scripting/monoscript/fileName/Inventory.cs: 9e763594ef7e0ab7d608bf03e4de17b5 -> 8040a54c9928a06ca68d2588af0de046
  custom:container-demuxer-webm: 4f35f7cbe854078d1ac9338744f61a02 -> 
  custom:scripting/monoscript/fileName/Door.cs: 06c8567cd8937d8d56232f3de9b2d377 -> 89da75c00dd875a160d70ad71da9a2a1
  custom:container-muxer-webm: aa71ff27fc2769a1b78a27578f13a17b -> 
  custom:video-decoder-webm-vp8: 9c59270c3fd7afecdb556c50c9e8de78 -> 
  custom:SearchIndexIgnoredProperties: e643bd26f0fe6173181afceb89e7c659 -> 
  custom:AudioImporter_EditorPlatform: d09bf68614088b80899f8185d706f6e7 -> 
  custom:scripting/monoscript/fileName/PickupItem.cs: d1c0b8648b7d22ff1c12f52229084f6a -> 71d901a7943673c26b0527ad8f269cee
  custom:scripting/monoscript/fileName/Room.cs: d1c87f5a00c96902b5884b56b22265d6 -> 80712595f8242fc9e86128d3188cd0f1
  custom:scripting/monoscript/fileName/RoomManager.cs: 70017efd1ccd640cc235ecbd5526ad30 -> 579c8f6d2c175182baea4cac812896a0
  custom:video-encoder-webm-vp8: eb34c28f22e8b96e1ab97ce403110664 -> 
  custom:audio-decoder-ogg-vorbis: bf7c407c2cedff20999df2af8eb42d56 -> 
  custom:scripting/monoscript/fileName/Item.cs: c2b7fc65fe255f985743270ca947d8ec -> edfd25bbe8f561e55c7415f9c3adacfe
  custom:scripting/monoscript/fileName/PlayerMovement.cs: 5c1499cfc43e291157e191fb54bb34f9 -> 42480eed24e61f9d7e7e895933644f96
  custom:audio-encoder-webm-vorbis: bf7c407c2cedff20999df2af8eb42d56 -> 
  custom:scripting/precompiled-assembly-types:Assembly-CSharp: ecdcf2e5d126188732158fea0216e6b7 -> bc112aba0faabf23127df56d2c562dad
========================================================================
Received Prepare
Caller must complete domain reload
Begin MonoManager ReloadAssembly
- Loaded All Assemblies, in  0.631 seconds
Native extension for WindowsStandalone target not found
Native extension for Android target not found
Mono: successfully reloaded assembly
- Finished resetting the current domain, in  1.582 seconds
Domain Reload Profiling: 2212ms
	BeginReloadAssembly (230ms)
		ExecutionOrderSort (0ms)
		DisableScriptedObjects (15ms)
		BackupInstance (0ms)
		ReleaseScriptingObjects (0ms)
		CreateAndSetChildDomain (38ms)
	RebuildCommonClasses (54ms)
	RebuildNativeTypeToScriptingClass (19ms)
	initialDomainReloadingComplete (39ms)
	LoadAllAssembliesAndSetupDomain (287ms)
		LoadAssemblies (401ms)
		RebuildTransferFunctionScriptingTraits (0ms)
		AnalyzeDomain (20ms)
			TypeCache.Refresh (6ms)
				TypeCache.ScanAssembly (0ms)
			ScanForSourceGeneratedMonoScriptInfo (0ms)
			ResolveRequiredComponents (12ms)
	FinalizeReload (1583ms)
		ReleaseScriptCaches (0ms)
		RebuildScriptCaches (0ms)
		SetupLoadedEditorAssemblies (735ms)
			LogAssemblyErrors (0ms)
			InitializePlatformSupportModulesInManaged (25ms)
			SetLoadedEditorAssemblies (5ms)
			RefreshPlugins (0ms)
			BeforeProcessingInitializeOnLoad (105ms)
			ProcessInitializeOnLoadAttributes (531ms)
			ProcessInitializeOnLoadMethodAttributes (65ms)
			AfterProcessingInitializeOnLoad (4ms)
			EditorAssembliesLoaded (0ms)
		ExecutionOrderSort2 (0ms)
		AwakeInstancesAfterBackupRestoration (19ms)
Refreshing native plugins compatible for Editor in 6.12 ms, found 4 plugins.
Preloading 0 native plugins for Editor in 0.00 ms.
Unloading 4282 Unused Serialized files (Serialized files now loaded: 0)
Unloading 39 unused Assets / (1.0 MB). Loaded Objects now: 4845.
Memory consumption went from 148.5 MB to 147.5 MB.
Total: 5.685900 ms (FindLiveObjects: 0.483500 ms CreateObjectMapping: 0.159700 ms MarkObjects: 4.330000 ms  DeleteObjects: 0.711300 ms)

Prepare: number of updated asset objects reloaded= 0
AssetImportParameters requested are different than current active one (requested -> active):
  custom:container-demuxer-ogg: 62fdf1f143b41e24485cea50d1cbac27 -> 
  custom:video-decoder-ogg-theora: a1e56fd34408186e4bbccfd4996cb3dc -> 
  custom:framework-win-MediaFoundation: 216162199b28c13a410421893ffa2e32 -> 
  custom:CustomObjectIndexerAttribute: 9a22284fe3817be447336de3de66b15e -> 
  custom:scripting/monoscript/fileName/UIManager.cs: 619f5747dc184f3577c898ec321c40d4 -> 
  custom:scripting/monoscript/fileName/Inventory.cs: 9e763594ef7e0ab7d608bf03e4de17b5 -> 8040a54c9928a06ca68d2588af0de046
  custom:container-demuxer-webm: 4f35f7cbe854078d1ac9338744f61a02 -> 
  custom:scripting/monoscript/fileName/Door.cs: 06c8567cd8937d8d56232f3de9b2d377 -> 89da75c00dd875a160d70ad71da9a2a1
  custom:container-muxer-webm: aa71ff27fc2769a1b78a27578f13a17b -> 
  custom:video-decoder-webm-vp8: 9c59270c3fd7afecdb556c50c9e8de78 -> 
  custom:SearchIndexIgnoredProperties: e643bd26f0fe6173181afceb89e7c659 -> 
  custom:AudioImporter_EditorPlatform: d09bf68614088b80899f8185d706f6e7 -> 
  custom:scripting/monoscript/fileName/PickupItem.cs: d1c0b8648b7d22ff1c12f52229084f6a -> 71d901a7943673c26b0527ad8f269cee
  custom:scripting/monoscript/fileName/Room.cs: d1c87f5a00c96902b5884b56b22265d6 -> 80712595f8242fc9e86128d3188cd0f1
  custom:scripting/monoscript/fileName/RoomManager.cs: 70017efd1ccd640cc235ecbd5526ad30 -> 579c8f6d2c175182baea4cac812896a0
  custom:video-encoder-webm-vp8: eb34c28f22e8b96e1ab97ce403110664 -> 
  custom:audio-decoder-ogg-vorbis: bf7c407c2cedff20999df2af8eb42d56 -> 
  custom:scripting/monoscript/fileName/Item.cs: c2b7fc65fe255f985743270ca947d8ec -> edfd25bbe8f561e55c7415f9c3adacfe
  custom:scripting/monoscript/fileName/PlayerMovement.cs: 5c1499cfc43e291157e191fb54bb34f9 -> 42480eed24e61f9d7e7e895933644f96
  custom:audio-encoder-webm-vorbis: bf7c407c2cedff20999df2af8eb42d56 -> 
  custom:scripting/precompiled-assembly-types:Assembly-CSharp: ecdcf2e5d126188732158fea0216e6b7 -> bc112aba0faabf23127df56d2c562dad
========================================================================
Received Prepare
Caller must complete domain reload
Begin MonoManager ReloadAssembly
- Loaded All Assemblies, in  0.648 seconds
Native extension for WindowsStandalone target not found
Native extension for Android target not found
Mono: successfully reloaded assembly
- Finished resetting the current domain, in  1.562 seconds
Domain Reload Profiling: 2209ms
	BeginReloadAssembly (224ms)
		ExecutionOrderSort (0ms)
		DisableScriptedObjects (18ms)
		BackupInstance (0ms)
		ReleaseScriptingObjects (0ms)
		CreateAndSetChildDomain (40ms)
	RebuildCommonClasses (55ms)
	RebuildNativeTypeToScriptingClass (19ms)
	initialDomainReloadingComplete (46ms)
	LoadAllAssembliesAndSetupDomain (302ms)
		LoadAssemblies (408ms)
		RebuildTransferFunctionScriptingTraits (0ms)
		AnalyzeDomain (19ms)
			TypeCache.Refresh (7ms)
				TypeCache.ScanAssembly (0ms)
			ScanForSourceGeneratedMonoScriptInfo (0ms)
			ResolveRequiredComponents (10ms)
	FinalizeReload (1563ms)
		ReleaseScriptCaches (0ms)
		RebuildScriptCaches (0ms)
		SetupLoadedEditorAssemblies (727ms)
			LogAssemblyErrors (0ms)
			InitializePlatformSupportModulesInManaged (23ms)
			SetLoadedEditorAssemblies (4ms)
			RefreshPlugins (0ms)
			BeforeProcessingInitializeOnLoad (95ms)
			ProcessInitializeOnLoadAttributes (547ms)
			ProcessInitializeOnLoadMethodAttributes (53ms)
			AfterProcessingInitializeOnLoad (4ms)
			EditorAssembliesLoaded (0ms)
		ExecutionOrderSort2 (0ms)
		AwakeInstancesAfterBackupRestoration (18ms)
Refreshing native plugins compatible for Editor in 7.00 ms, found 4 plugins.
Preloading 0 native plugins for Editor in 0.00 ms.
Unloading 4282 Unused Serialized files (Serialized files now loaded: 0)
Unloading 39 unused Assets / (1.0 MB). Loaded Objects now: 4862.
Memory consumption went from 148.5 MB to 147.5 MB.
Total: 4.870300 ms (FindLiveObjects: 0.449000 ms CreateObjectMapping: 0.122400 ms MarkObjects: 3.696600 ms  DeleteObjects: 0.600500 ms)

Prepare: number of updated asset objects reloaded= 0
AssetImportParameters requested are different than current active one (requested -> active):
  custom:container-demuxer-ogg: 62fdf1f143b41e24485cea50d1cbac27 -> 
  custom:video-decoder-ogg-theora: a1e56fd34408186e4bbccfd4996cb3dc -> 
  custom:framework-win-MediaFoundation: 216162199b28c13a410421893ffa2e32 -> 
  custom:CustomObjectIndexerAttribute: 9a22284fe3817be447336de3de66b15e -> 
  custom:scripting/monoscript/fileName/UIManager.cs: 619f5747dc184f3577c898ec321c40d4 -> 
  custom:scripting/monoscript/fileName/Inventory.cs: 9e763594ef7e0ab7d608bf03e4de17b5 -> 8040a54c9928a06ca68d2588af0de046
  custom:container-demuxer-webm: 4f35f7cbe854078d1ac9338744f61a02 -> 
  custom:scripting/monoscript/fileName/Door.cs: 06c8567cd8937d8d56232f3de9b2d377 -> 89da75c00dd875a160d70ad71da9a2a1
  custom:container-muxer-webm: aa71ff27fc2769a1b78a27578f13a17b -> 
  custom:video-decoder-webm-vp8: 9c59270c3fd7afecdb556c50c9e8de78 -> 
  custom:SearchIndexIgnoredProperties: e643bd26f0fe6173181afceb89e7c659 -> 
  custom:AudioImporter_EditorPlatform: d09bf68614088b80899f8185d706f6e7 -> 
  custom:scripting/monoscript/fileName/PickupItem.cs: d1c0b8648b7d22ff1c12f52229084f6a -> 71d901a7943673c26b0527ad8f269cee
  custom:scripting/monoscript/fileName/Room.cs: d1c87f5a00c96902b5884b56b22265d6 -> 80712595f8242fc9e86128d3188cd0f1
  custom:scripting/monoscript/fileName/RoomManager.cs: 70017efd1ccd640cc235ecbd5526ad30 -> 579c8f6d2c175182baea4cac812896a0
  custom:video-encoder-webm-vp8: eb34c28f22e8b96e1ab97ce403110664 -> 
  custom:audio-decoder-ogg-vorbis: bf7c407c2cedff20999df2af8eb42d56 -> 
  custom:scripting/monoscript/fileName/Item.cs: c2b7fc65fe255f985743270ca947d8ec -> edfd25bbe8f561e55c7415f9c3adacfe
  custom:scripting/monoscript/fileName/PlayerMovement.cs: 5c1499cfc43e291157e191fb54bb34f9 -> 42480eed24e61f9d7e7e895933644f96
  custom:audio-encoder-webm-vorbis: bf7c407c2cedff20999df2af8eb42d56 -> 
  custom:scripting/precompiled-assembly-types:Assembly-CSharp: ecdcf2e5d126188732158fea0216e6b7 -> bc112aba0faabf23127df56d2c562dad
========================================================================
Received Prepare
Caller must complete domain reload
Begin MonoManager ReloadAssembly
- Loaded All Assemblies, in  0.650 seconds
Native extension for WindowsStandalone target not found
Native extension for Android target not found
Mono: successfully reloaded assembly
- Finished resetting the current domain, in  1.548 seconds
Domain Reload Profiling: 2198ms
	BeginReloadAssembly (229ms)
		ExecutionOrderSort (0ms)
		DisableScriptedObjects (17ms)
		BackupInstance (0ms)
		ReleaseScriptingObjects (0ms)
		CreateAndSetChildDomain (39ms)
	RebuildCommonClasses (57ms)
	RebuildNativeTypeToScriptingClass (20ms)
	initialDomainReloadingComplete (38ms)
	LoadAllAssembliesAndSetupDomain (304ms)
		LoadAssemblies (414ms)
		RebuildTransferFunctionScriptingTraits (0ms)
		AnalyzeDomain (24ms)
			TypeCache.Refresh (8ms)
				TypeCache.ScanAssembly (0ms)
			ScanForSourceGeneratedMonoScriptInfo (0ms)
			ResolveRequiredComponents (14ms)
	FinalizeReload (1549ms)
		ReleaseScriptCaches (0ms)
		RebuildScriptCaches (0ms)
		SetupLoadedEditorAssemblies (696ms)
			LogAssemblyErrors (0ms)
			InitializePlatformSupportModulesInManaged (24ms)
			SetLoadedEditorAssemblies (4ms)
			RefreshPlugins (0ms)
			BeforeProcessingInitializeOnLoad (101ms)
			ProcessInitializeOnLoadAttributes (511ms)
			ProcessInitializeOnLoadMethodAttributes (51ms)
			AfterProcessingInitializeOnLoad (4ms)
			EditorAssembliesLoaded (0ms)
		ExecutionOrderSort2 (0ms)
		AwakeInstancesAfterBackupRestoration (19ms)
Refreshing native plugins compatible for Editor in 6.06 ms, found 4 plugins.
Preloading 0 native plugins for Editor in 0.00 ms.
Unloading 4282 Unused Serialized files (Serialized files now loaded: 0)
Unloading 39 unused Assets / (1.0 MB). Loaded Objects now: 4879.
Memory consumption went from 148.5 MB to 147.6 MB.
Total: 5.624300 ms (FindLiveObjects: 0.494600 ms CreateObjectMapping: 0.185000 ms MarkObjects: 4.170300 ms  DeleteObjects: 0.773000 ms)

Prepare: number of updated asset objects reloaded= 0
AssetImportParameters requested are different than current active one (requested -> active):
  custom:container-demuxer-ogg: 62fdf1f143b41e24485cea50d1cbac27 -> 
  custom:video-decoder-ogg-theora: a1e56fd34408186e4bbccfd4996cb3dc -> 
  custom:framework-win-MediaFoundation: 216162199b28c13a410421893ffa2e32 -> 
  custom:CustomObjectIndexerAttribute: 9a22284fe3817be447336de3de66b15e -> 
  custom:scripting/monoscript/fileName/UIManager.cs: 619f5747dc184f3577c898ec321c40d4 -> 
  custom:scripting/monoscript/fileName/Inventory.cs: 9e763594ef7e0ab7d608bf03e4de17b5 -> 8040a54c9928a06ca68d2588af0de046
  custom:container-demuxer-webm: 4f35f7cbe854078d1ac9338744f61a02 -> 
  custom:scripting/monoscript/fileName/Door.cs: 06c8567cd8937d8d56232f3de9b2d377 -> 89da75c00dd875a160d70ad71da9a2a1
  custom:container-muxer-webm: aa71ff27fc2769a1b78a27578f13a17b -> 
  custom:video-decoder-webm-vp8: 9c59270c3fd7afecdb556c50c9e8de78 -> 
  custom:SearchIndexIgnoredProperties: e643bd26f0fe6173181afceb89e7c659 -> 
  custom:AudioImporter_EditorPlatform: d09bf68614088b80899f8185d706f6e7 -> 
  custom:scripting/monoscript/fileName/PickupItem.cs: d1c0b8648b7d22ff1c12f52229084f6a -> 71d901a7943673c26b0527ad8f269cee
  custom:scripting/monoscript/fileName/Room.cs: d1c87f5a00c96902b5884b56b22265d6 -> 80712595f8242fc9e86128d3188cd0f1
  custom:scripting/monoscript/fileName/RoomManager.cs: 70017efd1ccd640cc235ecbd5526ad30 -> 579c8f6d2c175182baea4cac812896a0
  custom:video-encoder-webm-vp8: eb34c28f22e8b96e1ab97ce403110664 -> 
  custom:audio-decoder-ogg-vorbis: bf7c407c2cedff20999df2af8eb42d56 -> 
  custom:scripting/monoscript/fileName/Item.cs: c2b7fc65fe255f985743270ca947d8ec -> edfd25bbe8f561e55c7415f9c3adacfe
  custom:scripting/monoscript/fileName/PlayerMovement.cs: 5c1499cfc43e291157e191fb54bb34f9 -> 42480eed24e61f9d7e7e895933644f96
  custom:audio-encoder-webm-vorbis: bf7c407c2cedff20999df2af8eb42d56 -> 
  custom:scripting/precompiled-assembly-types:Assembly-CSharp: ecdcf2e5d126188732158fea0216e6b7 -> bc112aba0faabf23127df56d2c562dad
========================================================================
Received Prepare
Caller must complete domain reload
Begin MonoManager ReloadAssembly
- Loaded All Assemblies, in  3.724 seconds
Native extension for WindowsStandalone target not found
Native extension for Android target not found
Mono: successfully reloaded assembly
- Finished resetting the current domain, in 33.146 seconds
Domain Reload Profiling: 36869ms
	BeginReloadAssembly (254ms)
		ExecutionOrderSort (0ms)
		DisableScriptedObjects (16ms)
		BackupInstance (0ms)
		ReleaseScriptingObjects (0ms)
		CreateAndSetChildDomain (42ms)
	RebuildCommonClasses (235ms)
	RebuildNativeTypeToScriptingClass (15ms)
	initialDomainReloadingComplete (39ms)
	LoadAllAssembliesAndSetupDomain (3179ms)
		LoadAssemblies (3304ms)
		RebuildTransferFunctionScriptingTraits (0ms)
		AnalyzeDomain (37ms)
			TypeCache.Refresh (10ms)
				TypeCache.ScanAssembly (0ms)
			ScanForSourceGeneratedMonoScriptInfo (14ms)
			ResolveRequiredComponents (12ms)
	FinalizeReload (33146ms)
		ReleaseScriptCaches (0ms)
		RebuildScriptCaches (0ms)
		SetupLoadedEditorAssemblies (627ms)
			LogAssemblyErrors (0ms)
			InitializePlatformSupportModulesInManaged (25ms)
			SetLoadedEditorAssemblies (4ms)
			RefreshPlugins (0ms)
			BeforeProcessingInitializeOnLoad (89ms)
			ProcessInitializeOnLoadAttributes (446ms)
			ProcessInitializeOnLoadMethodAttributes (55ms)
			AfterProcessingInitializeOnLoad (6ms)
			EditorAssembliesLoaded (0ms)
		ExecutionOrderSort2 (0ms)
		AwakeInstancesAfterBackupRestoration (17ms)
Refreshing native plugins compatible for Editor in 5.28 ms, found 4 plugins.
Preloading 0 native plugins for Editor in 0.00 ms.
Unloading 4283 Unused Serialized files (Serialized files now loaded: 0)
Unloading 39 unused Assets / (1.0 MB). Loaded Objects now: 4897.
Memory consumption went from 148.6 MB to 147.6 MB.
Total: 4.814500 ms (FindLiveObjects: 0.413400 ms CreateObjectMapping: 0.115700 ms MarkObjects: 3.688300 ms  DeleteObjects: 0.595300 ms)

Prepare: number of updated asset objects reloaded= 0
AssetImportParameters requested are different than current active one (requested -> active):
  custom:container-demuxer-ogg: 62fdf1f143b41e24485cea50d1cbac27 -> 
  custom:video-decoder-ogg-theora: a1e56fd34408186e4bbccfd4996cb3dc -> 
  custom:framework-win-MediaFoundation: 216162199b28c13a410421893ffa2e32 -> 
  custom:CustomObjectIndexerAttribute: 9a22284fe3817be447336de3de66b15e -> 
  custom:scripting/monoscript/fileName/PauseManager.cs: 0396bd8b7e1a9bd823e7dab64ce9caf2 -> 
  custom:scripting/monoscript/fileName/UIManager.cs: 619f5747dc184f3577c898ec321c40d4 -> 
  custom:scripting/monoscript/fileName/Inventory.cs: 9e763594ef7e0ab7d608bf03e4de17b5 -> 8040a54c9928a06ca68d2588af0de046
  custom:container-demuxer-webm: 4f35f7cbe854078d1ac9338744f61a02 -> 
  custom:scripting/monoscript/fileName/Door.cs: 06c8567cd8937d8d56232f3de9b2d377 -> 89da75c00dd875a160d70ad71da9a2a1
  custom:container-muxer-webm: aa71ff27fc2769a1b78a27578f13a17b -> 
  custom:video-decoder-webm-vp8: 9c59270c3fd7afecdb556c50c9e8de78 -> 
  custom:SearchIndexIgnoredProperties: e643bd26f0fe6173181afceb89e7c659 -> 
  custom:AudioImporter_EditorPlatform: d09bf68614088b80899f8185d706f6e7 -> 
  custom:scripting/monoscript/fileName/PickupItem.cs: d1c0b8648b7d22ff1c12f52229084f6a -> 71d901a7943673c26b0527ad8f269cee
  custom:scripting/monoscript/fileName/Room.cs: d1c87f5a00c96902b5884b56b22265d6 -> 80712595f8242fc9e86128d3188cd0f1
  custom:scripting/monoscript/fileName/RoomManager.cs: 70017efd1ccd640cc235ecbd5526ad30 -> 579c8f6d2c175182baea4cac812896a0
  custom:video-encoder-webm-vp8: eb34c28f22e8b96e1ab97ce403110664 -> 
  custom:audio-decoder-ogg-vorbis: bf7c407c2cedff20999df2af8eb42d56 -> 
  custom:scripting/monoscript/fileName/Item.cs: c2b7fc65fe255f985743270ca947d8ec -> edfd25bbe8f561e55c7415f9c3adacfe
  custom:scripting/monoscript/fileName/PlayerMovement.cs: 5c1499cfc43e291157e191fb54bb34f9 -> 42480eed24e61f9d7e7e895933644f96
  custom:audio-encoder-webm-vorbis: bf7c407c2cedff20999df2af8eb42d56 -> 
  custom:scripting/precompiled-assembly-types:Assembly-CSharp: 896e92a63afa94734d5099c09f676eac -> bc112aba0faabf23127df56d2c562dad
========================================================================
Received Import Request.
  Time since last request: 2613.731746 seconds.
  path: Assets/Scripts/PauseManager.cs
  artifactKey: Guid(bf494ecfc86a6d1488598c8fae02b2de) Importer(815301076,1909f56bfc062723c751e8b465ee728b)
Start importing Assets/Scripts/PauseManager.cs using Guid(bf494ecfc86a6d1488598c8fae02b2de) Importer(815301076,1909f56bfc062723c751e8b465ee728b) [PhysX] Initialized MultithreadedTaskDispatcher with 12 workers.
 -> (artifact id: '96701878747aa98243349caf9d367995') in 0.002239 seconds
Number of updated asset objects reloaded before import = 0
Number of asset objects unloaded after import = 0
========================================================================
Received Prepare
Caller must complete domain reload
Begin MonoManager ReloadAssembly
- Loaded All Assemblies, in  0.614 seconds
Native extension for WindowsStandalone target not found
Native extension for Android target not found
Mono: successfully reloaded assembly
- Finished resetting the current domain, in  1.574 seconds
Domain Reload Profiling: 2187ms
	BeginReloadAssembly (209ms)
		ExecutionOrderSort (0ms)
		DisableScriptedObjects (17ms)
		BackupInstance (0ms)
		ReleaseScriptingObjects (0ms)
		CreateAndSetChildDomain (44ms)
	RebuildCommonClasses (53ms)
	RebuildNativeTypeToScriptingClass (19ms)
	initialDomainReloadingComplete (37ms)
	LoadAllAssembliesAndSetupDomain (294ms)
		LoadAssemblies (389ms)
		RebuildTransferFunctionScriptingTraits (0ms)
		AnalyzeDomain (21ms)
			TypeCache.Refresh (8ms)
				TypeCache.ScanAssembly (0ms)
			ScanForSourceGeneratedMonoScriptInfo (0ms)
			ResolveRequiredComponents (11ms)
	FinalizeReload (1575ms)
		ReleaseScriptCaches (0ms)
		RebuildScriptCaches (0ms)
		SetupLoadedEditorAssemblies (727ms)
			LogAssemblyErrors (0ms)
			InitializePlatformSupportModulesInManaged (23ms)
			SetLoadedEditorAssemblies (6ms)
			RefreshPlugins (0ms)
			BeforeProcessingInitializeOnLoad (102ms)
			ProcessInitializeOnLoadAttributes (543ms)
			ProcessInitializeOnLoadMethodAttributes (49ms)
			AfterProcessingInitializeOnLoad (4ms)
			EditorAssembliesLoaded (0ms)
		ExecutionOrderSort2 (0ms)
		AwakeInstancesAfterBackupRestoration (18ms)
Refreshing native plugins compatible for Editor in 6.61 ms, found 4 plugins.
Preloading 0 native plugins for Editor in 0.00 ms.
Unloading 4282 Unused Serialized files (Serialized files now loaded: 0)
Unloading 39 unused Assets / (1.0 MB). Loaded Objects now: 4914.
Memory consumption went from 148.3 MB to 147.3 MB.
Total: 5.494900 ms (FindLiveObjects: 0.414900 ms CreateObjectMapping: 0.157300 ms MarkObjects: 4.163800 ms  DeleteObjects: 0.756900 ms)

Prepare: number of updated asset objects reloaded= 0
AssetImportParameters requested are different than current active one (requested -> active):
  custom:container-demuxer-ogg: 62fdf1f143b41e24485cea50d1cbac27 -> 
  custom:video-decoder-ogg-theora: a1e56fd34408186e4bbccfd4996cb3dc -> 
  custom:framework-win-MediaFoundation: 216162199b28c13a410421893ffa2e32 -> 
  custom:CustomObjectIndexerAttribute: 9a22284fe3817be447336de3de66b15e -> 
  custom:scripting/monoscript/fileName/PauseManager.cs: 0396bd8b7e1a9bd823e7dab64ce9caf2 -> 
  custom:scripting/monoscript/fileName/UIManager.cs: 619f5747dc184f3577c898ec321c40d4 -> 
  custom:scripting/monoscript/fileName/Inventory.cs: 9e763594ef7e0ab7d608bf03e4de17b5 -> 8040a54c9928a06ca68d2588af0de046
  custom:container-demuxer-webm: 4f35f7cbe854078d1ac9338744f61a02 -> 
  custom:scripting/monoscript/fileName/Door.cs: 06c8567cd8937d8d56232f3de9b2d377 -> 89da75c00dd875a160d70ad71da9a2a1
  custom:container-muxer-webm: aa71ff27fc2769a1b78a27578f13a17b -> 
  custom:video-decoder-webm-vp8: 9c59270c3fd7afecdb556c50c9e8de78 -> 
  custom:SearchIndexIgnoredProperties: e643bd26f0fe6173181afceb89e7c659 -> 
  custom:AudioImporter_EditorPlatform: d09bf68614088b80899f8185d706f6e7 -> 
  custom:scripting/monoscript/fileName/PickupItem.cs: d1c0b8648b7d22ff1c12f52229084f6a -> 71d901a7943673c26b0527ad8f269cee
  custom:scripting/monoscript/fileName/Room.cs: d1c87f5a00c96902b5884b56b22265d6 -> 80712595f8242fc9e86128d3188cd0f1
  custom:scripting/monoscript/fileName/RoomManager.cs: 70017efd1ccd640cc235ecbd5526ad30 -> 579c8f6d2c175182baea4cac812896a0
  custom:video-encoder-webm-vp8: eb34c28f22e8b96e1ab97ce403110664 -> 
  custom:audio-decoder-ogg-vorbis: bf7c407c2cedff20999df2af8eb42d56 -> 
  custom:scripting/monoscript/fileName/Item.cs: c2b7fc65fe255f985743270ca947d8ec -> edfd25bbe8f561e55c7415f9c3adacfe
  custom:scripting/monoscript/fileName/PlayerMovement.cs: 5c1499cfc43e291157e191fb54bb34f9 -> 42480eed24e61f9d7e7e895933644f96
  custom:audio-encoder-webm-vorbis: bf7c407c2cedff20999df2af8eb42d56 -> 
  custom:scripting/precompiled-assembly-types:Assembly-CSharp: 896e92a63afa94734d5099c09f676eac -> bc112aba0faabf23127df56d2c562dad
========================================================================
Received Prepare
Caller must complete domain reload
Begin MonoManager ReloadAssembly
- Loaded All Assemblies, in  0.614 seconds
Native extension for WindowsStandalone target not found
Native extension for Android target not found
Mono: successfully reloaded assembly
- Finished resetting the current domain, in  1.551 seconds
Domain Reload Profiling: 2164ms
	BeginReloadAssembly (221ms)
		ExecutionOrderSort (0ms)
		DisableScriptedObjects (18ms)
		BackupInstance (0ms)
		ReleaseScriptingObjects (0ms)
		CreateAndSetChildDomain (38ms)
	RebuildCommonClasses (54ms)
	RebuildNativeTypeToScriptingClass (17ms)
	initialDomainReloadingComplete (34ms)
	LoadAllAssembliesAndSetupDomain (287ms)
		LoadAssemblies (392ms)
		RebuildTransferFunctionScriptingTraits (0ms)
		AnalyzeDomain (18ms)
			TypeCache.Refresh (7ms)
				TypeCache.ScanAssembly (0ms)
			ScanForSourceGeneratedMonoScriptInfo (0ms)
			ResolveRequiredComponents (9ms)
	FinalizeReload (1552ms)
		ReleaseScriptCaches (0ms)
		RebuildScriptCaches (0ms)
		SetupLoadedEditorAssemblies (695ms)
			LogAssemblyErrors (0ms)
			InitializePlatformSupportModulesInManaged (23ms)
			SetLoadedEditorAssemblies (7ms)
			RefreshPlugins (0ms)
			BeforeProcessingInitializeOnLoad (104ms)
			ProcessInitializeOnLoadAttributes (504ms)
			ProcessInitializeOnLoadMethodAttributes (51ms)
			AfterProcessingInitializeOnLoad (5ms)
			EditorAssembliesLoaded (0ms)
		ExecutionOrderSort2 (0ms)
		AwakeInstancesAfterBackupRestoration (21ms)
Refreshing native plugins compatible for Editor in 5.47 ms, found 4 plugins.
Preloading 0 native plugins for Editor in 0.00 ms.
Unloading 4283 Unused Serialized files (Serialized files now loaded: 0)
Unloading 39 unused Assets / (1.0 MB). Loaded Objects now: 4931.
Memory consumption went from 148.6 MB to 147.6 MB.
Total: 6.537300 ms (FindLiveObjects: 0.439200 ms CreateObjectMapping: 0.171200 ms MarkObjects: 5.256200 ms  DeleteObjects: 0.669100 ms)

Prepare: number of updated asset objects reloaded= 0
AssetImportParameters requested are different than current active one (requested -> active):
  custom:container-demuxer-ogg: 62fdf1f143b41e24485cea50d1cbac27 -> 
  custom:video-decoder-ogg-theora: a1e56fd34408186e4bbccfd4996cb3dc -> 
  custom:framework-win-MediaFoundation: 216162199b28c13a410421893ffa2e32 -> 
  custom:CustomObjectIndexerAttribute: 9a22284fe3817be447336de3de66b15e -> 
  custom:scripting/monoscript/fileName/PauseManager.cs: 0396bd8b7e1a9bd823e7dab64ce9caf2 -> 
  custom:scripting/monoscript/fileName/UIManager.cs: 619f5747dc184f3577c898ec321c40d4 -> 
  custom:scripting/monoscript/fileName/Inventory.cs: 9e763594ef7e0ab7d608bf03e4de17b5 -> 8040a54c9928a06ca68d2588af0de046
  custom:container-demuxer-webm: 4f35f7cbe854078d1ac9338744f61a02 -> 
  custom:scripting/monoscript/fileName/Door.cs: 06c8567cd8937d8d56232f3de9b2d377 -> 89da75c00dd875a160d70ad71da9a2a1
  custom:container-muxer-webm: aa71ff27fc2769a1b78a27578f13a17b -> 
  custom:video-decoder-webm-vp8: 9c59270c3fd7afecdb556c50c9e8de78 -> 
  custom:SearchIndexIgnoredProperties: e643bd26f0fe6173181afceb89e7c659 -> 
  custom:AudioImporter_EditorPlatform: d09bf68614088b80899f8185d706f6e7 -> 
  custom:scripting/monoscript/fileName/PickupItem.cs: d1c0b8648b7d22ff1c12f52229084f6a -> 71d901a7943673c26b0527ad8f269cee
  custom:scripting/monoscript/fileName/Room.cs: d1c87f5a00c96902b5884b56b22265d6 -> 80712595f8242fc9e86128d3188cd0f1
  custom:scripting/monoscript/fileName/RoomManager.cs: 70017efd1ccd640cc235ecbd5526ad30 -> 579c8f6d2c175182baea4cac812896a0
  custom:video-encoder-webm-vp8: eb34c28f22e8b96e1ab97ce403110664 -> 
  custom:audio-decoder-ogg-vorbis: bf7c407c2cedff20999df2af8eb42d56 -> 
  custom:scripting/monoscript/fileName/Item.cs: c2b7fc65fe255f985743270ca947d8ec -> edfd25bbe8f561e55c7415f9c3adacfe
  custom:scripting/monoscript/fileName/PlayerMovement.cs: 5c1499cfc43e291157e191fb54bb34f9 -> 42480eed24e61f9d7e7e895933644f96
  custom:audio-encoder-webm-vorbis: bf7c407c2cedff20999df2af8eb42d56 -> 
  custom:scripting/precompiled-assembly-types:Assembly-CSharp: 896e92a63afa94734d5099c09f676eac -> bc112aba0faabf23127df56d2c562dad
========================================================================
Received Prepare
Caller must complete domain reload
Begin MonoManager ReloadAssembly
- Loaded All Assemblies, in  0.646 seconds
Native extension for WindowsStandalone target not found
Native extension for Android target not found
Mono: successfully reloaded assembly
- Finished resetting the current domain, in  1.646 seconds
Domain Reload Profiling: 2292ms
	BeginReloadAssembly (239ms)
		ExecutionOrderSort (0ms)
		DisableScriptedObjects (20ms)
		BackupInstance (0ms)
		ReleaseScriptingObjects (0ms)
		CreateAndSetChildDomain (40ms)
	RebuildCommonClasses (45ms)
	RebuildNativeTypeToScriptingClass (20ms)
	initialDomainReloadingComplete (37ms)
	LoadAllAssembliesAndSetupDomain (304ms)
		LoadAssemblies (415ms)
		RebuildTransferFunctionScriptingTraits (0ms)
		AnalyzeDomain (23ms)
			TypeCache.Refresh (8ms)
				TypeCache.ScanAssembly (0ms)
			ScanForSourceGeneratedMonoScriptInfo (0ms)
			ResolveRequiredComponents (13ms)
	FinalizeReload (1647ms)
		ReleaseScriptCaches (0ms)
		RebuildScriptCaches (0ms)
		SetupLoadedEditorAssemblies (734ms)
			LogAssemblyErrors (0ms)
			InitializePlatformSupportModulesInManaged (25ms)
			SetLoadedEditorAssemblies (5ms)
			RefreshPlugins (0ms)
			BeforeProcessingInitializeOnLoad (109ms)
			ProcessInitializeOnLoadAttributes (540ms)
			ProcessInitializeOnLoadMethodAttributes (50ms)
			AfterProcessingInitializeOnLoad (5ms)
			EditorAssembliesLoaded (0ms)
		ExecutionOrderSort2 (0ms)
		AwakeInstancesAfterBackupRestoration (21ms)
Refreshing native plugins compatible for Editor in 6.49 ms, found 4 plugins.
Preloading 0 native plugins for Editor in 0.00 ms.
Unloading 4283 Unused Serialized files (Serialized files now loaded: 0)
Unloading 39 unused Assets / (1.0 MB). Loaded Objects now: 4948.
Memory consumption went from 148.6 MB to 147.6 MB.
Total: 6.561300 ms (FindLiveObjects: 0.477700 ms CreateObjectMapping: 0.169600 ms MarkObjects: 5.217200 ms  DeleteObjects: 0.695100 ms)

Prepare: number of updated asset objects reloaded= 0
AssetImportParameters requested are different than current active one (requested -> active):
  custom:container-demuxer-ogg: 62fdf1f143b41e24485cea50d1cbac27 -> 
  custom:video-decoder-ogg-theora: a1e56fd34408186e4bbccfd4996cb3dc -> 
  custom:framework-win-MediaFoundation: 216162199b28c13a410421893ffa2e32 -> 
  custom:CustomObjectIndexerAttribute: 9a22284fe3817be447336de3de66b15e -> 
  custom:scripting/monoscript/fileName/PauseManager.cs: 0396bd8b7e1a9bd823e7dab64ce9caf2 -> 
  custom:scripting/monoscript/fileName/UIManager.cs: 619f5747dc184f3577c898ec321c40d4 -> 
  custom:scripting/monoscript/fileName/Inventory.cs: 9e763594ef7e0ab7d608bf03e4de17b5 -> 8040a54c9928a06ca68d2588af0de046
  custom:container-demuxer-webm: 4f35f7cbe854078d1ac9338744f61a02 -> 
  custom:scripting/monoscript/fileName/Door.cs: 06c8567cd8937d8d56232f3de9b2d377 -> 89da75c00dd875a160d70ad71da9a2a1
  custom:container-muxer-webm: aa71ff27fc2769a1b78a27578f13a17b -> 
  custom:video-decoder-webm-vp8: 9c59270c3fd7afecdb556c50c9e8de78 -> 
  custom:SearchIndexIgnoredProperties: e643bd26f0fe6173181afceb89e7c659 -> 
  custom:AudioImporter_EditorPlatform: d09bf68614088b80899f8185d706f6e7 -> 
  custom:scripting/monoscript/fileName/PickupItem.cs: d1c0b8648b7d22ff1c12f52229084f6a -> 71d901a7943673c26b0527ad8f269cee
  custom:scripting/monoscript/fileName/Room.cs: d1c87f5a00c96902b5884b56b22265d6 -> 80712595f8242fc9e86128d3188cd0f1
  custom:scripting/monoscript/fileName/RoomManager.cs: 70017efd1ccd640cc235ecbd5526ad30 -> 579c8f6d2c175182baea4cac812896a0
  custom:video-encoder-webm-vp8: eb34c28f22e8b96e1ab97ce403110664 -> 
  custom:audio-decoder-ogg-vorbis: bf7c407c2cedff20999df2af8eb42d56 -> 
  custom:scripting/monoscript/fileName/Item.cs: c2b7fc65fe255f985743270ca947d8ec -> edfd25bbe8f561e55c7415f9c3adacfe
  custom:scripting/monoscript/fileName/PlayerMovement.cs: 5c1499cfc43e291157e191fb54bb34f9 -> 42480eed24e61f9d7e7e895933644f96
  custom:audio-encoder-webm-vorbis: bf7c407c2cedff20999df2af8eb42d56 -> 
  custom:scripting/precompiled-assembly-types:Assembly-CSharp: 896e92a63afa94734d5099c09f676eac -> bc112aba0faabf23127df56d2c562dad
========================================================================
Received Prepare
Caller must complete domain reload
Begin MonoManager ReloadAssembly
- Loaded All Assemblies, in  0.642 seconds
Native extension for WindowsStandalone target not found
Native extension for Android target not found
Mono: successfully reloaded assembly
- Finished resetting the current domain, in  1.812 seconds
Domain Reload Profiling: 2452ms
	BeginReloadAssembly (221ms)
		ExecutionOrderSort (0ms)
		DisableScriptedObjects (21ms)
		BackupInstance (0ms)
		ReleaseScriptingObjects (0ms)
		CreateAndSetChildDomain (41ms)
	RebuildCommonClasses (55ms)
	RebuildNativeTypeToScriptingClass (21ms)
	initialDomainReloadingComplete (39ms)
	LoadAllAssembliesAndSetupDomain (304ms)
		LoadAssemblies (405ms)
		RebuildTransferFunctionScriptingTraits (0ms)
		AnalyzeDomain (19ms)
			TypeCache.Refresh (9ms)
				TypeCache.ScanAssembly (0ms)
			ScanForSourceGeneratedMonoScriptInfo (0ms)
			ResolveRequiredComponents (9ms)
	FinalizeReload (1813ms)
		ReleaseScriptCaches (0ms)
		RebuildScriptCaches (0ms)
		SetupLoadedEditorAssemblies (825ms)
			LogAssemblyErrors (0ms)
			InitializePlatformSupportModulesInManaged (34ms)
			SetLoadedEditorAssemblies (6ms)
			RefreshPlugins (0ms)
			BeforeProcessingInitializeOnLoad (118ms)
			ProcessInitializeOnLoadAttributes (601ms)
			ProcessInitializeOnLoadMethodAttributes (59ms)
			AfterProcessingInitializeOnLoad (7ms)
			EditorAssembliesLoaded (0ms)
		ExecutionOrderSort2 (0ms)
		AwakeInstancesAfterBackupRestoration (22ms)
Refreshing native plugins compatible for Editor in 6.31 ms, found 4 plugins.
Preloading 0 native plugins for Editor in 0.00 ms.
Unloading 4283 Unused Serialized files (Serialized files now loaded: 0)
Unloading 39 unused Assets / (1.0 MB). Loaded Objects now: 4965.
Memory consumption went from 148.6 MB to 147.6 MB.
Total: 6.006700 ms (FindLiveObjects: 0.469600 ms CreateObjectMapping: 0.157300 ms MarkObjects: 4.629600 ms  DeleteObjects: 0.748500 ms)

Prepare: number of updated asset objects reloaded= 0
AssetImportParameters requested are different than current active one (requested -> active):
  custom:container-demuxer-ogg: 62fdf1f143b41e24485cea50d1cbac27 -> 
  custom:video-decoder-ogg-theora: a1e56fd34408186e4bbccfd4996cb3dc -> 
  custom:framework-win-MediaFoundation: 216162199b28c13a410421893ffa2e32 -> 
  custom:CustomObjectIndexerAttribute: 9a22284fe3817be447336de3de66b15e -> 
  custom:scripting/monoscript/fileName/PauseManager.cs: 0396bd8b7e1a9bd823e7dab64ce9caf2 -> 
  custom:scripting/monoscript/fileName/UIManager.cs: 619f5747dc184f3577c898ec321c40d4 -> 
  custom:scripting/monoscript/fileName/Inventory.cs: 9e763594ef7e0ab7d608bf03e4de17b5 -> 8040a54c9928a06ca68d2588af0de046
  custom:container-demuxer-webm: 4f35f7cbe854078d1ac9338744f61a02 -> 
  custom:scripting/monoscript/fileName/Door.cs: 06c8567cd8937d8d56232f3de9b2d377 -> 89da75c00dd875a160d70ad71da9a2a1
  custom:container-muxer-webm: aa71ff27fc2769a1b78a27578f13a17b -> 
  custom:video-decoder-webm-vp8: 9c59270c3fd7afecdb556c50c9e8de78 -> 
  custom:SearchIndexIgnoredProperties: e643bd26f0fe6173181afceb89e7c659 -> 
  custom:AudioImporter_EditorPlatform: d09bf68614088b80899f8185d706f6e7 -> 
  custom:scripting/monoscript/fileName/PickupItem.cs: d1c0b8648b7d22ff1c12f52229084f6a -> 71d901a7943673c26b0527ad8f269cee
  custom:scripting/monoscript/fileName/Room.cs: d1c87f5a00c96902b5884b56b22265d6 -> 80712595f8242fc9e86128d3188cd0f1
  custom:scripting/monoscript/fileName/RoomManager.cs: 70017efd1ccd640cc235ecbd5526ad30 -> 579c8f6d2c175182baea4cac812896a0
  custom:video-encoder-webm-vp8: eb34c28f22e8b96e1ab97ce403110664 -> 
  custom:audio-decoder-ogg-vorbis: bf7c407c2cedff20999df2af8eb42d56 -> 
  custom:scripting/monoscript/fileName/Item.cs: c2b7fc65fe255f985743270ca947d8ec -> edfd25bbe8f561e55c7415f9c3adacfe
  custom:scripting/monoscript/fileName/PlayerMovement.cs: 5c1499cfc43e291157e191fb54bb34f9 -> 42480eed24e61f9d7e7e895933644f96
  custom:audio-encoder-webm-vorbis: bf7c407c2cedff20999df2af8eb42d56 -> 
  custom:scripting/precompiled-assembly-types:Assembly-CSharp: 896e92a63afa94734d5099c09f676eac -> bc112aba0faabf23127df56d2c562dad
========================================================================
Received Prepare
Caller must complete domain reload
Begin MonoManager ReloadAssembly
- Loaded All Assemblies, in  0.685 seconds
Native extension for WindowsStandalone target not found
Native extension for Android target not found
Mono: successfully reloaded assembly
- Finished resetting the current domain, in  1.676 seconds
Domain Reload Profiling: 2360ms
	BeginReloadAssembly (244ms)
		ExecutionOrderSort (0ms)
		DisableScriptedObjects (18ms)
		BackupInstance (0ms)
		ReleaseScriptingObjects (0ms)
		CreateAndSetChildDomain (45ms)
	RebuildCommonClasses (61ms)
	RebuildNativeTypeToScriptingClass (19ms)
	initialDomainReloadingComplete (43ms)
	LoadAllAssembliesAndSetupDomain (315ms)
		LoadAssemblies (434ms)
		RebuildTransferFunctionScriptingTraits (0ms)
		AnalyzeDomain (22ms)
			TypeCache.Refresh (8ms)
				TypeCache.ScanAssembly (0ms)
			ScanForSourceGeneratedMonoScriptInfo (0ms)
			ResolveRequiredComponents (12ms)
	FinalizeReload (1676ms)
		ReleaseScriptCaches (0ms)
		RebuildScriptCaches (0ms)
		SetupLoadedEditorAssemblies (787ms)
			LogAssemblyErrors (0ms)
			InitializePlatformSupportModulesInManaged (25ms)
			SetLoadedEditorAssemblies (7ms)
			RefreshPlugins (0ms)
			BeforeProcessingInitializeOnLoad (108ms)
			ProcessInitializeOnLoadAttributes (586ms)
			ProcessInitializeOnLoadMethodAttributes (56ms)
			AfterProcessingInitializeOnLoad (5ms)
			EditorAssembliesLoaded (0ms)
		ExecutionOrderSort2 (0ms)
		AwakeInstancesAfterBackupRestoration (22ms)
Refreshing native plugins compatible for Editor in 7.45 ms, found 4 plugins.
Preloading 0 native plugins for Editor in 0.00 ms.
Unloading 4283 Unused Serialized files (Serialized files now loaded: 0)
Unloading 39 unused Assets / (1.0 MB). Loaded Objects now: 4982.
Memory consumption went from 148.6 MB to 147.7 MB.
Total: 5.176000 ms (FindLiveObjects: 0.460200 ms CreateObjectMapping: 0.177000 ms MarkObjects: 3.860100 ms  DeleteObjects: 0.677400 ms)

Prepare: number of updated asset objects reloaded= 0
AssetImportParameters requested are different than current active one (requested -> active):
  custom:container-demuxer-ogg: 62fdf1f143b41e24485cea50d1cbac27 -> 
  custom:video-decoder-ogg-theora: a1e56fd34408186e4bbccfd4996cb3dc -> 
  custom:framework-win-MediaFoundation: 216162199b28c13a410421893ffa2e32 -> 
  custom:CustomObjectIndexerAttribute: 9a22284fe3817be447336de3de66b15e -> 
  custom:scripting/monoscript/fileName/PauseManager.cs: 0396bd8b7e1a9bd823e7dab64ce9caf2 -> 
  custom:scripting/monoscript/fileName/UIManager.cs: 619f5747dc184f3577c898ec321c40d4 -> 
  custom:scripting/monoscript/fileName/Inventory.cs: 9e763594ef7e0ab7d608bf03e4de17b5 -> 8040a54c9928a06ca68d2588af0de046
  custom:container-demuxer-webm: 4f35f7cbe854078d1ac9338744f61a02 -> 
  custom:scripting/monoscript/fileName/Door.cs: 06c8567cd8937d8d56232f3de9b2d377 -> 89da75c00dd875a160d70ad71da9a2a1
  custom:container-muxer-webm: aa71ff27fc2769a1b78a27578f13a17b -> 
  custom:video-decoder-webm-vp8: 9c59270c3fd7afecdb556c50c9e8de78 -> 
  custom:SearchIndexIgnoredProperties: e643bd26f0fe6173181afceb89e7c659 -> 
  custom:AudioImporter_EditorPlatform: d09bf68614088b80899f8185d706f6e7 -> 
  custom:scripting/monoscript/fileName/PickupItem.cs: d1c0b8648b7d22ff1c12f52229084f6a -> 71d901a7943673c26b0527ad8f269cee
  custom:scripting/monoscript/fileName/Room.cs: d1c87f5a00c96902b5884b56b22265d6 -> 80712595f8242fc9e86128d3188cd0f1
  custom:scripting/monoscript/fileName/RoomManager.cs: 70017efd1ccd640cc235ecbd5526ad30 -> 579c8f6d2c175182baea4cac812896a0
  custom:video-encoder-webm-vp8: eb34c28f22e8b96e1ab97ce403110664 -> 
  custom:audio-decoder-ogg-vorbis: bf7c407c2cedff20999df2af8eb42d56 -> 
  custom:scripting/monoscript/fileName/Item.cs: c2b7fc65fe255f985743270ca947d8ec -> edfd25bbe8f561e55c7415f9c3adacfe
  custom:scripting/monoscript/fileName/PlayerMovement.cs: 5c1499cfc43e291157e191fb54bb34f9 -> 42480eed24e61f9d7e7e895933644f96
  custom:audio-encoder-webm-vorbis: bf7c407c2cedff20999df2af8eb42d56 -> 
  custom:scripting/precompiled-assembly-types:Assembly-CSharp: 896e92a63afa94734d5099c09f676eac -> bc112aba0faabf23127df56d2c562dad
========================================================================
Received Prepare
Caller must complete domain reload
Begin MonoManager ReloadAssembly
- Loaded All Assemblies, in  0.753 seconds
Native extension for WindowsStandalone target not found
Native extension for Android target not found
Mono: successfully reloaded assembly
- Finished resetting the current domain, in  1.476 seconds
Domain Reload Profiling: 2228ms
	BeginReloadAssembly (310ms)
		ExecutionOrderSort (0ms)
		DisableScriptedObjects (26ms)
		BackupInstance (0ms)
		ReleaseScriptingObjects (0ms)
		CreateAndSetChildDomain (87ms)
	RebuildCommonClasses (50ms)
	RebuildNativeTypeToScriptingClass (16ms)
	initialDomainReloadingComplete (43ms)
	LoadAllAssembliesAndSetupDomain (333ms)
		LoadAssemblies (427ms)
		RebuildTransferFunctionScriptingTraits (0ms)
		AnalyzeDomain (40ms)
			TypeCache.Refresh (13ms)
				TypeCache.ScanAssembly (0ms)
			ScanForSourceGeneratedMonoScriptInfo (15ms)
			ResolveRequiredComponents (10ms)
	FinalizeReload (1477ms)
		ReleaseScriptCaches (0ms)
		RebuildScriptCaches (0ms)
		SetupLoadedEditorAssemblies (603ms)
			LogAssemblyErrors (0ms)
			InitializePlatformSupportModulesInManaged (23ms)
			SetLoadedEditorAssemblies (4ms)
			RefreshPlugins (0ms)
			BeforeProcessingInitializeOnLoad (90ms)
			ProcessInitializeOnLoadAttributes (439ms)
			ProcessInitializeOnLoadMethodAttributes (41ms)
			AfterProcessingInitializeOnLoad (4ms)
			EditorAssembliesLoaded (0ms)
		ExecutionOrderSort2 (0ms)
		AwakeInstancesAfterBackupRestoration (17ms)
Refreshing native plugins compatible for Editor in 5.80 ms, found 4 plugins.
Preloading 0 native plugins for Editor in 0.00 ms.
Unloading 4283 Unused Serialized files (Serialized files now loaded: 0)
Unloading 39 unused Assets / (1.0 MB). Loaded Objects now: 4999.
Memory consumption went from 148.7 MB to 147.7 MB.
Total: 5.468600 ms (FindLiveObjects: 0.492800 ms CreateObjectMapping: 0.149000 ms MarkObjects: 4.114000 ms  DeleteObjects: 0.711400 ms)

Prepare: number of updated asset objects reloaded= 0
AssetImportParameters requested are different than current active one (requested -> active):
  custom:container-demuxer-ogg: 62fdf1f143b41e24485cea50d1cbac27 -> 
  custom:video-decoder-ogg-theora: a1e56fd34408186e4bbccfd4996cb3dc -> 
  custom:framework-win-MediaFoundation: 216162199b28c13a410421893ffa2e32 -> 
  custom:CustomObjectIndexerAttribute: 9a22284fe3817be447336de3de66b15e -> 
  custom:scripting/monoscript/fileName/PauseManager.cs: 0396bd8b7e1a9bd823e7dab64ce9caf2 -> 
  custom:scripting/monoscript/fileName/UIManager.cs: 619f5747dc184f3577c898ec321c40d4 -> 
  custom:scripting/monoscript/fileName/Inventory.cs: 9e763594ef7e0ab7d608bf03e4de17b5 -> 8040a54c9928a06ca68d2588af0de046
  custom:container-demuxer-webm: 4f35f7cbe854078d1ac9338744f61a02 -> 
  custom:scripting/monoscript/fileName/Door.cs: 06c8567cd8937d8d56232f3de9b2d377 -> 89da75c00dd875a160d70ad71da9a2a1
  custom:container-muxer-webm: aa71ff27fc2769a1b78a27578f13a17b -> 
  custom:video-decoder-webm-vp8: 9c59270c3fd7afecdb556c50c9e8de78 -> 
  custom:SearchIndexIgnoredProperties: e643bd26f0fe6173181afceb89e7c659 -> 
  custom:AudioImporter_EditorPlatform: d09bf68614088b80899f8185d706f6e7 -> 
  custom:scripting/monoscript/fileName/PickupItem.cs: d1c0b8648b7d22ff1c12f52229084f6a -> 71d901a7943673c26b0527ad8f269cee
  custom:scripting/monoscript/fileName/Room.cs: d1c87f5a00c96902b5884b56b22265d6 -> 80712595f8242fc9e86128d3188cd0f1
  custom:scripting/monoscript/fileName/RoomManager.cs: 70017efd1ccd640cc235ecbd5526ad30 -> 579c8f6d2c175182baea4cac812896a0
  custom:video-encoder-webm-vp8: eb34c28f22e8b96e1ab97ce403110664 -> 
  custom:audio-decoder-ogg-vorbis: bf7c407c2cedff20999df2af8eb42d56 -> 
  custom:scripting/monoscript/fileName/Item.cs: c2b7fc65fe255f985743270ca947d8ec -> edfd25bbe8f561e55c7415f9c3adacfe
  custom:scripting/monoscript/fileName/PlayerMovement.cs: 5c1499cfc43e291157e191fb54bb34f9 -> 42480eed24e61f9d7e7e895933644f96
  custom:audio-encoder-webm-vorbis: bf7c407c2cedff20999df2af8eb42d56 -> 
  custom:scripting/precompiled-assembly-types:Assembly-CSharp: 896e92a63afa94734d5099c09f676eac -> bc112aba0faabf23127df56d2c562dad
========================================================================
Received Prepare
Caller must complete domain reload
Begin MonoManager ReloadAssembly
- Loaded All Assemblies, in  0.771 seconds
Native extension for WindowsStandalone target not found
Native extension for Android target not found
Mono: successfully reloaded assembly
- Finished resetting the current domain, in  1.815 seconds
Domain Reload Profiling: 2585ms
	BeginReloadAssembly (236ms)
		ExecutionOrderSort (0ms)
		DisableScriptedObjects (20ms)
		BackupInstance (0ms)
		ReleaseScriptingObjects (0ms)
		CreateAndSetChildDomain (49ms)
	RebuildCommonClasses (64ms)
	RebuildNativeTypeToScriptingClass (18ms)
	initialDomainReloadingComplete (49ms)
	LoadAllAssembliesAndSetupDomain (402ms)
		LoadAssemblies (499ms)
		RebuildTransferFunctionScriptingTraits (0ms)
		AnalyzeDomain (25ms)
			TypeCache.Refresh (10ms)
				TypeCache.ScanAssembly (0ms)
			ScanForSourceGeneratedMonoScriptInfo (0ms)
			ResolveRequiredComponents (13ms)
	FinalizeReload (1816ms)
		ReleaseScriptCaches (0ms)
		RebuildScriptCaches (0ms)
		SetupLoadedEditorAssemblies (693ms)
			LogAssemblyErrors (0ms)
			InitializePlatformSupportModulesInManaged (24ms)
			SetLoadedEditorAssemblies (6ms)
			RefreshPlugins (0ms)
			BeforeProcessingInitializeOnLoad (107ms)
			ProcessInitializeOnLoadAttributes (503ms)
			ProcessInitializeOnLoadMethodAttributes (50ms)
			AfterProcessingInitializeOnLoad (4ms)
			EditorAssembliesLoaded (0ms)
		ExecutionOrderSort2 (0ms)
		AwakeInstancesAfterBackupRestoration (19ms)
Refreshing native plugins compatible for Editor in 5.26 ms, found 4 plugins.
Preloading 0 native plugins for Editor in 0.00 ms.
Unloading 4283 Unused Serialized files (Serialized files now loaded: 0)
Unloading 39 unused Assets / (1.0 MB). Loaded Objects now: 5016.
Memory consumption went from 148.7 MB to 147.7 MB.
Total: 4.741800 ms (FindLiveObjects: 0.516200 ms CreateObjectMapping: 0.149000 ms MarkObjects: 3.372000 ms  DeleteObjects: 0.703100 ms)

Prepare: number of updated asset objects reloaded= 0
AssetImportParameters requested are different than current active one (requested -> active):
  custom:container-demuxer-ogg: 62fdf1f143b41e24485cea50d1cbac27 -> 
  custom:video-decoder-ogg-theora: a1e56fd34408186e4bbccfd4996cb3dc -> 
  custom:framework-win-MediaFoundation: 216162199b28c13a410421893ffa2e32 -> 
  custom:CustomObjectIndexerAttribute: 9a22284fe3817be447336de3de66b15e -> 
  custom:scripting/monoscript/fileName/PauseManager.cs: 0396bd8b7e1a9bd823e7dab64ce9caf2 -> 
  custom:scripting/monoscript/fileName/UIManager.cs: 619f5747dc184f3577c898ec321c40d4 -> 
  custom:scripting/monoscript/fileName/Inventory.cs: 9e763594ef7e0ab7d608bf03e4de17b5 -> 8040a54c9928a06ca68d2588af0de046
  custom:container-demuxer-webm: 4f35f7cbe854078d1ac9338744f61a02 -> 
  custom:scripting/monoscript/fileName/Door.cs: 06c8567cd8937d8d56232f3de9b2d377 -> 89da75c00dd875a160d70ad71da9a2a1
  custom:container-muxer-webm: aa71ff27fc2769a1b78a27578f13a17b -> 
  custom:video-decoder-webm-vp8: 9c59270c3fd7afecdb556c50c9e8de78 -> 
  custom:SearchIndexIgnoredProperties: e643bd26f0fe6173181afceb89e7c659 -> 
  custom:AudioImporter_EditorPlatform: d09bf68614088b80899f8185d706f6e7 -> 
  custom:scripting/monoscript/fileName/PickupItem.cs: d1c0b8648b7d22ff1c12f52229084f6a -> 71d901a7943673c26b0527ad8f269cee
  custom:scripting/monoscript/fileName/Room.cs: d1c87f5a00c96902b5884b56b22265d6 -> 80712595f8242fc9e86128d3188cd0f1
  custom:scripting/monoscript/fileName/RoomManager.cs: 70017efd1ccd640cc235ecbd5526ad30 -> 579c8f6d2c175182baea4cac812896a0
  custom:video-encoder-webm-vp8: eb34c28f22e8b96e1ab97ce403110664 -> 
  custom:audio-decoder-ogg-vorbis: bf7c407c2cedff20999df2af8eb42d56 -> 
  custom:scripting/monoscript/fileName/Item.cs: c2b7fc65fe255f985743270ca947d8ec -> edfd25bbe8f561e55c7415f9c3adacfe
  custom:scripting/monoscript/fileName/PlayerMovement.cs: 5c1499cfc43e291157e191fb54bb34f9 -> 42480eed24e61f9d7e7e895933644f96
  custom:audio-encoder-webm-vorbis: bf7c407c2cedff20999df2af8eb42d56 -> 
  custom:scripting/precompiled-assembly-types:Assembly-CSharp: 896e92a63afa94734d5099c09f676eac -> bc112aba0faabf23127df56d2c562dad
========================================================================
Received Prepare
Caller must complete domain reload
Begin MonoManager ReloadAssembly
- Loaded All Assemblies, in  0.640 seconds
Native extension for WindowsStandalone target not found
Native extension for Android target not found
Mono: successfully reloaded assembly
- Finished resetting the current domain, in  1.694 seconds
Domain Reload Profiling: 2333ms
	BeginReloadAssembly (228ms)
		ExecutionOrderSort (0ms)
		DisableScriptedObjects (20ms)
		BackupInstance (0ms)
		ReleaseScriptingObjects (0ms)
		CreateAndSetChildDomain (44ms)
	RebuildCommonClasses (53ms)
	RebuildNativeTypeToScriptingClass (23ms)
	initialDomainReloadingComplete (41ms)
	LoadAllAssembliesAndSetupDomain (293ms)
		LoadAssemblies (393ms)
		RebuildTransferFunctionScriptingTraits (0ms)
		AnalyzeDomain (23ms)
			TypeCache.Refresh (8ms)
				TypeCache.ScanAssembly (0ms)
			ScanForSourceGeneratedMonoScriptInfo (0ms)
			ResolveRequiredComponents (12ms)
	FinalizeReload (1694ms)
		ReleaseScriptCaches (0ms)
		RebuildScriptCaches (0ms)
		SetupLoadedEditorAssemblies (737ms)
			LogAssemblyErrors (0ms)
			InitializePlatformSupportModulesInManaged (27ms)
			SetLoadedEditorAssemblies (6ms)
			RefreshPlugins (0ms)
			BeforeProcessingInitializeOnLoad (117ms)
			ProcessInitializeOnLoadAttributes (526ms)
			ProcessInitializeOnLoadMethodAttributes (54ms)
			AfterProcessingInitializeOnLoad (7ms)
			EditorAssembliesLoaded (0ms)
		ExecutionOrderSort2 (0ms)
		AwakeInstancesAfterBackupRestoration (21ms)
Refreshing native plugins compatible for Editor in 6.19 ms, found 4 plugins.
Preloading 0 native plugins for Editor in 0.00 ms.
Unloading 4283 Unused Serialized files (Serialized files now loaded: 0)
Unloading 39 unused Assets / (1.0 MB). Loaded Objects now: 5033.
Memory consumption went from 148.7 MB to 147.7 MB.
Total: 6.291600 ms (FindLiveObjects: 0.690800 ms CreateObjectMapping: 0.667800 ms MarkObjects: 4.104800 ms  DeleteObjects: 0.826300 ms)

Prepare: number of updated asset objects reloaded= 0
AssetImportParameters requested are different than current active one (requested -> active):
  custom:container-demuxer-ogg: 62fdf1f143b41e24485cea50d1cbac27 -> 
  custom:video-decoder-ogg-theora: a1e56fd34408186e4bbccfd4996cb3dc -> 
  custom:framework-win-MediaFoundation: 216162199b28c13a410421893ffa2e32 -> 
  custom:CustomObjectIndexerAttribute: 9a22284fe3817be447336de3de66b15e -> 
  custom:scripting/monoscript/fileName/PauseManager.cs: 0396bd8b7e1a9bd823e7dab64ce9caf2 -> 
  custom:scripting/monoscript/fileName/UIManager.cs: 619f5747dc184f3577c898ec321c40d4 -> 
  custom:scripting/monoscript/fileName/Inventory.cs: 9e763594ef7e0ab7d608bf03e4de17b5 -> 8040a54c9928a06ca68d2588af0de046
  custom:container-demuxer-webm: 4f35f7cbe854078d1ac9338744f61a02 -> 
  custom:scripting/monoscript/fileName/Door.cs: 06c8567cd8937d8d56232f3de9b2d377 -> 89da75c00dd875a160d70ad71da9a2a1
  custom:container-muxer-webm: aa71ff27fc2769a1b78a27578f13a17b -> 
  custom:video-decoder-webm-vp8: 9c59270c3fd7afecdb556c50c9e8de78 -> 
  custom:SearchIndexIgnoredProperties: e643bd26f0fe6173181afceb89e7c659 -> 
  custom:AudioImporter_EditorPlatform: d09bf68614088b80899f8185d706f6e7 -> 
  custom:scripting/monoscript/fileName/PickupItem.cs: d1c0b8648b7d22ff1c12f52229084f6a -> 71d901a7943673c26b0527ad8f269cee
  custom:scripting/monoscript/fileName/Room.cs: d1c87f5a00c96902b5884b56b22265d6 -> 80712595f8242fc9e86128d3188cd0f1
  custom:scripting/monoscript/fileName/RoomManager.cs: 70017efd1ccd640cc235ecbd5526ad30 -> 579c8f6d2c175182baea4cac812896a0
  custom:video-encoder-webm-vp8: eb34c28f22e8b96e1ab97ce403110664 -> 
  custom:audio-decoder-ogg-vorbis: bf7c407c2cedff20999df2af8eb42d56 -> 
  custom:scripting/monoscript/fileName/Item.cs: c2b7fc65fe255f985743270ca947d8ec -> edfd25bbe8f561e55c7415f9c3adacfe
  custom:scripting/monoscript/fileName/PlayerMovement.cs: 5c1499cfc43e291157e191fb54bb34f9 -> 42480eed24e61f9d7e7e895933644f96
  custom:audio-encoder-webm-vorbis: bf7c407c2cedff20999df2af8eb42d56 -> 
  custom:scripting/precompiled-assembly-types:Assembly-CSharp: 896e92a63afa94734d5099c09f676eac -> bc112aba0faabf23127df56d2c562dad
========================================================================
Received Prepare
Caller must complete domain reload
Begin MonoManager ReloadAssembly
- Loaded All Assemblies, in  0.673 seconds
Native extension for WindowsStandalone target not found
Native extension for Android target not found
Mono: successfully reloaded assembly
- Finished resetting the current domain, in  1.550 seconds
Domain Reload Profiling: 2221ms
	BeginReloadAssembly (249ms)
		ExecutionOrderSort (0ms)
		DisableScriptedObjects (19ms)
		BackupInstance (0ms)
		ReleaseScriptingObjects (0ms)
		CreateAndSetChildDomain (48ms)
	RebuildCommonClasses (53ms)
	RebuildNativeTypeToScriptingClass (18ms)
	initialDomainReloadingComplete (44ms)
	LoadAllAssembliesAndSetupDomain (306ms)
		LoadAssemblies (413ms)
		RebuildTransferFunctionScriptingTraits (0ms)
		AnalyzeDomain (22ms)
			TypeCache.Refresh (7ms)
				TypeCache.ScanAssembly (0ms)
			ScanForSourceGeneratedMonoScriptInfo (0ms)
			ResolveRequiredComponents (12ms)
	FinalizeReload (1551ms)
		ReleaseScriptCaches (0ms)
		RebuildScriptCaches (0ms)
		SetupLoadedEditorAssemblies (706ms)
			LogAssemblyErrors (0ms)
			InitializePlatformSupportModulesInManaged (26ms)
			SetLoadedEditorAssemblies (5ms)
			RefreshPlugins (0ms)
			BeforeProcessingInitializeOnLoad (101ms)
			ProcessInitializeOnLoadAttributes (521ms)
			ProcessInitializeOnLoadMethodAttributes (48ms)
			AfterProcessingInitializeOnLoad (5ms)
			EditorAssembliesLoaded (0ms)
		ExecutionOrderSort2 (0ms)
		AwakeInstancesAfterBackupRestoration (23ms)
Refreshing native plugins compatible for Editor in 9.35 ms, found 4 plugins.
Preloading 0 native plugins for Editor in 0.00 ms.
Unloading 4283 Unused Serialized files (Serialized files now loaded: 0)
Unloading 39 unused Assets / (1.0 MB). Loaded Objects now: 5050.
Memory consumption went from 148.7 MB to 147.7 MB.
Total: 5.387200 ms (FindLiveObjects: 0.446500 ms CreateObjectMapping: 0.122300 ms MarkObjects: 3.834000 ms  DeleteObjects: 0.983000 ms)

Prepare: number of updated asset objects reloaded= 0
AssetImportParameters requested are different than current active one (requested -> active):
  custom:container-demuxer-ogg: 62fdf1f143b41e24485cea50d1cbac27 -> 
  custom:video-decoder-ogg-theora: a1e56fd34408186e4bbccfd4996cb3dc -> 
  custom:framework-win-MediaFoundation: 216162199b28c13a410421893ffa2e32 -> 
  custom:CustomObjectIndexerAttribute: 9a22284fe3817be447336de3de66b15e -> 
  custom:scripting/monoscript/fileName/PauseManager.cs: 0396bd8b7e1a9bd823e7dab64ce9caf2 -> 
  custom:scripting/monoscript/fileName/UIManager.cs: 619f5747dc184f3577c898ec321c40d4 -> 
  custom:scripting/monoscript/fileName/Inventory.cs: 9e763594ef7e0ab7d608bf03e4de17b5 -> 8040a54c9928a06ca68d2588af0de046
  custom:container-demuxer-webm: 4f35f7cbe854078d1ac9338744f61a02 -> 
  custom:scripting/monoscript/fileName/Door.cs: 06c8567cd8937d8d56232f3de9b2d377 -> 89da75c00dd875a160d70ad71da9a2a1
  custom:container-muxer-webm: aa71ff27fc2769a1b78a27578f13a17b -> 
  custom:video-decoder-webm-vp8: 9c59270c3fd7afecdb556c50c9e8de78 -> 
  custom:SearchIndexIgnoredProperties: e643bd26f0fe6173181afceb89e7c659 -> 
  custom:AudioImporter_EditorPlatform: d09bf68614088b80899f8185d706f6e7 -> 
  custom:scripting/monoscript/fileName/PickupItem.cs: d1c0b8648b7d22ff1c12f52229084f6a -> 71d901a7943673c26b0527ad8f269cee
  custom:scripting/monoscript/fileName/Room.cs: d1c87f5a00c96902b5884b56b22265d6 -> 80712595f8242fc9e86128d3188cd0f1
  custom:scripting/monoscript/fileName/RoomManager.cs: 70017efd1ccd640cc235ecbd5526ad30 -> 579c8f6d2c175182baea4cac812896a0
  custom:video-encoder-webm-vp8: eb34c28f22e8b96e1ab97ce403110664 -> 
  custom:audio-decoder-ogg-vorbis: bf7c407c2cedff20999df2af8eb42d56 -> 
  custom:scripting/monoscript/fileName/Item.cs: c2b7fc65fe255f985743270ca947d8ec -> edfd25bbe8f561e55c7415f9c3adacfe
  custom:scripting/monoscript/fileName/PlayerMovement.cs: 5c1499cfc43e291157e191fb54bb34f9 -> 42480eed24e61f9d7e7e895933644f96
  custom:audio-encoder-webm-vorbis: bf7c407c2cedff20999df2af8eb42d56 -> 
  custom:scripting/precompiled-assembly-types:Assembly-CSharp: 896e92a63afa94734d5099c09f676eac -> bc112aba0faabf23127df56d2c562dad
========================================================================
Received Prepare
Caller must complete domain reload
Begin MonoManager ReloadAssembly
- Loaded All Assemblies, in  0.659 seconds
Native extension for WindowsStandalone target not found
Native extension for Android target not found
Mono: successfully reloaded assembly
- Finished resetting the current domain, in  1.635 seconds
Domain Reload Profiling: 2293ms
	BeginReloadAssembly (236ms)
		ExecutionOrderSort (0ms)
		DisableScriptedObjects (16ms)
		BackupInstance (0ms)
		ReleaseScriptingObjects (0ms)
		CreateAndSetChildDomain (45ms)
	RebuildCommonClasses (51ms)
	RebuildNativeTypeToScriptingClass (22ms)
	initialDomainReloadingComplete (43ms)
	LoadAllAssembliesAndSetupDomain (304ms)
		LoadAssemblies (422ms)
		RebuildTransferFunctionScriptingTraits (0ms)
		AnalyzeDomain (20ms)
			TypeCache.Refresh (8ms)
				TypeCache.ScanAssembly (0ms)
			ScanForSourceGeneratedMonoScriptInfo (0ms)
			ResolveRequiredComponents (11ms)
	FinalizeReload (1636ms)
		ReleaseScriptCaches (0ms)
		RebuildScriptCaches (0ms)
		SetupLoadedEditorAssemblies (688ms)
			LogAssemblyErrors (0ms)
			InitializePlatformSupportModulesInManaged (26ms)
			SetLoadedEditorAssemblies (6ms)
			RefreshPlugins (0ms)
			BeforeProcessingInitializeOnLoad (98ms)
			ProcessInitializeOnLoadAttributes (506ms)
			ProcessInitializeOnLoadMethodAttributes (47ms)
			AfterProcessingInitializeOnLoad (4ms)
			EditorAssembliesLoaded (0ms)
		ExecutionOrderSort2 (0ms)
		AwakeInstancesAfterBackupRestoration (17ms)
Refreshing native plugins compatible for Editor in 5.28 ms, found 4 plugins.
Preloading 0 native plugins for Editor in 0.00 ms.
Unloading 4283 Unused Serialized files (Serialized files now loaded: 0)
Unloading 39 unused Assets / (1.0 MB). Loaded Objects now: 5067.
Memory consumption went from 148.7 MB to 147.7 MB.
Total: 6.619800 ms (FindLiveObjects: 0.496800 ms CreateObjectMapping: 0.196100 ms MarkObjects: 4.902600 ms  DeleteObjects: 1.022200 ms)

Prepare: number of updated asset objects reloaded= 0
AssetImportParameters requested are different than current active one (requested -> active):
  custom:container-demuxer-ogg: 62fdf1f143b41e24485cea50d1cbac27 -> 
  custom:video-decoder-ogg-theora: a1e56fd34408186e4bbccfd4996cb3dc -> 
  custom:framework-win-MediaFoundation: 216162199b28c13a410421893ffa2e32 -> 
  custom:CustomObjectIndexerAttribute: 9a22284fe3817be447336de3de66b15e -> 
  custom:scripting/monoscript/fileName/PauseManager.cs: 0396bd8b7e1a9bd823e7dab64ce9caf2 -> 
  custom:scripting/monoscript/fileName/UIManager.cs: 619f5747dc184f3577c898ec321c40d4 -> 
  custom:scripting/monoscript/fileName/Inventory.cs: 9e763594ef7e0ab7d608bf03e4de17b5 -> 8040a54c9928a06ca68d2588af0de046
  custom:container-demuxer-webm: 4f35f7cbe854078d1ac9338744f61a02 -> 
  custom:scripting/monoscript/fileName/Door.cs: 06c8567cd8937d8d56232f3de9b2d377 -> 89da75c00dd875a160d70ad71da9a2a1
  custom:container-muxer-webm: aa71ff27fc2769a1b78a27578f13a17b -> 
  custom:video-decoder-webm-vp8: 9c59270c3fd7afecdb556c50c9e8de78 -> 
  custom:SearchIndexIgnoredProperties: e643bd26f0fe6173181afceb89e7c659 -> 
  custom:AudioImporter_EditorPlatform: d09bf68614088b80899f8185d706f6e7 -> 
  custom:scripting/monoscript/fileName/PickupItem.cs: d1c0b8648b7d22ff1c12f52229084f6a -> 71d901a7943673c26b0527ad8f269cee
  custom:scripting/monoscript/fileName/Room.cs: d1c87f5a00c96902b5884b56b22265d6 -> 80712595f8242fc9e86128d3188cd0f1
  custom:scripting/monoscript/fileName/RoomManager.cs: 70017efd1ccd640cc235ecbd5526ad30 -> 579c8f6d2c175182baea4cac812896a0
  custom:video-encoder-webm-vp8: eb34c28f22e8b96e1ab97ce403110664 -> 
  custom:audio-decoder-ogg-vorbis: bf7c407c2cedff20999df2af8eb42d56 -> 
  custom:scripting/monoscript/fileName/Item.cs: c2b7fc65fe255f985743270ca947d8ec -> edfd25bbe8f561e55c7415f9c3adacfe
  custom:scripting/monoscript/fileName/PlayerMovement.cs: 5c1499cfc43e291157e191fb54bb34f9 -> 42480eed24e61f9d7e7e895933644f96
  custom:audio-encoder-webm-vorbis: bf7c407c2cedff20999df2af8eb42d56 -> 
  custom:scripting/precompiled-assembly-types:Assembly-CSharp: 896e92a63afa94734d5099c09f676eac -> bc112aba0faabf23127df56d2c562dad
========================================================================
Received Prepare
Caller must complete domain reload
Begin MonoManager ReloadAssembly
- Loaded All Assemblies, in  0.663 seconds
Native extension for WindowsStandalone target not found
Native extension for Android target not found
Mono: successfully reloaded assembly
- Finished resetting the current domain, in  1.825 seconds
Domain Reload Profiling: 2487ms
	BeginReloadAssembly (214ms)
		ExecutionOrderSort (0ms)
		DisableScriptedObjects (22ms)
		BackupInstance (0ms)
		ReleaseScriptingObjects (0ms)
		CreateAndSetChildDomain (38ms)
	RebuildCommonClasses (57ms)
	RebuildNativeTypeToScriptingClass (16ms)
	initialDomainReloadingComplete (44ms)
	LoadAllAssembliesAndSetupDomain (331ms)
		LoadAssemblies (404ms)
		RebuildTransferFunctionScriptingTraits (0ms)
		AnalyzeDomain (42ms)
			TypeCache.Refresh (11ms)
				TypeCache.ScanAssembly (0ms)
			ScanForSourceGeneratedMonoScriptInfo (18ms)
			ResolveRequiredComponents (11ms)
	FinalizeReload (1826ms)
		ReleaseScriptCaches (0ms)
		RebuildScriptCaches (0ms)
		SetupLoadedEditorAssemblies (771ms)
			LogAssemblyErrors (0ms)
			InitializePlatformSupportModulesInManaged (28ms)
			SetLoadedEditorAssemblies (6ms)
			RefreshPlugins (0ms)
			BeforeProcessingInitializeOnLoad (114ms)
			ProcessInitializeOnLoadAttributes (556ms)
			ProcessInitializeOnLoadMethodAttributes (60ms)
			AfterProcessingInitializeOnLoad (7ms)
			EditorAssembliesLoaded (0ms)
		ExecutionOrderSort2 (0ms)
		AwakeInstancesAfterBackupRestoration (20ms)
Refreshing native plugins compatible for Editor in 6.49 ms, found 4 plugins.
Preloading 0 native plugins for Editor in 0.00 ms.
Unloading 4283 Unused Serialized files (Serialized files now loaded: 0)
Unloading 39 unused Assets / (1.0 MB). Loaded Objects now: 5084.
Memory consumption went from 148.7 MB to 147.8 MB.
Total: 5.881300 ms (FindLiveObjects: 0.613100 ms CreateObjectMapping: 0.365400 ms MarkObjects: 4.182500 ms  DeleteObjects: 0.718900 ms)

Prepare: number of updated asset objects reloaded= 0
AssetImportParameters requested are different than current active one (requested -> active):
  custom:container-demuxer-ogg: 62fdf1f143b41e24485cea50d1cbac27 -> 
  custom:video-decoder-ogg-theora: a1e56fd34408186e4bbccfd4996cb3dc -> 
  custom:framework-win-MediaFoundation: 216162199b28c13a410421893ffa2e32 -> 
  custom:CustomObjectIndexerAttribute: 9a22284fe3817be447336de3de66b15e -> 
  custom:scripting/monoscript/fileName/PauseManager.cs: 0396bd8b7e1a9bd823e7dab64ce9caf2 -> 
  custom:scripting/monoscript/fileName/UIManager.cs: 619f5747dc184f3577c898ec321c40d4 -> 
  custom:scripting/monoscript/fileName/Inventory.cs: 9e763594ef7e0ab7d608bf03e4de17b5 -> 8040a54c9928a06ca68d2588af0de046
  custom:container-demuxer-webm: 4f35f7cbe854078d1ac9338744f61a02 -> 
  custom:scripting/monoscript/fileName/Door.cs: 06c8567cd8937d8d56232f3de9b2d377 -> 89da75c00dd875a160d70ad71da9a2a1
  custom:container-muxer-webm: aa71ff27fc2769a1b78a27578f13a17b -> 
  custom:video-decoder-webm-vp8: 9c59270c3fd7afecdb556c50c9e8de78 -> 
  custom:SearchIndexIgnoredProperties: e643bd26f0fe6173181afceb89e7c659 -> 
  custom:AudioImporter_EditorPlatform: d09bf68614088b80899f8185d706f6e7 -> 
  custom:scripting/monoscript/fileName/PickupItem.cs: d1c0b8648b7d22ff1c12f52229084f6a -> 71d901a7943673c26b0527ad8f269cee
  custom:scripting/monoscript/fileName/Room.cs: d1c87f5a00c96902b5884b56b22265d6 -> 80712595f8242fc9e86128d3188cd0f1
  custom:scripting/monoscript/fileName/RoomManager.cs: 70017efd1ccd640cc235ecbd5526ad30 -> 579c8f6d2c175182baea4cac812896a0
  custom:video-encoder-webm-vp8: eb34c28f22e8b96e1ab97ce403110664 -> 
  custom:audio-decoder-ogg-vorbis: bf7c407c2cedff20999df2af8eb42d56 -> 
  custom:scripting/monoscript/fileName/Item.cs: c2b7fc65fe255f985743270ca947d8ec -> edfd25bbe8f561e55c7415f9c3adacfe
  custom:scripting/monoscript/fileName/PlayerMovement.cs: 5c1499cfc43e291157e191fb54bb34f9 -> 42480eed24e61f9d7e7e895933644f96
  custom:audio-encoder-webm-vorbis: bf7c407c2cedff20999df2af8eb42d56 -> 
  custom:scripting/precompiled-assembly-types:Assembly-CSharp: 896e92a63afa94734d5099c09f676eac -> bc112aba0faabf23127df56d2c562dad
========================================================================
Received Import Request.
  Time since last request: 710.948256 seconds.
  path: Assets/Scripts/UIManager.cs
  artifactKey: Guid(1aafcf3133eb0ee40a8d03ed8cba5424) Importer(815301076,1909f56bfc062723c751e8b465ee728b)
Start importing Assets/Scripts/UIManager.cs using Guid(1aafcf3133eb0ee40a8d03ed8cba5424) Importer(815301076,1909f56bfc062723c751e8b465ee728b) [PhysX] Initialized MultithreadedTaskDispatcher with 12 workers.
 -> (artifact id: 'c9cf15c91bc9279a31d5607c16c42135') in 0.002889 seconds
Number of updated asset objects reloaded before import = 0
Number of asset objects unloaded after import = 0
========================================================================
Received Prepare
Caller must complete domain reload
Begin MonoManager ReloadAssembly
- Loaded All Assemblies, in  0.648 seconds
Native extension for WindowsStandalone target not found
Native extension for Android target not found
Mono: successfully reloaded assembly
- Finished resetting the current domain, in  1.566 seconds
Domain Reload Profiling: 2212ms
	BeginReloadAssembly (238ms)
		ExecutionOrderSort (0ms)
		DisableScriptedObjects (18ms)
		BackupInstance (0ms)
		ReleaseScriptingObjects (0ms)
		CreateAndSetChildDomain (41ms)
	RebuildCommonClasses (55ms)
	RebuildNativeTypeToScriptingClass (22ms)
	initialDomainReloadingComplete (42ms)
	LoadAllAssembliesAndSetupDomain (289ms)
		LoadAssemblies (411ms)
		RebuildTransferFunctionScriptingTraits (0ms)
		AnalyzeDomain (18ms)
			TypeCache.Refresh (7ms)
				TypeCache.ScanAssembly (0ms)
			ScanForSourceGeneratedMonoScriptInfo (0ms)
			ResolveRequiredComponents (10ms)
	FinalizeReload (1567ms)
		ReleaseScriptCaches (0ms)
		RebuildScriptCaches (0ms)
		SetupLoadedEditorAssemblies (714ms)
			LogAssemblyErrors (0ms)
			InitializePlatformSupportModulesInManaged (26ms)
			SetLoadedEditorAssemblies (4ms)
			RefreshPlugins (0ms)
			BeforeProcessingInitializeOnLoad (104ms)
			ProcessInitializeOnLoadAttributes (520ms)
			ProcessInitializeOnLoadMethodAttributes (53ms)
			AfterProcessingInitializeOnLoad (6ms)
			EditorAssembliesLoaded (1ms)
		ExecutionOrderSort2 (0ms)
		AwakeInstancesAfterBackupRestoration (20ms)
Refreshing native plugins compatible for Editor in 5.83 ms, found 4 plugins.
Preloading 0 native plugins for Editor in 0.00 ms.
Unloading 4282 Unused Serialized files (Serialized files now loaded: 0)
Unloading 39 unused Assets / (1.0 MB). Loaded Objects now: 5101.
Memory consumption went from 148.5 MB to 147.5 MB.
Total: 5.534400 ms (FindLiveObjects: 0.614700 ms CreateObjectMapping: 0.271800 ms MarkObjects: 4.067700 ms  DeleteObjects: 0.578400 ms)

Prepare: number of updated asset objects reloaded= 0
AssetImportParameters requested are different than current active one (requested -> active):
  custom:container-demuxer-ogg: 62fdf1f143b41e24485cea50d1cbac27 -> 
  custom:video-decoder-ogg-theora: a1e56fd34408186e4bbccfd4996cb3dc -> 
  custom:framework-win-MediaFoundation: 216162199b28c13a410421893ffa2e32 -> 
  custom:CustomObjectIndexerAttribute: 9a22284fe3817be447336de3de66b15e -> 
  custom:scripting/monoscript/fileName/PauseManager.cs: 0396bd8b7e1a9bd823e7dab64ce9caf2 -> 
  custom:scripting/monoscript/fileName/UIManager.cs: 619f5747dc184f3577c898ec321c40d4 -> 
  custom:scripting/monoscript/fileName/Inventory.cs: 9e763594ef7e0ab7d608bf03e4de17b5 -> 8040a54c9928a06ca68d2588af0de046
  custom:container-demuxer-webm: 4f35f7cbe854078d1ac9338744f61a02 -> 
  custom:scripting/monoscript/fileName/Door.cs: 06c8567cd8937d8d56232f3de9b2d377 -> 89da75c00dd875a160d70ad71da9a2a1
  custom:container-muxer-webm: aa71ff27fc2769a1b78a27578f13a17b -> 
  custom:video-decoder-webm-vp8: 9c59270c3fd7afecdb556c50c9e8de78 -> 
  custom:SearchIndexIgnoredProperties: e643bd26f0fe6173181afceb89e7c659 -> 
  custom:AudioImporter_EditorPlatform: d09bf68614088b80899f8185d706f6e7 -> 
  custom:scripting/monoscript/fileName/PickupItem.cs: d1c0b8648b7d22ff1c12f52229084f6a -> 71d901a7943673c26b0527ad8f269cee
  custom:scripting/monoscript/fileName/Room.cs: d1c87f5a00c96902b5884b56b22265d6 -> 80712595f8242fc9e86128d3188cd0f1
  custom:scripting/monoscript/fileName/RoomManager.cs: 70017efd1ccd640cc235ecbd5526ad30 -> 579c8f6d2c175182baea4cac812896a0
  custom:video-encoder-webm-vp8: eb34c28f22e8b96e1ab97ce403110664 -> 
  custom:audio-decoder-ogg-vorbis: bf7c407c2cedff20999df2af8eb42d56 -> 
  custom:scripting/monoscript/fileName/Item.cs: c2b7fc65fe255f985743270ca947d8ec -> edfd25bbe8f561e55c7415f9c3adacfe
  custom:scripting/monoscript/fileName/PlayerMovement.cs: 5c1499cfc43e291157e191fb54bb34f9 -> 42480eed24e61f9d7e7e895933644f96
  custom:audio-encoder-webm-vorbis: bf7c407c2cedff20999df2af8eb42d56 -> 
  custom:scripting/precompiled-assembly-types:Assembly-CSharp: 896e92a63afa94734d5099c09f676eac -> bc112aba0faabf23127df56d2c562dad
========================================================================
Received Prepare
Caller must complete domain reload
Begin MonoManager ReloadAssembly
- Loaded All Assemblies, in  0.639 seconds
Native extension for WindowsStandalone target not found
Native extension for Android target not found
Mono: successfully reloaded assembly
- Finished resetting the current domain, in  1.564 seconds
Domain Reload Profiling: 2202ms
	BeginReloadAssembly (230ms)
		ExecutionOrderSort (0ms)
		DisableScriptedObjects (15ms)
		BackupInstance (0ms)
		ReleaseScriptingObjects (0ms)
		CreateAndSetChildDomain (41ms)
	RebuildCommonClasses (58ms)
	RebuildNativeTypeToScriptingClass (16ms)
	initialDomainReloadingComplete (44ms)
	LoadAllAssembliesAndSetupDomain (290ms)
		LoadAssemblies (405ms)
		RebuildTransferFunctionScriptingTraits (0ms)
		AnalyzeDomain (19ms)
			TypeCache.Refresh (7ms)
				TypeCache.ScanAssembly (0ms)
			ScanForSourceGeneratedMonoScriptInfo (0ms)
			ResolveRequiredComponents (10ms)
	FinalizeReload (1565ms)
		ReleaseScriptCaches (0ms)
		RebuildScriptCaches (0ms)
		SetupLoadedEditorAssemblies (707ms)
			LogAssemblyErrors (0ms)
			InitializePlatformSupportModulesInManaged (24ms)
			SetLoadedEditorAssemblies (4ms)
			RefreshPlugins (0ms)
			BeforeProcessingInitializeOnLoad (109ms)
			ProcessInitializeOnLoadAttributes (510ms)
			ProcessInitializeOnLoadMethodAttributes (53ms)
			AfterProcessingInitializeOnLoad (6ms)
			EditorAssembliesLoaded (1ms)
		ExecutionOrderSort2 (0ms)
		AwakeInstancesAfterBackupRestoration (21ms)
Refreshing native plugins compatible for Editor in 7.35 ms, found 4 plugins.
Preloading 0 native plugins for Editor in 0.00 ms.
Unloading 4283 Unused Serialized files (Serialized files now loaded: 0)
Unloading 39 unused Assets / (1.0 MB). Loaded Objects now: 5118.
Memory consumption went from 148.8 MB to 147.8 MB.
Total: 6.192300 ms (FindLiveObjects: 0.568300 ms CreateObjectMapping: 0.241500 ms MarkObjects: 4.437100 ms  DeleteObjects: 0.943900 ms)

Prepare: number of updated asset objects reloaded= 0
AssetImportParameters requested are different than current active one (requested -> active):
  custom:container-demuxer-ogg: 62fdf1f143b41e24485cea50d1cbac27 -> 
  custom:video-decoder-ogg-theora: a1e56fd34408186e4bbccfd4996cb3dc -> 
  custom:framework-win-MediaFoundation: 216162199b28c13a410421893ffa2e32 -> 
  custom:CustomObjectIndexerAttribute: 9a22284fe3817be447336de3de66b15e -> 
  custom:scripting/monoscript/fileName/PauseManager.cs: 0396bd8b7e1a9bd823e7dab64ce9caf2 -> 
  custom:scripting/monoscript/fileName/UIManager.cs: 619f5747dc184f3577c898ec321c40d4 -> 
  custom:scripting/monoscript/fileName/Inventory.cs: 9e763594ef7e0ab7d608bf03e4de17b5 -> 8040a54c9928a06ca68d2588af0de046
  custom:container-demuxer-webm: 4f35f7cbe854078d1ac9338744f61a02 -> 
  custom:scripting/monoscript/fileName/Door.cs: 06c8567cd8937d8d56232f3de9b2d377 -> 89da75c00dd875a160d70ad71da9a2a1
  custom:container-muxer-webm: aa71ff27fc2769a1b78a27578f13a17b -> 
  custom:video-decoder-webm-vp8: 9c59270c3fd7afecdb556c50c9e8de78 -> 
  custom:SearchIndexIgnoredProperties: e643bd26f0fe6173181afceb89e7c659 -> 
  custom:AudioImporter_EditorPlatform: d09bf68614088b80899f8185d706f6e7 -> 
  custom:scripting/monoscript/fileName/PickupItem.cs: d1c0b8648b7d22ff1c12f52229084f6a -> 71d901a7943673c26b0527ad8f269cee
  custom:scripting/monoscript/fileName/Room.cs: d1c87f5a00c96902b5884b56b22265d6 -> 80712595f8242fc9e86128d3188cd0f1
  custom:scripting/monoscript/fileName/RoomManager.cs: 70017efd1ccd640cc235ecbd5526ad30 -> 579c8f6d2c175182baea4cac812896a0
  custom:video-encoder-webm-vp8: eb34c28f22e8b96e1ab97ce403110664 -> 
  custom:audio-decoder-ogg-vorbis: bf7c407c2cedff20999df2af8eb42d56 -> 
  custom:scripting/monoscript/fileName/Item.cs: c2b7fc65fe255f985743270ca947d8ec -> edfd25bbe8f561e55c7415f9c3adacfe
  custom:scripting/monoscript/fileName/PlayerMovement.cs: 5c1499cfc43e291157e191fb54bb34f9 -> 42480eed24e61f9d7e7e895933644f96
  custom:audio-encoder-webm-vorbis: bf7c407c2cedff20999df2af8eb42d56 -> 
  custom:scripting/precompiled-assembly-types:Assembly-CSharp: 896e92a63afa94734d5099c09f676eac -> bc112aba0faabf23127df56d2c562dad
========================================================================
Received Prepare
Caller must complete domain reload
Begin MonoManager ReloadAssembly
- Loaded All Assemblies, in  0.659 seconds
Native extension for WindowsStandalone target not found
Native extension for Android target not found
Mono: successfully reloaded assembly
- Finished resetting the current domain, in  1.585 seconds
Domain Reload Profiling: 2243ms
	BeginReloadAssembly (229ms)
		ExecutionOrderSort (0ms)
		DisableScriptedObjects (19ms)
		BackupInstance (0ms)
		ReleaseScriptingObjects (0ms)
		CreateAndSetChildDomain (39ms)
	RebuildCommonClasses (54ms)
	RebuildNativeTypeToScriptingClass (20ms)
	initialDomainReloadingComplete (45ms)
	LoadAllAssembliesAndSetupDomain (310ms)
		LoadAssemblies (411ms)
		RebuildTransferFunctionScriptingTraits (0ms)
		AnalyzeDomain (25ms)
			TypeCache.Refresh (9ms)
				TypeCache.ScanAssembly (0ms)
			ScanForSourceGeneratedMonoScriptInfo (0ms)
			ResolveRequiredComponents (14ms)
	FinalizeReload (1585ms)
		ReleaseScriptCaches (0ms)
		RebuildScriptCaches (0ms)
		SetupLoadedEditorAssemblies (727ms)
			LogAssemblyErrors (0ms)
			InitializePlatformSupportModulesInManaged (24ms)
			SetLoadedEditorAssemblies (4ms)
			RefreshPlugins (0ms)
			BeforeProcessingInitializeOnLoad (101ms)
			ProcessInitializeOnLoadAttributes (534ms)
			ProcessInitializeOnLoadMethodAttributes (57ms)
			AfterProcessingInitializeOnLoad (6ms)
			EditorAssembliesLoaded (0ms)
		ExecutionOrderSort2 (0ms)
		AwakeInstancesAfterBackupRestoration (19ms)
Refreshing native plugins compatible for Editor in 6.76 ms, found 4 plugins.
Preloading 0 native plugins for Editor in 0.00 ms.
Unloading 4283 Unused Serialized files (Serialized files now loaded: 0)
Unloading 39 unused Assets / (1.0 MB). Loaded Objects now: 5135.
Memory consumption went from 148.8 MB to 147.8 MB.
Total: 5.837000 ms (FindLiveObjects: 0.572600 ms CreateObjectMapping: 0.196500 ms MarkObjects: 4.360900 ms  DeleteObjects: 0.705400 ms)

Prepare: number of updated asset objects reloaded= 0
AssetImportParameters requested are different than current active one (requested -> active):
  custom:container-demuxer-ogg: 62fdf1f143b41e24485cea50d1cbac27 -> 
  custom:video-decoder-ogg-theora: a1e56fd34408186e4bbccfd4996cb3dc -> 
  custom:framework-win-MediaFoundation: 216162199b28c13a410421893ffa2e32 -> 
  custom:CustomObjectIndexerAttribute: 9a22284fe3817be447336de3de66b15e -> 
  custom:scripting/monoscript/fileName/PauseManager.cs: 0396bd8b7e1a9bd823e7dab64ce9caf2 -> 
  custom:scripting/monoscript/fileName/UIManager.cs: 619f5747dc184f3577c898ec321c40d4 -> 
  custom:scripting/monoscript/fileName/Inventory.cs: 9e763594ef7e0ab7d608bf03e4de17b5 -> 8040a54c9928a06ca68d2588af0de046
  custom:container-demuxer-webm: 4f35f7cbe854078d1ac9338744f61a02 -> 
  custom:scripting/monoscript/fileName/Door.cs: 06c8567cd8937d8d56232f3de9b2d377 -> 89da75c00dd875a160d70ad71da9a2a1
  custom:container-muxer-webm: aa71ff27fc2769a1b78a27578f13a17b -> 
  custom:video-decoder-webm-vp8: 9c59270c3fd7afecdb556c50c9e8de78 -> 
  custom:SearchIndexIgnoredProperties: e643bd26f0fe6173181afceb89e7c659 -> 
  custom:AudioImporter_EditorPlatform: d09bf68614088b80899f8185d706f6e7 -> 
  custom:scripting/monoscript/fileName/PickupItem.cs: d1c0b8648b7d22ff1c12f52229084f6a -> 71d901a7943673c26b0527ad8f269cee
  custom:scripting/monoscript/fileName/Room.cs: d1c87f5a00c96902b5884b56b22265d6 -> 80712595f8242fc9e86128d3188cd0f1
  custom:scripting/monoscript/fileName/RoomManager.cs: 70017efd1ccd640cc235ecbd5526ad30 -> 579c8f6d2c175182baea4cac812896a0
  custom:video-encoder-webm-vp8: eb34c28f22e8b96e1ab97ce403110664 -> 
  custom:audio-decoder-ogg-vorbis: bf7c407c2cedff20999df2af8eb42d56 -> 
  custom:scripting/monoscript/fileName/Item.cs: c2b7fc65fe255f985743270ca947d8ec -> edfd25bbe8f561e55c7415f9c3adacfe
  custom:scripting/monoscript/fileName/PlayerMovement.cs: 5c1499cfc43e291157e191fb54bb34f9 -> 42480eed24e61f9d7e7e895933644f96
  custom:audio-encoder-webm-vorbis: bf7c407c2cedff20999df2af8eb42d56 -> 
  custom:scripting/precompiled-assembly-types:Assembly-CSharp: 896e92a63afa94734d5099c09f676eac -> bc112aba0faabf23127df56d2c562dad
========================================================================
Received Prepare
Caller must complete domain reload
Begin MonoManager ReloadAssembly
- Loaded All Assemblies, in  0.627 seconds
Native extension for WindowsStandalone target not found
Native extension for Android target not found
Mono: successfully reloaded assembly
- Finished resetting the current domain, in  1.592 seconds
Domain Reload Profiling: 2218ms
	BeginReloadAssembly (231ms)
		ExecutionOrderSort (0ms)
		DisableScriptedObjects (16ms)
		BackupInstance (0ms)
		ReleaseScriptingObjects (0ms)
		CreateAndSetChildDomain (39ms)
	RebuildCommonClasses (62ms)
	RebuildNativeTypeToScriptingClass (19ms)
	initialDomainReloadingComplete (36ms)
	LoadAllAssembliesAndSetupDomain (277ms)
		LoadAssemblies (388ms)
		RebuildTransferFunctionScriptingTraits (0ms)
		AnalyzeDomain (17ms)
			TypeCache.Refresh (7ms)
				TypeCache.ScanAssembly (0ms)
			ScanForSourceGeneratedMonoScriptInfo (0ms)
			ResolveRequiredComponents (9ms)
	FinalizeReload (1593ms)
		ReleaseScriptCaches (0ms)
		RebuildScriptCaches (0ms)
		SetupLoadedEditorAssemblies (723ms)
			LogAssemblyErrors (0ms)
			InitializePlatformSupportModulesInManaged (26ms)
			SetLoadedEditorAssemblies (6ms)
			RefreshPlugins (0ms)
			BeforeProcessingInitializeOnLoad (109ms)
			ProcessInitializeOnLoadAttributes (521ms)
			ProcessInitializeOnLoadMethodAttributes (54ms)
			AfterProcessingInitializeOnLoad (6ms)
			EditorAssembliesLoaded (0ms)
		ExecutionOrderSort2 (0ms)
		AwakeInstancesAfterBackupRestoration (19ms)
Refreshing native plugins compatible for Editor in 4.77 ms, found 4 plugins.
Preloading 0 native plugins for Editor in 0.00 ms.
Unloading 4283 Unused Serialized files (Serialized files now loaded: 0)
Unloading 39 unused Assets / (1.0 MB). Loaded Objects now: 5152.
Memory consumption went from 148.8 MB to 147.8 MB.
Total: 5.267500 ms (FindLiveObjects: 0.439300 ms CreateObjectMapping: 0.119100 ms MarkObjects: 4.100700 ms  DeleteObjects: 0.606800 ms)

Prepare: number of updated asset objects reloaded= 0
AssetImportParameters requested are different than current active one (requested -> active):
  custom:container-demuxer-ogg: 62fdf1f143b41e24485cea50d1cbac27 -> 
  custom:video-decoder-ogg-theora: a1e56fd34408186e4bbccfd4996cb3dc -> 
  custom:framework-win-MediaFoundation: 216162199b28c13a410421893ffa2e32 -> 
  custom:CustomObjectIndexerAttribute: 9a22284fe3817be447336de3de66b15e -> 
  custom:scripting/monoscript/fileName/PauseManager.cs: 0396bd8b7e1a9bd823e7dab64ce9caf2 -> 
  custom:scripting/monoscript/fileName/UIManager.cs: 619f5747dc184f3577c898ec321c40d4 -> 
  custom:scripting/monoscript/fileName/Inventory.cs: 9e763594ef7e0ab7d608bf03e4de17b5 -> 8040a54c9928a06ca68d2588af0de046
  custom:container-demuxer-webm: 4f35f7cbe854078d1ac9338744f61a02 -> 
  custom:scripting/monoscript/fileName/Door.cs: 06c8567cd8937d8d56232f3de9b2d377 -> 89da75c00dd875a160d70ad71da9a2a1
  custom:container-muxer-webm: aa71ff27fc2769a1b78a27578f13a17b -> 
  custom:video-decoder-webm-vp8: 9c59270c3fd7afecdb556c50c9e8de78 -> 
  custom:SearchIndexIgnoredProperties: e643bd26f0fe6173181afceb89e7c659 -> 
  custom:AudioImporter_EditorPlatform: d09bf68614088b80899f8185d706f6e7 -> 
  custom:scripting/monoscript/fileName/PickupItem.cs: d1c0b8648b7d22ff1c12f52229084f6a -> 71d901a7943673c26b0527ad8f269cee
  custom:scripting/monoscript/fileName/Room.cs: d1c87f5a00c96902b5884b56b22265d6 -> 80712595f8242fc9e86128d3188cd0f1
  custom:scripting/monoscript/fileName/RoomManager.cs: 70017efd1ccd640cc235ecbd5526ad30 -> 579c8f6d2c175182baea4cac812896a0
  custom:video-encoder-webm-vp8: eb34c28f22e8b96e1ab97ce403110664 -> 
  custom:audio-decoder-ogg-vorbis: bf7c407c2cedff20999df2af8eb42d56 -> 
  custom:scripting/monoscript/fileName/Item.cs: c2b7fc65fe255f985743270ca947d8ec -> edfd25bbe8f561e55c7415f9c3adacfe
  custom:scripting/monoscript/fileName/PlayerMovement.cs: 5c1499cfc43e291157e191fb54bb34f9 -> 42480eed24e61f9d7e7e895933644f96
  custom:audio-encoder-webm-vorbis: bf7c407c2cedff20999df2af8eb42d56 -> 
  custom:scripting/precompiled-assembly-types:Assembly-CSharp: 896e92a63afa94734d5099c09f676eac -> bc112aba0faabf23127df56d2c562dad
========================================================================
Received Prepare
Caller must complete domain reload
Begin MonoManager ReloadAssembly
- Loaded All Assemblies, in  0.641 seconds
Native extension for WindowsStandalone target not found
Native extension for Android target not found
Mono: successfully reloaded assembly
- Finished resetting the current domain, in  1.643 seconds
Domain Reload Profiling: 2282ms
	BeginReloadAssembly (225ms)
		ExecutionOrderSort (0ms)
		DisableScriptedObjects (18ms)
		BackupInstance (0ms)
		ReleaseScriptingObjects (0ms)
		CreateAndSetChildDomain (40ms)
	RebuildCommonClasses (53ms)
	RebuildNativeTypeToScriptingClass (20ms)
	initialDomainReloadingComplete (43ms)
	LoadAllAssembliesAndSetupDomain (298ms)
		LoadAssemblies (409ms)
		RebuildTransferFunctionScriptingTraits (0ms)
		AnalyzeDomain (17ms)
			TypeCache.Refresh (7ms)
				TypeCache.ScanAssembly (0ms)
			ScanForSourceGeneratedMonoScriptInfo (0ms)
			ResolveRequiredComponents (9ms)
	FinalizeReload (1643ms)
		ReleaseScriptCaches (0ms)
		RebuildScriptCaches (0ms)
		SetupLoadedEditorAssemblies (718ms)
			LogAssemblyErrors (0ms)
			InitializePlatformSupportModulesInManaged (23ms)
			SetLoadedEditorAssemblies (4ms)
			RefreshPlugins (0ms)
			BeforeProcessingInitializeOnLoad (98ms)
			ProcessInitializeOnLoadAttributes (524ms)
			ProcessInitializeOnLoadMethodAttributes (62ms)
			AfterProcessingInitializeOnLoad (7ms)
			EditorAssembliesLoaded (0ms)
		ExecutionOrderSort2 (0ms)
		AwakeInstancesAfterBackupRestoration (19ms)
Refreshing native plugins compatible for Editor in 6.21 ms, found 4 plugins.
Preloading 0 native plugins for Editor in 0.00 ms.
Unloading 4283 Unused Serialized files (Serialized files now loaded: 0)
Unloading 39 unused Assets / (1.0 MB). Loaded Objects now: 5169.
Memory consumption went from 148.8 MB to 147.8 MB.
Total: 4.756800 ms (FindLiveObjects: 0.457600 ms CreateObjectMapping: 0.158700 ms MarkObjects: 3.541900 ms  DeleteObjects: 0.597100 ms)

Prepare: number of updated asset objects reloaded= 0
AssetImportParameters requested are different than current active one (requested -> active):
  custom:container-demuxer-ogg: 62fdf1f143b41e24485cea50d1cbac27 -> 
  custom:video-decoder-ogg-theora: a1e56fd34408186e4bbccfd4996cb3dc -> 
  custom:framework-win-MediaFoundation: 216162199b28c13a410421893ffa2e32 -> 
  custom:CustomObjectIndexerAttribute: 9a22284fe3817be447336de3de66b15e -> 
  custom:scripting/monoscript/fileName/PauseManager.cs: 0396bd8b7e1a9bd823e7dab64ce9caf2 -> 
  custom:scripting/monoscript/fileName/UIManager.cs: 619f5747dc184f3577c898ec321c40d4 -> 
  custom:scripting/monoscript/fileName/Inventory.cs: 9e763594ef7e0ab7d608bf03e4de17b5 -> 8040a54c9928a06ca68d2588af0de046
  custom:container-demuxer-webm: 4f35f7cbe854078d1ac9338744f61a02 -> 
  custom:scripting/monoscript/fileName/Door.cs: 06c8567cd8937d8d56232f3de9b2d377 -> 89da75c00dd875a160d70ad71da9a2a1
  custom:container-muxer-webm: aa71ff27fc2769a1b78a27578f13a17b -> 
  custom:video-decoder-webm-vp8: 9c59270c3fd7afecdb556c50c9e8de78 -> 
  custom:SearchIndexIgnoredProperties: e643bd26f0fe6173181afceb89e7c659 -> 
  custom:AudioImporter_EditorPlatform: d09bf68614088b80899f8185d706f6e7 -> 
  custom:scripting/monoscript/fileName/PickupItem.cs: d1c0b8648b7d22ff1c12f52229084f6a -> 71d901a7943673c26b0527ad8f269cee
  custom:scripting/monoscript/fileName/Room.cs: d1c87f5a00c96902b5884b56b22265d6 -> 80712595f8242fc9e86128d3188cd0f1
  custom:scripting/monoscript/fileName/RoomManager.cs: 70017efd1ccd640cc235ecbd5526ad30 -> 579c8f6d2c175182baea4cac812896a0
  custom:video-encoder-webm-vp8: eb34c28f22e8b96e1ab97ce403110664 -> 
  custom:audio-decoder-ogg-vorbis: bf7c407c2cedff20999df2af8eb42d56 -> 
  custom:scripting/monoscript/fileName/Item.cs: c2b7fc65fe255f985743270ca947d8ec -> edfd25bbe8f561e55c7415f9c3adacfe
  custom:scripting/monoscript/fileName/PlayerMovement.cs: 5c1499cfc43e291157e191fb54bb34f9 -> 42480eed24e61f9d7e7e895933644f96
  custom:audio-encoder-webm-vorbis: bf7c407c2cedff20999df2af8eb42d56 -> 
  custom:scripting/precompiled-assembly-types:Assembly-CSharp: 896e92a63afa94734d5099c09f676eac -> bc112aba0faabf23127df56d2c562dad
========================================================================
Received Prepare
Caller must complete domain reload
Begin MonoManager ReloadAssembly
- Loaded All Assemblies, in  0.617 seconds
Native extension for WindowsStandalone target not found
Native extension for Android target not found
Mono: successfully reloaded assembly
- Finished resetting the current domain, in  1.581 seconds
Domain Reload Profiling: 2197ms
	BeginReloadAssembly (236ms)
		ExecutionOrderSort (0ms)
		DisableScriptedObjects (23ms)
		BackupInstance (0ms)
		ReleaseScriptingObjects (0ms)
		CreateAndSetChildDomain (47ms)
	RebuildCommonClasses (52ms)
	RebuildNativeTypeToScriptingClass (15ms)
	initialDomainReloadingComplete (35ms)
	LoadAllAssembliesAndSetupDomain (277ms)
		LoadAssemblies (378ms)
		RebuildTransferFunctionScriptingTraits (0ms)
		AnalyzeDomain (22ms)
			TypeCache.Refresh (7ms)
				TypeCache.ScanAssembly (0ms)
			ScanForSourceGeneratedMonoScriptInfo (0ms)
			ResolveRequiredComponents (13ms)
	FinalizeReload (1582ms)
		ReleaseScriptCaches (0ms)
		RebuildScriptCaches (0ms)
		SetupLoadedEditorAssemblies (704ms)
			LogAssemblyErrors (0ms)
			InitializePlatformSupportModulesInManaged (23ms)
			SetLoadedEditorAssemblies (4ms)
			RefreshPlugins (0ms)
			BeforeProcessingInitializeOnLoad (94ms)
			ProcessInitializeOnLoadAttributes (521ms)
			ProcessInitializeOnLoadMethodAttributes (55ms)
			AfterProcessingInitializeOnLoad (6ms)
			EditorAssembliesLoaded (0ms)
		ExecutionOrderSort2 (0ms)
		AwakeInstancesAfterBackupRestoration (22ms)
Refreshing native plugins compatible for Editor in 5.26 ms, found 4 plugins.
Preloading 0 native plugins for Editor in 0.00 ms.
Unloading 4283 Unused Serialized files (Serialized files now loaded: 0)
Unloading 39 unused Assets / (1.0 MB). Loaded Objects now: 5186.
Memory consumption went from 148.8 MB to 147.9 MB.
Total: 4.582700 ms (FindLiveObjects: 0.448500 ms CreateObjectMapping: 0.145500 ms MarkObjects: 3.329400 ms  DeleteObjects: 0.657700 ms)

Prepare: number of updated asset objects reloaded= 0
AssetImportParameters requested are different than current active one (requested -> active):
  custom:container-demuxer-ogg: 62fdf1f143b41e24485cea50d1cbac27 -> 
  custom:video-decoder-ogg-theora: a1e56fd34408186e4bbccfd4996cb3dc -> 
  custom:framework-win-MediaFoundation: 216162199b28c13a410421893ffa2e32 -> 
  custom:CustomObjectIndexerAttribute: 9a22284fe3817be447336de3de66b15e -> 
  custom:scripting/monoscript/fileName/PauseManager.cs: 0396bd8b7e1a9bd823e7dab64ce9caf2 -> 
  custom:scripting/monoscript/fileName/UIManager.cs: 619f5747dc184f3577c898ec321c40d4 -> 
  custom:scripting/monoscript/fileName/Inventory.cs: 9e763594ef7e0ab7d608bf03e4de17b5 -> 8040a54c9928a06ca68d2588af0de046
  custom:container-demuxer-webm: 4f35f7cbe854078d1ac9338744f61a02 -> 
  custom:scripting/monoscript/fileName/Door.cs: 06c8567cd8937d8d56232f3de9b2d377 -> 89da75c00dd875a160d70ad71da9a2a1
  custom:container-muxer-webm: aa71ff27fc2769a1b78a27578f13a17b -> 
  custom:video-decoder-webm-vp8: 9c59270c3fd7afecdb556c50c9e8de78 -> 
  custom:SearchIndexIgnoredProperties: e643bd26f0fe6173181afceb89e7c659 -> 
  custom:AudioImporter_EditorPlatform: d09bf68614088b80899f8185d706f6e7 -> 
  custom:scripting/monoscript/fileName/PickupItem.cs: d1c0b8648b7d22ff1c12f52229084f6a -> 71d901a7943673c26b0527ad8f269cee
  custom:scripting/monoscript/fileName/Room.cs: d1c87f5a00c96902b5884b56b22265d6 -> 80712595f8242fc9e86128d3188cd0f1
  custom:scripting/monoscript/fileName/RoomManager.cs: 70017efd1ccd640cc235ecbd5526ad30 -> 579c8f6d2c175182baea4cac812896a0
  custom:video-encoder-webm-vp8: eb34c28f22e8b96e1ab97ce403110664 -> 
  custom:audio-decoder-ogg-vorbis: bf7c407c2cedff20999df2af8eb42d56 -> 
  custom:scripting/monoscript/fileName/Item.cs: c2b7fc65fe255f985743270ca947d8ec -> edfd25bbe8f561e55c7415f9c3adacfe
  custom:scripting/monoscript/fileName/PlayerMovement.cs: 5c1499cfc43e291157e191fb54bb34f9 -> 42480eed24e61f9d7e7e895933644f96
  custom:audio-encoder-webm-vorbis: bf7c407c2cedff20999df2af8eb42d56 -> 
  custom:scripting/precompiled-assembly-types:Assembly-CSharp: 896e92a63afa94734d5099c09f676eac -> bc112aba0faabf23127df56d2c562dad
========================================================================
Received Prepare
Caller must complete domain reload
Begin MonoManager ReloadAssembly
- Loaded All Assemblies, in  0.584 seconds
Native extension for WindowsStandalone target not found
Native extension for Android target not found
Mono: successfully reloaded assembly
- Finished resetting the current domain, in  1.641 seconds
Domain Reload Profiling: 2223ms
	BeginReloadAssembly (197ms)
		ExecutionOrderSort (0ms)
		DisableScriptedObjects (21ms)
		BackupInstance (0ms)
		ReleaseScriptingObjects (0ms)
		CreateAndSetChildDomain (34ms)
	RebuildCommonClasses (50ms)
	RebuildNativeTypeToScriptingClass (17ms)
	initialDomainReloadingComplete (38ms)
	LoadAllAssembliesAndSetupDomain (278ms)
		LoadAssemblies (364ms)
		RebuildTransferFunctionScriptingTraits (0ms)
		AnalyzeDomain (20ms)
			TypeCache.Refresh (6ms)
				TypeCache.ScanAssembly (0ms)
			ScanForSourceGeneratedMonoScriptInfo (0ms)
			ResolveRequiredComponents (12ms)
	FinalizeReload (1642ms)
		ReleaseScriptCaches (0ms)
		RebuildScriptCaches (0ms)
		SetupLoadedEditorAssemblies (757ms)
			LogAssemblyErrors (0ms)
			InitializePlatformSupportModulesInManaged (44ms)
			SetLoadedEditorAssemblies (10ms)
			RefreshPlugins (0ms)
			BeforeProcessingInitializeOnLoad (155ms)
			ProcessInitializeOnLoadAttributes (499ms)
			ProcessInitializeOnLoadMethodAttributes (43ms)
			AfterProcessingInitializeOnLoad (5ms)
			EditorAssembliesLoaded (0ms)
		ExecutionOrderSort2 (0ms)
		AwakeInstancesAfterBackupRestoration (27ms)
Refreshing native plugins compatible for Editor in 6.03 ms, found 4 plugins.
Preloading 0 native plugins for Editor in 0.00 ms.
Unloading 4283 Unused Serialized files (Serialized files now loaded: 0)
Unloading 39 unused Assets / (1.0 MB). Loaded Objects now: 5203.
Memory consumption went from 148.9 MB to 147.9 MB.
Total: 5.801200 ms (FindLiveObjects: 0.578500 ms CreateObjectMapping: 0.198700 ms MarkObjects: 4.161700 ms  DeleteObjects: 0.860500 ms)

Prepare: number of updated asset objects reloaded= 0
AssetImportParameters requested are different than current active one (requested -> active):
  custom:container-demuxer-ogg: 62fdf1f143b41e24485cea50d1cbac27 -> 
  custom:video-decoder-ogg-theora: a1e56fd34408186e4bbccfd4996cb3dc -> 
  custom:framework-win-MediaFoundation: 216162199b28c13a410421893ffa2e32 -> 
  custom:CustomObjectIndexerAttribute: 9a22284fe3817be447336de3de66b15e -> 
  custom:scripting/monoscript/fileName/PauseManager.cs: 0396bd8b7e1a9bd823e7dab64ce9caf2 -> 
  custom:scripting/monoscript/fileName/UIManager.cs: 619f5747dc184f3577c898ec321c40d4 -> 
  custom:scripting/monoscript/fileName/Inventory.cs: 9e763594ef7e0ab7d608bf03e4de17b5 -> 8040a54c9928a06ca68d2588af0de046
  custom:container-demuxer-webm: 4f35f7cbe854078d1ac9338744f61a02 -> 
  custom:scripting/monoscript/fileName/Door.cs: 06c8567cd8937d8d56232f3de9b2d377 -> 89da75c00dd875a160d70ad71da9a2a1
  custom:container-muxer-webm: aa71ff27fc2769a1b78a27578f13a17b -> 
  custom:video-decoder-webm-vp8: 9c59270c3fd7afecdb556c50c9e8de78 -> 
  custom:SearchIndexIgnoredProperties: e643bd26f0fe6173181afceb89e7c659 -> 
  custom:AudioImporter_EditorPlatform: d09bf68614088b80899f8185d706f6e7 -> 
  custom:scripting/monoscript/fileName/PickupItem.cs: d1c0b8648b7d22ff1c12f52229084f6a -> 71d901a7943673c26b0527ad8f269cee
  custom:scripting/monoscript/fileName/Room.cs: d1c87f5a00c96902b5884b56b22265d6 -> 80712595f8242fc9e86128d3188cd0f1
  custom:scripting/monoscript/fileName/RoomManager.cs: 70017efd1ccd640cc235ecbd5526ad30 -> 579c8f6d2c175182baea4cac812896a0
  custom:video-encoder-webm-vp8: eb34c28f22e8b96e1ab97ce403110664 -> 
  custom:audio-decoder-ogg-vorbis: bf7c407c2cedff20999df2af8eb42d56 -> 
  custom:scripting/monoscript/fileName/Item.cs: c2b7fc65fe255f985743270ca947d8ec -> edfd25bbe8f561e55c7415f9c3adacfe
  custom:scripting/monoscript/fileName/PlayerMovement.cs: 5c1499cfc43e291157e191fb54bb34f9 -> 42480eed24e61f9d7e7e895933644f96
  custom:audio-encoder-webm-vorbis: bf7c407c2cedff20999df2af8eb42d56 -> 
  custom:scripting/precompiled-assembly-types:Assembly-CSharp: 896e92a63afa94734d5099c09f676eac -> bc112aba0faabf23127df56d2c562dad
========================================================================
Received Prepare
Caller must complete domain reload
Begin MonoManager ReloadAssembly
- Loaded All Assemblies, in  0.619 seconds
Native extension for WindowsStandalone target not found
Native extension for Android target not found
Mono: successfully reloaded assembly
- Finished resetting the current domain, in  1.624 seconds
Domain Reload Profiling: 2243ms
	BeginReloadAssembly (217ms)
		ExecutionOrderSort (0ms)
		DisableScriptedObjects (18ms)
		BackupInstance (0ms)
		ReleaseScriptingObjects (0ms)
		CreateAndSetChildDomain (35ms)
	RebuildCommonClasses (46ms)
	RebuildNativeTypeToScriptingClass (15ms)
	initialDomainReloadingComplete (37ms)
	LoadAllAssembliesAndSetupDomain (302ms)
		LoadAssemblies (392ms)
		RebuildTransferFunctionScriptingTraits (0ms)
		AnalyzeDomain (36ms)
			TypeCache.Refresh (11ms)
				TypeCache.ScanAssembly (0ms)
			ScanForSourceGeneratedMonoScriptInfo (14ms)
			ResolveRequiredComponents (10ms)
	FinalizeReload (1625ms)
		ReleaseScriptCaches (0ms)
		RebuildScriptCaches (0ms)
		SetupLoadedEditorAssemblies (617ms)
			LogAssemblyErrors (0ms)
			InitializePlatformSupportModulesInManaged (23ms)
			SetLoadedEditorAssemblies (7ms)
			RefreshPlugins (0ms)
			BeforeProcessingInitializeOnLoad (91ms)
			ProcessInitializeOnLoadAttributes (446ms)
			ProcessInitializeOnLoadMethodAttributes (44ms)
			AfterProcessingInitializeOnLoad (6ms)
			EditorAssembliesLoaded (0ms)
		ExecutionOrderSort2 (0ms)
		AwakeInstancesAfterBackupRestoration (18ms)
Refreshing native plugins compatible for Editor in 5.48 ms, found 4 plugins.
Preloading 0 native plugins for Editor in 0.00 ms.
Unloading 4283 Unused Serialized files (Serialized files now loaded: 0)
Unloading 39 unused Assets / (1.0 MB). Loaded Objects now: 5220.
Memory consumption went from 148.9 MB to 147.9 MB.
Total: 6.679900 ms (FindLiveObjects: 0.884200 ms CreateObjectMapping: 0.443300 ms MarkObjects: 4.417000 ms  DeleteObjects: 0.933100 ms)

Prepare: number of updated asset objects reloaded= 0
AssetImportParameters requested are different than current active one (requested -> active):
  custom:container-demuxer-ogg: 62fdf1f143b41e24485cea50d1cbac27 -> 
  custom:video-decoder-ogg-theora: a1e56fd34408186e4bbccfd4996cb3dc -> 
  custom:framework-win-MediaFoundation: 216162199b28c13a410421893ffa2e32 -> 
  custom:CustomObjectIndexerAttribute: 9a22284fe3817be447336de3de66b15e -> 
  custom:scripting/monoscript/fileName/PauseManager.cs: 0396bd8b7e1a9bd823e7dab64ce9caf2 -> 
  custom:scripting/monoscript/fileName/UIManager.cs: 619f5747dc184f3577c898ec321c40d4 -> 
  custom:scripting/monoscript/fileName/Inventory.cs: 9e763594ef7e0ab7d608bf03e4de17b5 -> 8040a54c9928a06ca68d2588af0de046
  custom:container-demuxer-webm: 4f35f7cbe854078d1ac9338744f61a02 -> 
  custom:scripting/monoscript/fileName/Door.cs: 06c8567cd8937d8d56232f3de9b2d377 -> 89da75c00dd875a160d70ad71da9a2a1
  custom:container-muxer-webm: aa71ff27fc2769a1b78a27578f13a17b -> 
  custom:video-decoder-webm-vp8: 9c59270c3fd7afecdb556c50c9e8de78 -> 
  custom:SearchIndexIgnoredProperties: e643bd26f0fe6173181afceb89e7c659 -> 
  custom:AudioImporter_EditorPlatform: d09bf68614088b80899f8185d706f6e7 -> 
  custom:scripting/monoscript/fileName/PickupItem.cs: d1c0b8648b7d22ff1c12f52229084f6a -> 71d901a7943673c26b0527ad8f269cee
  custom:scripting/monoscript/fileName/Room.cs: d1c87f5a00c96902b5884b56b22265d6 -> 80712595f8242fc9e86128d3188cd0f1
  custom:scripting/monoscript/fileName/RoomManager.cs: 70017efd1ccd640cc235ecbd5526ad30 -> 579c8f6d2c175182baea4cac812896a0
  custom:video-encoder-webm-vp8: eb34c28f22e8b96e1ab97ce403110664 -> 
  custom:audio-decoder-ogg-vorbis: bf7c407c2cedff20999df2af8eb42d56 -> 
  custom:scripting/monoscript/fileName/Item.cs: c2b7fc65fe255f985743270ca947d8ec -> edfd25bbe8f561e55c7415f9c3adacfe
  custom:scripting/monoscript/fileName/PlayerMovement.cs: 5c1499cfc43e291157e191fb54bb34f9 -> 42480eed24e61f9d7e7e895933644f96
  custom:audio-encoder-webm-vorbis: bf7c407c2cedff20999df2af8eb42d56 -> 
  custom:scripting/precompiled-assembly-types:Assembly-CSharp: 896e92a63afa94734d5099c09f676eac -> bc112aba0faabf23127df56d2c562dad
========================================================================
Received Prepare
Caller must complete domain reload
Begin MonoManager ReloadAssembly
- Loaded All Assemblies, in  0.658 seconds
Native extension for WindowsStandalone target not found
Native extension for Android target not found
Mono: successfully reloaded assembly
- Finished resetting the current domain, in  1.638 seconds
Domain Reload Profiling: 2295ms
	BeginReloadAssembly (232ms)
		ExecutionOrderSort (0ms)
		DisableScriptedObjects (24ms)
		BackupInstance (0ms)
		ReleaseScriptingObjects (0ms)
		CreateAndSetChildDomain (39ms)
	RebuildCommonClasses (53ms)
	RebuildNativeTypeToScriptingClass (24ms)
	initialDomainReloadingComplete (48ms)
	LoadAllAssembliesAndSetupDomain (300ms)
		LoadAssemblies (408ms)
		RebuildTransferFunctionScriptingTraits (0ms)
		AnalyzeDomain (23ms)
			TypeCache.Refresh (8ms)
				TypeCache.ScanAssembly (0ms)
			ScanForSourceGeneratedMonoScriptInfo (0ms)
			ResolveRequiredComponents (13ms)
	FinalizeReload (1639ms)
		ReleaseScriptCaches (0ms)
		RebuildScriptCaches (0ms)
		SetupLoadedEditorAssemblies (741ms)
			LogAssemblyErrors (0ms)
			InitializePlatformSupportModulesInManaged (26ms)
			SetLoadedEditorAssemblies (8ms)
			RefreshPlugins (0ms)
			BeforeProcessingInitializeOnLoad (115ms)
			ProcessInitializeOnLoadAttributes (532ms)
			ProcessInitializeOnLoadMethodAttributes (54ms)
			AfterProcessingInitializeOnLoad (5ms)
			EditorAssembliesLoaded (0ms)
		ExecutionOrderSort2 (0ms)
		AwakeInstancesAfterBackupRestoration (20ms)
Refreshing native plugins compatible for Editor in 5.96 ms, found 4 plugins.
Preloading 0 native plugins for Editor in 0.00 ms.
Unloading 4283 Unused Serialized files (Serialized files now loaded: 0)
Unloading 39 unused Assets / (1.0 MB). Loaded Objects now: 5237.
Memory consumption went from 148.9 MB to 147.9 MB.
Total: 5.676300 ms (FindLiveObjects: 0.639300 ms CreateObjectMapping: 0.198100 ms MarkObjects: 4.092800 ms  DeleteObjects: 0.744100 ms)

Prepare: number of updated asset objects reloaded= 0
AssetImportParameters requested are different than current active one (requested -> active):
  custom:container-demuxer-ogg: 62fdf1f143b41e24485cea50d1cbac27 -> 
  custom:video-decoder-ogg-theora: a1e56fd34408186e4bbccfd4996cb3dc -> 
  custom:framework-win-MediaFoundation: 216162199b28c13a410421893ffa2e32 -> 
  custom:CustomObjectIndexerAttribute: 9a22284fe3817be447336de3de66b15e -> 
  custom:scripting/monoscript/fileName/PauseManager.cs: 0396bd8b7e1a9bd823e7dab64ce9caf2 -> 
  custom:scripting/monoscript/fileName/UIManager.cs: 619f5747dc184f3577c898ec321c40d4 -> 
  custom:scripting/monoscript/fileName/Inventory.cs: 9e763594ef7e0ab7d608bf03e4de17b5 -> 8040a54c9928a06ca68d2588af0de046
  custom:container-demuxer-webm: 4f35f7cbe854078d1ac9338744f61a02 -> 
  custom:scripting/monoscript/fileName/Door.cs: 06c8567cd8937d8d56232f3de9b2d377 -> 89da75c00dd875a160d70ad71da9a2a1
  custom:container-muxer-webm: aa71ff27fc2769a1b78a27578f13a17b -> 
  custom:video-decoder-webm-vp8: 9c59270c3fd7afecdb556c50c9e8de78 -> 
  custom:SearchIndexIgnoredProperties: e643bd26f0fe6173181afceb89e7c659 -> 
  custom:AudioImporter_EditorPlatform: d09bf68614088b80899f8185d706f6e7 -> 
  custom:scripting/monoscript/fileName/PickupItem.cs: d1c0b8648b7d22ff1c12f52229084f6a -> 71d901a7943673c26b0527ad8f269cee
  custom:scripting/monoscript/fileName/Room.cs: d1c87f5a00c96902b5884b56b22265d6 -> 80712595f8242fc9e86128d3188cd0f1
  custom:scripting/monoscript/fileName/RoomManager.cs: 70017efd1ccd640cc235ecbd5526ad30 -> 579c8f6d2c175182baea4cac812896a0
  custom:video-encoder-webm-vp8: eb34c28f22e8b96e1ab97ce403110664 -> 
  custom:audio-decoder-ogg-vorbis: bf7c407c2cedff20999df2af8eb42d56 -> 
  custom:scripting/monoscript/fileName/Item.cs: c2b7fc65fe255f985743270ca947d8ec -> edfd25bbe8f561e55c7415f9c3adacfe
  custom:scripting/monoscript/fileName/PlayerMovement.cs: 5c1499cfc43e291157e191fb54bb34f9 -> 42480eed24e61f9d7e7e895933644f96
  custom:audio-encoder-webm-vorbis: bf7c407c2cedff20999df2af8eb42d56 -> 
  custom:scripting/precompiled-assembly-types:Assembly-CSharp: 896e92a63afa94734d5099c09f676eac -> bc112aba0faabf23127df56d2c562dad
========================================================================
Received Prepare
Caller must complete domain reload
Begin MonoManager ReloadAssembly
- Loaded All Assemblies, in  0.635 seconds
Native extension for WindowsStandalone target not found
Native extension for Android target not found
Mono: successfully reloaded assembly
- Finished resetting the current domain, in  1.562 seconds
Domain Reload Profiling: 2196ms
	BeginReloadAssembly (224ms)
		ExecutionOrderSort (0ms)
		DisableScriptedObjects (19ms)
		BackupInstance (0ms)
		ReleaseScriptingObjects (0ms)
		CreateAndSetChildDomain (39ms)
	RebuildCommonClasses (47ms)
	RebuildNativeTypeToScriptingClass (15ms)
	initialDomainReloadingComplete (40ms)
	LoadAllAssembliesAndSetupDomain (308ms)
		LoadAssemblies (416ms)
		RebuildTransferFunctionScriptingTraits (0ms)
		AnalyzeDomain (18ms)
			TypeCache.Refresh (6ms)
				TypeCache.ScanAssembly (0ms)
			ScanForSourceGeneratedMonoScriptInfo (0ms)
			ResolveRequiredComponents (10ms)
	FinalizeReload (1563ms)
		ReleaseScriptCaches (0ms)
		RebuildScriptCaches (0ms)
		SetupLoadedEditorAssemblies (727ms)
			LogAssemblyErrors (0ms)
			InitializePlatformSupportModulesInManaged (25ms)
			SetLoadedEditorAssemblies (7ms)
			RefreshPlugins (0ms)
			BeforeProcessingInitializeOnLoad (115ms)
			ProcessInitializeOnLoadAttributes (522ms)
			ProcessInitializeOnLoadMethodAttributes (50ms)
			AfterProcessingInitializeOnLoad (6ms)
			EditorAssembliesLoaded (0ms)
		ExecutionOrderSort2 (0ms)
		AwakeInstancesAfterBackupRestoration (23ms)
Refreshing native plugins compatible for Editor in 5.51 ms, found 4 plugins.
Preloading 0 native plugins for Editor in 0.00 ms.
Unloading 4283 Unused Serialized files (Serialized files now loaded: 0)
Unloading 39 unused Assets / (1.0 MB). Loaded Objects now: 5254.
Memory consumption went from 148.9 MB to 147.9 MB.
Total: 5.414800 ms (FindLiveObjects: 0.681000 ms CreateObjectMapping: 0.240300 ms MarkObjects: 3.834600 ms  DeleteObjects: 0.657100 ms)

Prepare: number of updated asset objects reloaded= 0
AssetImportParameters requested are different than current active one (requested -> active):
  custom:container-demuxer-ogg: 62fdf1f143b41e24485cea50d1cbac27 -> 
  custom:video-decoder-ogg-theora: a1e56fd34408186e4bbccfd4996cb3dc -> 
  custom:framework-win-MediaFoundation: 216162199b28c13a410421893ffa2e32 -> 
  custom:CustomObjectIndexerAttribute: 9a22284fe3817be447336de3de66b15e -> 
  custom:scripting/monoscript/fileName/PauseManager.cs: 0396bd8b7e1a9bd823e7dab64ce9caf2 -> 
  custom:scripting/monoscript/fileName/UIManager.cs: 619f5747dc184f3577c898ec321c40d4 -> 
  custom:scripting/monoscript/fileName/Inventory.cs: 9e763594ef7e0ab7d608bf03e4de17b5 -> 8040a54c9928a06ca68d2588af0de046
  custom:container-demuxer-webm: 4f35f7cbe854078d1ac9338744f61a02 -> 
  custom:scripting/monoscript/fileName/Door.cs: 06c8567cd8937d8d56232f3de9b2d377 -> 89da75c00dd875a160d70ad71da9a2a1
  custom:container-muxer-webm: aa71ff27fc2769a1b78a27578f13a17b -> 
  custom:video-decoder-webm-vp8: 9c59270c3fd7afecdb556c50c9e8de78 -> 
  custom:SearchIndexIgnoredProperties: e643bd26f0fe6173181afceb89e7c659 -> 
  custom:AudioImporter_EditorPlatform: d09bf68614088b80899f8185d706f6e7 -> 
  custom:scripting/monoscript/fileName/PickupItem.cs: d1c0b8648b7d22ff1c12f52229084f6a -> 71d901a7943673c26b0527ad8f269cee
  custom:scripting/monoscript/fileName/Room.cs: d1c87f5a00c96902b5884b56b22265d6 -> 80712595f8242fc9e86128d3188cd0f1
  custom:scripting/monoscript/fileName/RoomManager.cs: 70017efd1ccd640cc235ecbd5526ad30 -> 579c8f6d2c175182baea4cac812896a0
  custom:video-encoder-webm-vp8: eb34c28f22e8b96e1ab97ce403110664 -> 
  custom:audio-decoder-ogg-vorbis: bf7c407c2cedff20999df2af8eb42d56 -> 
  custom:scripting/monoscript/fileName/Item.cs: c2b7fc65fe255f985743270ca947d8ec -> edfd25bbe8f561e55c7415f9c3adacfe
  custom:scripting/monoscript/fileName/PlayerMovement.cs: 5c1499cfc43e291157e191fb54bb34f9 -> 42480eed24e61f9d7e7e895933644f96
  custom:audio-encoder-webm-vorbis: bf7c407c2cedff20999df2af8eb42d56 -> 
  custom:scripting/precompiled-assembly-types:Assembly-CSharp: 896e92a63afa94734d5099c09f676eac -> bc112aba0faabf23127df56d2c562dad
========================================================================
Received Prepare
Caller must complete domain reload
Begin MonoManager ReloadAssembly
- Loaded All Assemblies, in  0.638 seconds
Native extension for WindowsStandalone target not found
Native extension for Android target not found
Mono: successfully reloaded assembly
- Finished resetting the current domain, in  1.429 seconds
Domain Reload Profiling: 2066ms
	BeginReloadAssembly (207ms)
		ExecutionOrderSort (0ms)
		DisableScriptedObjects (16ms)
		BackupInstance (0ms)
		ReleaseScriptingObjects (0ms)
		CreateAndSetChildDomain (38ms)
	RebuildCommonClasses (58ms)
	RebuildNativeTypeToScriptingClass (21ms)
	initialDomainReloadingComplete (37ms)
	LoadAllAssembliesAndSetupDomain (314ms)
		LoadAssemblies (380ms)
		RebuildTransferFunctionScriptingTraits (0ms)
		AnalyzeDomain (43ms)
			TypeCache.Refresh (11ms)
				TypeCache.ScanAssembly (0ms)
			ScanForSourceGeneratedMonoScriptInfo (17ms)
			ResolveRequiredComponents (14ms)
	FinalizeReload (1429ms)
		ReleaseScriptCaches (0ms)
		RebuildScriptCaches (0ms)
		SetupLoadedEditorAssemblies (595ms)
			LogAssemblyErrors (0ms)
			InitializePlatformSupportModulesInManaged (21ms)
			SetLoadedEditorAssemblies (6ms)
			RefreshPlugins (0ms)
			BeforeProcessingInitializeOnLoad (94ms)
			ProcessInitializeOnLoadAttributes (427ms)
			ProcessInitializeOnLoadMethodAttributes (42ms)
			AfterProcessingInitializeOnLoad (4ms)
			EditorAssembliesLoaded (0ms)
		ExecutionOrderSort2 (0ms)
		AwakeInstancesAfterBackupRestoration (19ms)
Refreshing native plugins compatible for Editor in 5.07 ms, found 4 plugins.
Preloading 0 native plugins for Editor in 0.00 ms.
Unloading 4283 Unused Serialized files (Serialized files now loaded: 0)
Unloading 39 unused Assets / (1.0 MB). Loaded Objects now: 5271.
Memory consumption went from 148.9 MB to 147.9 MB.
Total: 4.197900 ms (FindLiveObjects: 0.439900 ms CreateObjectMapping: 0.120900 ms MarkObjects: 3.101400 ms  DeleteObjects: 0.534500 ms)

Prepare: number of updated asset objects reloaded= 0
AssetImportParameters requested are different than current active one (requested -> active):
  custom:container-demuxer-ogg: 62fdf1f143b41e24485cea50d1cbac27 -> 
  custom:video-decoder-ogg-theora: a1e56fd34408186e4bbccfd4996cb3dc -> 
  custom:framework-win-MediaFoundation: 216162199b28c13a410421893ffa2e32 -> 
  custom:CustomObjectIndexerAttribute: 9a22284fe3817be447336de3de66b15e -> 
  custom:scripting/monoscript/fileName/PauseManager.cs: 0396bd8b7e1a9bd823e7dab64ce9caf2 -> 
  custom:scripting/monoscript/fileName/UIManager.cs: 619f5747dc184f3577c898ec321c40d4 -> 
  custom:scripting/monoscript/fileName/Inventory.cs: 9e763594ef7e0ab7d608bf03e4de17b5 -> 8040a54c9928a06ca68d2588af0de046
  custom:container-demuxer-webm: 4f35f7cbe854078d1ac9338744f61a02 -> 
  custom:scripting/monoscript/fileName/Door.cs: 06c8567cd8937d8d56232f3de9b2d377 -> 89da75c00dd875a160d70ad71da9a2a1
  custom:container-muxer-webm: aa71ff27fc2769a1b78a27578f13a17b -> 
  custom:video-decoder-webm-vp8: 9c59270c3fd7afecdb556c50c9e8de78 -> 
  custom:SearchIndexIgnoredProperties: e643bd26f0fe6173181afceb89e7c659 -> 
  custom:AudioImporter_EditorPlatform: d09bf68614088b80899f8185d706f6e7 -> 
  custom:scripting/monoscript/fileName/PickupItem.cs: d1c0b8648b7d22ff1c12f52229084f6a -> 71d901a7943673c26b0527ad8f269cee
  custom:scripting/monoscript/fileName/Room.cs: d1c87f5a00c96902b5884b56b22265d6 -> 80712595f8242fc9e86128d3188cd0f1
  custom:scripting/monoscript/fileName/RoomManager.cs: 70017efd1ccd640cc235ecbd5526ad30 -> 579c8f6d2c175182baea4cac812896a0
  custom:video-encoder-webm-vp8: eb34c28f22e8b96e1ab97ce403110664 -> 
  custom:audio-decoder-ogg-vorbis: bf7c407c2cedff20999df2af8eb42d56 -> 
  custom:scripting/monoscript/fileName/Item.cs: c2b7fc65fe255f985743270ca947d8ec -> edfd25bbe8f561e55c7415f9c3adacfe
  custom:scripting/monoscript/fileName/PlayerMovement.cs: 5c1499cfc43e291157e191fb54bb34f9 -> 42480eed24e61f9d7e7e895933644f96
  custom:audio-encoder-webm-vorbis: bf7c407c2cedff20999df2af8eb42d56 -> 
  custom:scripting/precompiled-assembly-types:Assembly-CSharp: 896e92a63afa94734d5099c09f676eac -> bc112aba0faabf23127df56d2c562dad
========================================================================
Received Prepare
Caller must complete domain reload
Begin MonoManager ReloadAssembly
- Loaded All Assemblies, in  0.603 seconds
Native extension for WindowsStandalone target not found
Native extension for Android target not found
Mono: successfully reloaded assembly
- Finished resetting the current domain, in  1.630 seconds
Domain Reload Profiling: 2232ms
	BeginReloadAssembly (214ms)
		ExecutionOrderSort (0ms)
		DisableScriptedObjects (16ms)
		BackupInstance (0ms)
		ReleaseScriptingObjects (0ms)
		CreateAndSetChildDomain (37ms)
	RebuildCommonClasses (48ms)
	RebuildNativeTypeToScriptingClass (18ms)
	initialDomainReloadingComplete (37ms)
	LoadAllAssembliesAndSetupDomain (284ms)
		LoadAssemblies (386ms)
		RebuildTransferFunctionScriptingTraits (0ms)
		AnalyzeDomain (21ms)
			TypeCache.Refresh (9ms)
				TypeCache.ScanAssembly (0ms)
			ScanForSourceGeneratedMonoScriptInfo (0ms)
			ResolveRequiredComponents (11ms)
	FinalizeReload (1631ms)
		ReleaseScriptCaches (0ms)
		RebuildScriptCaches (0ms)
		SetupLoadedEditorAssemblies (766ms)
			LogAssemblyErrors (0ms)
			InitializePlatformSupportModulesInManaged (28ms)
			SetLoadedEditorAssemblies (7ms)
			RefreshPlugins (0ms)
			BeforeProcessingInitializeOnLoad (114ms)
			ProcessInitializeOnLoadAttributes (554ms)
			ProcessInitializeOnLoadMethodAttributes (56ms)
			AfterProcessingInitializeOnLoad (6ms)
			EditorAssembliesLoaded (0ms)
		ExecutionOrderSort2 (0ms)
		AwakeInstancesAfterBackupRestoration (20ms)
Refreshing native plugins compatible for Editor in 5.69 ms, found 4 plugins.
Preloading 0 native plugins for Editor in 0.00 ms.
Unloading 4283 Unused Serialized files (Serialized files now loaded: 0)
Unloading 39 unused Assets / (1.0 MB). Loaded Objects now: 5288.
Memory consumption went from 148.9 MB to 148.0 MB.
Total: 5.782100 ms (FindLiveObjects: 0.514600 ms CreateObjectMapping: 0.202400 ms MarkObjects: 4.374900 ms  DeleteObjects: 0.688700 ms)

Prepare: number of updated asset objects reloaded= 0
AssetImportParameters requested are different than current active one (requested -> active):
  custom:container-demuxer-ogg: 62fdf1f143b41e24485cea50d1cbac27 -> 
  custom:video-decoder-ogg-theora: a1e56fd34408186e4bbccfd4996cb3dc -> 
  custom:framework-win-MediaFoundation: 216162199b28c13a410421893ffa2e32 -> 
  custom:CustomObjectIndexerAttribute: 9a22284fe3817be447336de3de66b15e -> 
  custom:scripting/monoscript/fileName/PauseManager.cs: 0396bd8b7e1a9bd823e7dab64ce9caf2 -> 
  custom:scripting/monoscript/fileName/UIManager.cs: 619f5747dc184f3577c898ec321c40d4 -> 
  custom:scripting/monoscript/fileName/Inventory.cs: 9e763594ef7e0ab7d608bf03e4de17b5 -> 8040a54c9928a06ca68d2588af0de046
  custom:container-demuxer-webm: 4f35f7cbe854078d1ac9338744f61a02 -> 
  custom:scripting/monoscript/fileName/Door.cs: 06c8567cd8937d8d56232f3de9b2d377 -> 89da75c00dd875a160d70ad71da9a2a1
  custom:container-muxer-webm: aa71ff27fc2769a1b78a27578f13a17b -> 
  custom:video-decoder-webm-vp8: 9c59270c3fd7afecdb556c50c9e8de78 -> 
  custom:SearchIndexIgnoredProperties: e643bd26f0fe6173181afceb89e7c659 -> 
  custom:AudioImporter_EditorPlatform: d09bf68614088b80899f8185d706f6e7 -> 
  custom:scripting/monoscript/fileName/PickupItem.cs: d1c0b8648b7d22ff1c12f52229084f6a -> 71d901a7943673c26b0527ad8f269cee
  custom:scripting/monoscript/fileName/Room.cs: d1c87f5a00c96902b5884b56b22265d6 -> 80712595f8242fc9e86128d3188cd0f1
  custom:scripting/monoscript/fileName/RoomManager.cs: 70017efd1ccd640cc235ecbd5526ad30 -> 579c8f6d2c175182baea4cac812896a0
  custom:video-encoder-webm-vp8: eb34c28f22e8b96e1ab97ce403110664 -> 
  custom:audio-decoder-ogg-vorbis: bf7c407c2cedff20999df2af8eb42d56 -> 
  custom:scripting/monoscript/fileName/Item.cs: c2b7fc65fe255f985743270ca947d8ec -> edfd25bbe8f561e55c7415f9c3adacfe
  custom:scripting/monoscript/fileName/PlayerMovement.cs: 5c1499cfc43e291157e191fb54bb34f9 -> 42480eed24e61f9d7e7e895933644f96
  custom:audio-encoder-webm-vorbis: bf7c407c2cedff20999df2af8eb42d56 -> 
  custom:scripting/precompiled-assembly-types:Assembly-CSharp: 896e92a63afa94734d5099c09f676eac -> bc112aba0faabf23127df56d2c562dad
========================================================================
Received Prepare
Caller must complete domain reload
Begin MonoManager ReloadAssembly
- Loaded All Assemblies, in  0.628 seconds
Native extension for WindowsStandalone target not found
Native extension for Android target not found
Mono: successfully reloaded assembly
- Finished resetting the current domain, in  1.553 seconds
Domain Reload Profiling: 2179ms
	BeginReloadAssembly (206ms)
		ExecutionOrderSort (0ms)
		DisableScriptedObjects (16ms)
		BackupInstance (0ms)
		ReleaseScriptingObjects (0ms)
		CreateAndSetChildDomain (39ms)
	RebuildCommonClasses (59ms)
	RebuildNativeTypeToScriptingClass (16ms)
	initialDomainReloadingComplete (46ms)
	LoadAllAssembliesAndSetupDomain (298ms)
		LoadAssemblies (372ms)
		RebuildTransferFunctionScriptingTraits (0ms)
		AnalyzeDomain (38ms)
			TypeCache.Refresh (13ms)
				TypeCache.ScanAssembly (0ms)
			ScanForSourceGeneratedMonoScriptInfo (14ms)
			ResolveRequiredComponents (10ms)
	FinalizeReload (1554ms)
		ReleaseScriptCaches (0ms)
		RebuildScriptCaches (0ms)
		SetupLoadedEditorAssemblies (697ms)
			LogAssemblyErrors (0ms)
			InitializePlatformSupportModulesInManaged (27ms)
			SetLoadedEditorAssemblies (7ms)
			RefreshPlugins (0ms)
			BeforeProcessingInitializeOnLoad (109ms)
			ProcessInitializeOnLoadAttributes (502ms)
			ProcessInitializeOnLoadMethodAttributes (47ms)
			AfterProcessingInitializeOnLoad (5ms)
			EditorAssembliesLoaded (0ms)
		ExecutionOrderSort2 (0ms)
		AwakeInstancesAfterBackupRestoration (19ms)
Refreshing native plugins compatible for Editor in 5.45 ms, found 4 plugins.
Preloading 0 native plugins for Editor in 0.00 ms.
Unloading 4283 Unused Serialized files (Serialized files now loaded: 0)
Unloading 39 unused Assets / (1.0 MB). Loaded Objects now: 5305.
Memory consumption went from 149.0 MB to 148.0 MB.
Total: 5.720400 ms (FindLiveObjects: 0.474400 ms CreateObjectMapping: 0.160400 ms MarkObjects: 4.382100 ms  DeleteObjects: 0.702100 ms)

Prepare: number of updated asset objects reloaded= 0
AssetImportParameters requested are different than current active one (requested -> active):
  custom:container-demuxer-ogg: 62fdf1f143b41e24485cea50d1cbac27 -> 
  custom:video-decoder-ogg-theora: a1e56fd34408186e4bbccfd4996cb3dc -> 
  custom:framework-win-MediaFoundation: 216162199b28c13a410421893ffa2e32 -> 
  custom:CustomObjectIndexerAttribute: 9a22284fe3817be447336de3de66b15e -> 
  custom:scripting/monoscript/fileName/PauseManager.cs: 0396bd8b7e1a9bd823e7dab64ce9caf2 -> 
  custom:scripting/monoscript/fileName/UIManager.cs: 619f5747dc184f3577c898ec321c40d4 -> 
  custom:scripting/monoscript/fileName/Inventory.cs: 9e763594ef7e0ab7d608bf03e4de17b5 -> 8040a54c9928a06ca68d2588af0de046
  custom:container-demuxer-webm: 4f35f7cbe854078d1ac9338744f61a02 -> 
  custom:scripting/monoscript/fileName/Door.cs: 06c8567cd8937d8d56232f3de9b2d377 -> 89da75c00dd875a160d70ad71da9a2a1
  custom:container-muxer-webm: aa71ff27fc2769a1b78a27578f13a17b -> 
  custom:video-decoder-webm-vp8: 9c59270c3fd7afecdb556c50c9e8de78 -> 
  custom:SearchIndexIgnoredProperties: e643bd26f0fe6173181afceb89e7c659 -> 
  custom:AudioImporter_EditorPlatform: d09bf68614088b80899f8185d706f6e7 -> 
  custom:scripting/monoscript/fileName/PickupItem.cs: d1c0b8648b7d22ff1c12f52229084f6a -> 71d901a7943673c26b0527ad8f269cee
  custom:scripting/monoscript/fileName/Room.cs: d1c87f5a00c96902b5884b56b22265d6 -> 80712595f8242fc9e86128d3188cd0f1
  custom:scripting/monoscript/fileName/RoomManager.cs: 70017efd1ccd640cc235ecbd5526ad30 -> 579c8f6d2c175182baea4cac812896a0
  custom:video-encoder-webm-vp8: eb34c28f22e8b96e1ab97ce403110664 -> 
  custom:audio-decoder-ogg-vorbis: bf7c407c2cedff20999df2af8eb42d56 -> 
  custom:scripting/monoscript/fileName/Item.cs: c2b7fc65fe255f985743270ca947d8ec -> edfd25bbe8f561e55c7415f9c3adacfe
  custom:scripting/monoscript/fileName/PlayerMovement.cs: 5c1499cfc43e291157e191fb54bb34f9 -> 42480eed24e61f9d7e7e895933644f96
  custom:audio-encoder-webm-vorbis: bf7c407c2cedff20999df2af8eb42d56 -> 
  custom:scripting/precompiled-assembly-types:Assembly-CSharp: 896e92a63afa94734d5099c09f676eac -> bc112aba0faabf23127df56d2c562dad
========================================================================
Received Prepare
Caller must complete domain reload
Begin MonoManager ReloadAssembly
- Loaded All Assemblies, in  0.621 seconds
Native extension for WindowsStandalone target not found
Native extension for Android target not found
Mono: successfully reloaded assembly
- Finished resetting the current domain, in  1.496 seconds
Domain Reload Profiling: 2115ms
	BeginReloadAssembly (224ms)
		ExecutionOrderSort (0ms)
		DisableScriptedObjects (17ms)
		BackupInstance (0ms)
		ReleaseScriptingObjects (0ms)
		CreateAndSetChildDomain (35ms)
	RebuildCommonClasses (63ms)
	RebuildNativeTypeToScriptingClass (22ms)
	initialDomainReloadingComplete (38ms)
	LoadAllAssembliesAndSetupDomain (271ms)
		LoadAssemblies (388ms)
		RebuildTransferFunctionScriptingTraits (0ms)
		AnalyzeDomain (17ms)
			TypeCache.Refresh (6ms)
				TypeCache.ScanAssembly (0ms)
			ScanForSourceGeneratedMonoScriptInfo (0ms)
			ResolveRequiredComponents (9ms)
	FinalizeReload (1496ms)
		ReleaseScriptCaches (0ms)
		RebuildScriptCaches (0ms)
		SetupLoadedEditorAssemblies (694ms)
			LogAssemblyErrors (0ms)
			InitializePlatformSupportModulesInManaged (22ms)
			SetLoadedEditorAssemblies (6ms)
			RefreshPlugins (0ms)
			BeforeProcessingInitializeOnLoad (102ms)
			ProcessInitializeOnLoadAttributes (507ms)
			ProcessInitializeOnLoadMethodAttributes (50ms)
			AfterProcessingInitializeOnLoad (6ms)
			EditorAssembliesLoaded (1ms)
		ExecutionOrderSort2 (0ms)
		AwakeInstancesAfterBackupRestoration (16ms)
Refreshing native plugins compatible for Editor in 6.61 ms, found 4 plugins.
Preloading 0 native plugins for Editor in 0.00 ms.
Unloading 4283 Unused Serialized files (Serialized files now loaded: 0)
Unloading 39 unused Assets / (1.0 MB). Loaded Objects now: 5322.
Memory consumption went from 149.0 MB to 148.0 MB.
Total: 5.491000 ms (FindLiveObjects: 0.489900 ms CreateObjectMapping: 0.173900 ms MarkObjects: 4.106500 ms  DeleteObjects: 0.719300 ms)

Prepare: number of updated asset objects reloaded= 0
AssetImportParameters requested are different than current active one (requested -> active):
  custom:container-demuxer-ogg: 62fdf1f143b41e24485cea50d1cbac27 -> 
  custom:video-decoder-ogg-theora: a1e56fd34408186e4bbccfd4996cb3dc -> 
  custom:framework-win-MediaFoundation: 216162199b28c13a410421893ffa2e32 -> 
  custom:CustomObjectIndexerAttribute: 9a22284fe3817be447336de3de66b15e -> 
  custom:scripting/monoscript/fileName/PauseManager.cs: 0396bd8b7e1a9bd823e7dab64ce9caf2 -> 
  custom:scripting/monoscript/fileName/UIManager.cs: 619f5747dc184f3577c898ec321c40d4 -> 
  custom:scripting/monoscript/fileName/Inventory.cs: 9e763594ef7e0ab7d608bf03e4de17b5 -> 8040a54c9928a06ca68d2588af0de046
  custom:container-demuxer-webm: 4f35f7cbe854078d1ac9338744f61a02 -> 
  custom:scripting/monoscript/fileName/Door.cs: 06c8567cd8937d8d56232f3de9b2d377 -> 89da75c00dd875a160d70ad71da9a2a1
  custom:container-muxer-webm: aa71ff27fc2769a1b78a27578f13a17b -> 
  custom:video-decoder-webm-vp8: 9c59270c3fd7afecdb556c50c9e8de78 -> 
  custom:SearchIndexIgnoredProperties: e643bd26f0fe6173181afceb89e7c659 -> 
  custom:AudioImporter_EditorPlatform: d09bf68614088b80899f8185d706f6e7 -> 
  custom:scripting/monoscript/fileName/PickupItem.cs: d1c0b8648b7d22ff1c12f52229084f6a -> 71d901a7943673c26b0527ad8f269cee
  custom:scripting/monoscript/fileName/Room.cs: d1c87f5a00c96902b5884b56b22265d6 -> 80712595f8242fc9e86128d3188cd0f1
  custom:scripting/monoscript/fileName/RoomManager.cs: 70017efd1ccd640cc235ecbd5526ad30 -> 579c8f6d2c175182baea4cac812896a0
  custom:video-encoder-webm-vp8: eb34c28f22e8b96e1ab97ce403110664 -> 
  custom:audio-decoder-ogg-vorbis: bf7c407c2cedff20999df2af8eb42d56 -> 
  custom:scripting/monoscript/fileName/Item.cs: c2b7fc65fe255f985743270ca947d8ec -> edfd25bbe8f561e55c7415f9c3adacfe
  custom:scripting/monoscript/fileName/PlayerMovement.cs: 5c1499cfc43e291157e191fb54bb34f9 -> 42480eed24e61f9d7e7e895933644f96
  custom:audio-encoder-webm-vorbis: bf7c407c2cedff20999df2af8eb42d56 -> 
  custom:scripting/precompiled-assembly-types:Assembly-CSharp: 896e92a63afa94734d5099c09f676eac -> bc112aba0faabf23127df56d2c562dad
========================================================================
Received Prepare
Caller must complete domain reload
Begin MonoManager ReloadAssembly
- Loaded All Assemblies, in  0.648 seconds
Native extension for WindowsStandalone target not found
Native extension for Android target not found
Mono: successfully reloaded assembly
- Finished resetting the current domain, in  1.562 seconds
Domain Reload Profiling: 2209ms
	BeginReloadAssembly (223ms)
		ExecutionOrderSort (0ms)
		DisableScriptedObjects (18ms)
		BackupInstance (0ms)
		ReleaseScriptingObjects (0ms)
		CreateAndSetChildDomain (41ms)
	RebuildCommonClasses (53ms)
	RebuildNativeTypeToScriptingClass (17ms)
	initialDomainReloadingComplete (37ms)
	LoadAllAssembliesAndSetupDomain (316ms)
		LoadAssemblies (392ms)
		RebuildTransferFunctionScriptingTraits (0ms)
		AnalyzeDomain (44ms)
			TypeCache.Refresh (11ms)
				TypeCache.ScanAssembly (0ms)
			ScanForSourceGeneratedMonoScriptInfo (19ms)
			ResolveRequiredComponents (13ms)
	FinalizeReload (1563ms)
		ReleaseScriptCaches (0ms)
		RebuildScriptCaches (0ms)
		SetupLoadedEditorAssemblies (711ms)
			LogAssemblyErrors (0ms)
			InitializePlatformSupportModulesInManaged (24ms)
			SetLoadedEditorAssemblies (5ms)
			RefreshPlugins (0ms)
			BeforeProcessingInitializeOnLoad (103ms)
			ProcessInitializeOnLoadAttributes (521ms)
			ProcessInitializeOnLoadMethodAttributes (53ms)
			AfterProcessingInitializeOnLoad (5ms)
			EditorAssembliesLoaded (0ms)
		ExecutionOrderSort2 (0ms)
		AwakeInstancesAfterBackupRestoration (18ms)
Refreshing native plugins compatible for Editor in 5.04 ms, found 4 plugins.
Preloading 0 native plugins for Editor in 0.00 ms.
Unloading 4283 Unused Serialized files (Serialized files now loaded: 0)
Unloading 39 unused Assets / (1.0 MB). Loaded Objects now: 5339.
Memory consumption went from 149.0 MB to 148.0 MB.
Total: 4.605100 ms (FindLiveObjects: 0.447000 ms CreateObjectMapping: 0.125800 ms MarkObjects: 3.465600 ms  DeleteObjects: 0.565600 ms)

Prepare: number of updated asset objects reloaded= 0
AssetImportParameters requested are different than current active one (requested -> active):
  custom:container-demuxer-ogg: 62fdf1f143b41e24485cea50d1cbac27 -> 
  custom:video-decoder-ogg-theora: a1e56fd34408186e4bbccfd4996cb3dc -> 
  custom:framework-win-MediaFoundation: 216162199b28c13a410421893ffa2e32 -> 
  custom:CustomObjectIndexerAttribute: 9a22284fe3817be447336de3de66b15e -> 
  custom:scripting/monoscript/fileName/PauseManager.cs: 0396bd8b7e1a9bd823e7dab64ce9caf2 -> 
  custom:scripting/monoscript/fileName/UIManager.cs: 619f5747dc184f3577c898ec321c40d4 -> 
  custom:scripting/monoscript/fileName/Inventory.cs: 9e763594ef7e0ab7d608bf03e4de17b5 -> 8040a54c9928a06ca68d2588af0de046
  custom:container-demuxer-webm: 4f35f7cbe854078d1ac9338744f61a02 -> 
  custom:scripting/monoscript/fileName/Door.cs: 06c8567cd8937d8d56232f3de9b2d377 -> 89da75c00dd875a160d70ad71da9a2a1
  custom:container-muxer-webm: aa71ff27fc2769a1b78a27578f13a17b -> 
  custom:video-decoder-webm-vp8: 9c59270c3fd7afecdb556c50c9e8de78 -> 
  custom:SearchIndexIgnoredProperties: e643bd26f0fe6173181afceb89e7c659 -> 
  custom:AudioImporter_EditorPlatform: d09bf68614088b80899f8185d706f6e7 -> 
  custom:scripting/monoscript/fileName/PickupItem.cs: d1c0b8648b7d22ff1c12f52229084f6a -> 71d901a7943673c26b0527ad8f269cee
  custom:scripting/monoscript/fileName/Room.cs: d1c87f5a00c96902b5884b56b22265d6 -> 80712595f8242fc9e86128d3188cd0f1
  custom:scripting/monoscript/fileName/RoomManager.cs: 70017efd1ccd640cc235ecbd5526ad30 -> 579c8f6d2c175182baea4cac812896a0
  custom:video-encoder-webm-vp8: eb34c28f22e8b96e1ab97ce403110664 -> 
  custom:audio-decoder-ogg-vorbis: bf7c407c2cedff20999df2af8eb42d56 -> 
  custom:scripting/monoscript/fileName/Item.cs: c2b7fc65fe255f985743270ca947d8ec -> edfd25bbe8f561e55c7415f9c3adacfe
  custom:scripting/monoscript/fileName/PlayerMovement.cs: 5c1499cfc43e291157e191fb54bb34f9 -> 42480eed24e61f9d7e7e895933644f96
  custom:audio-encoder-webm-vorbis: bf7c407c2cedff20999df2af8eb42d56 -> 
  custom:scripting/precompiled-assembly-types:Assembly-CSharp: 896e92a63afa94734d5099c09f676eac -> bc112aba0faabf23127df56d2c562dad
========================================================================
Received Prepare
Caller must complete domain reload
Begin MonoManager ReloadAssembly
- Loaded All Assemblies, in  0.611 seconds
Native extension for WindowsStandalone target not found
Native extension for Android target not found
Mono: successfully reloaded assembly
- Finished resetting the current domain, in  1.622 seconds
Domain Reload Profiling: 2232ms
	BeginReloadAssembly (210ms)
		ExecutionOrderSort (0ms)
		DisableScriptedObjects (15ms)
		BackupInstance (0ms)
		ReleaseScriptingObjects (0ms)
		CreateAndSetChildDomain (38ms)
	RebuildCommonClasses (54ms)
	RebuildNativeTypeToScriptingClass (19ms)
	initialDomainReloadingComplete (38ms)
	LoadAllAssembliesAndSetupDomain (289ms)
		LoadAssemblies (385ms)
		RebuildTransferFunctionScriptingTraits (0ms)
		AnalyzeDomain (19ms)
			TypeCache.Refresh (6ms)
				TypeCache.ScanAssembly (0ms)
			ScanForSourceGeneratedMonoScriptInfo (0ms)
			ResolveRequiredComponents (10ms)
	FinalizeReload (1623ms)
		ReleaseScriptCaches (0ms)
		RebuildScriptCaches (0ms)
		SetupLoadedEditorAssemblies (748ms)
			LogAssemblyErrors (0ms)
			InitializePlatformSupportModulesInManaged (23ms)
			SetLoadedEditorAssemblies (4ms)
			RefreshPlugins (0ms)
			BeforeProcessingInitializeOnLoad (111ms)
			ProcessInitializeOnLoadAttributes (560ms)
			ProcessInitializeOnLoadMethodAttributes (45ms)
			AfterProcessingInitializeOnLoad (4ms)
			EditorAssembliesLoaded (0ms)
		ExecutionOrderSort2 (0ms)
		AwakeInstancesAfterBackupRestoration (17ms)
Refreshing native plugins compatible for Editor in 6.94 ms, found 4 plugins.
Preloading 0 native plugins for Editor in 0.00 ms.
Unloading 4283 Unused Serialized files (Serialized files now loaded: 0)
Unloading 39 unused Assets / (1.0 MB). Loaded Objects now: 5356.
Memory consumption went from 149.0 MB to 148.0 MB.
Total: 5.630500 ms (FindLiveObjects: 0.525800 ms CreateObjectMapping: 0.208300 ms MarkObjects: 4.029900 ms  DeleteObjects: 0.864400 ms)

Prepare: number of updated asset objects reloaded= 0
AssetImportParameters requested are different than current active one (requested -> active):
  custom:container-demuxer-ogg: 62fdf1f143b41e24485cea50d1cbac27 -> 
  custom:video-decoder-ogg-theora: a1e56fd34408186e4bbccfd4996cb3dc -> 
  custom:framework-win-MediaFoundation: 216162199b28c13a410421893ffa2e32 -> 
  custom:CustomObjectIndexerAttribute: 9a22284fe3817be447336de3de66b15e -> 
  custom:scripting/monoscript/fileName/PauseManager.cs: 0396bd8b7e1a9bd823e7dab64ce9caf2 -> 
  custom:scripting/monoscript/fileName/UIManager.cs: 619f5747dc184f3577c898ec321c40d4 -> 
  custom:scripting/monoscript/fileName/Inventory.cs: 9e763594ef7e0ab7d608bf03e4de17b5 -> 8040a54c9928a06ca68d2588af0de046
  custom:container-demuxer-webm: 4f35f7cbe854078d1ac9338744f61a02 -> 
  custom:scripting/monoscript/fileName/Door.cs: 06c8567cd8937d8d56232f3de9b2d377 -> 89da75c00dd875a160d70ad71da9a2a1
  custom:container-muxer-webm: aa71ff27fc2769a1b78a27578f13a17b -> 
  custom:video-decoder-webm-vp8: 9c59270c3fd7afecdb556c50c9e8de78 -> 
  custom:SearchIndexIgnoredProperties: e643bd26f0fe6173181afceb89e7c659 -> 
  custom:AudioImporter_EditorPlatform: d09bf68614088b80899f8185d706f6e7 -> 
  custom:scripting/monoscript/fileName/PickupItem.cs: d1c0b8648b7d22ff1c12f52229084f6a -> 71d901a7943673c26b0527ad8f269cee
  custom:scripting/monoscript/fileName/Room.cs: d1c87f5a00c96902b5884b56b22265d6 -> 80712595f8242fc9e86128d3188cd0f1
  custom:scripting/monoscript/fileName/RoomManager.cs: 70017efd1ccd640cc235ecbd5526ad30 -> 579c8f6d2c175182baea4cac812896a0
  custom:video-encoder-webm-vp8: eb34c28f22e8b96e1ab97ce403110664 -> 
  custom:audio-decoder-ogg-vorbis: bf7c407c2cedff20999df2af8eb42d56 -> 
  custom:scripting/monoscript/fileName/Item.cs: c2b7fc65fe255f985743270ca947d8ec -> edfd25bbe8f561e55c7415f9c3adacfe
  custom:scripting/monoscript/fileName/PlayerMovement.cs: 5c1499cfc43e291157e191fb54bb34f9 -> 42480eed24e61f9d7e7e895933644f96
  custom:audio-encoder-webm-vorbis: bf7c407c2cedff20999df2af8eb42d56 -> 
  custom:scripting/precompiled-assembly-types:Assembly-CSharp: 896e92a63afa94734d5099c09f676eac -> bc112aba0faabf23127df56d2c562dad
========================================================================
Received Import Request.
  Time since last request: 826.544810 seconds.
  path: Assets/TextMesh Pro/Resources/Fonts & Materials/LiberationSans SDF - Drop Shadow.mat
  artifactKey: Guid(e73a58f6e2794ae7b1b7e50b7fb811b0) Importer(815301076,1909f56bfc062723c751e8b465ee728b)
Start importing Assets/TextMesh Pro/Resources/Fonts & Materials/LiberationSans SDF - Drop Shadow.mat using Guid(e73a58f6e2794ae7b1b7e50b7fb811b0) Importer(815301076,1909f56bfc062723c751e8b465ee728b) [PhysX] Initialized MultithreadedTaskDispatcher with 12 workers.
[PhysX] Initialized MultithreadedTaskDispatcher with 12 workers.
 -> (artifact id: '4d9ed2e3d180874d8655564ca197a684') in 0.893296 seconds
Number of updated asset objects reloaded before import = 0
Number of asset objects unloaded after import = 3
========================================================================
Received Import Request.
  Time since last request: 0.000048 seconds.
  path: Assets/TextMesh Pro/Resources/Fonts & Materials/LiberationSans SDF - Outline.mat
  artifactKey: Guid(79459efec17a4d00a321bdcc27bbc385) Importer(815301076,1909f56bfc062723c751e8b465ee728b)
Start importing Assets/TextMesh Pro/Resources/Fonts & Materials/LiberationSans SDF - Outline.mat using Guid(79459efec17a4d00a321bdcc27bbc385) Importer(815301076,1909f56bfc062723c751e8b465ee728b) [PhysX] Initialized MultithreadedTaskDispatcher with 12 workers.
[PhysX] Initialized MultithreadedTaskDispatcher with 12 workers.
 -> (artifact id: 'd63c5b7b52a9fe093509cc3c24e70224') in 0.087958 seconds
Number of updated asset objects reloaded before import = 0
Number of asset objects unloaded after import = 3
========================================================================
Received Prepare
Caller must complete domain reload
Begin MonoManager ReloadAssembly
- Loaded All Assemblies, in  0.656 seconds
Native extension for WindowsStandalone target not found
Native extension for Android target not found
Mono: successfully reloaded assembly
- Finished resetting the current domain, in  1.803 seconds
Domain Reload Profiling: 2458ms
	BeginReloadAssembly (240ms)
		ExecutionOrderSort (0ms)
		DisableScriptedObjects (17ms)
		BackupInstance (0ms)
		ReleaseScriptingObjects (0ms)
		CreateAndSetChildDomain (48ms)
	RebuildCommonClasses (54ms)
	RebuildNativeTypeToScriptingClass (18ms)
	initialDomainReloadingComplete (36ms)
	LoadAllAssembliesAndSetupDomain (305ms)
		LoadAssemblies (421ms)
		RebuildTransferFunctionScriptingTraits (0ms)
		AnalyzeDomain (22ms)
			TypeCache.Refresh (8ms)
				TypeCache.ScanAssembly (0ms)
			ScanForSourceGeneratedMonoScriptInfo (0ms)
			ResolveRequiredComponents (11ms)
	FinalizeReload (1804ms)
		ReleaseScriptCaches (0ms)
		RebuildScriptCaches (0ms)
		SetupLoadedEditorAssemblies (826ms)
			LogAssemblyErrors (0ms)
			InitializePlatformSupportModulesInManaged (30ms)
			SetLoadedEditorAssemblies (7ms)
			RefreshPlugins (0ms)
			BeforeProcessingInitializeOnLoad (128ms)
			ProcessInitializeOnLoadAttributes (601ms)
			ProcessInitializeOnLoadMethodAttributes (55ms)
			AfterProcessingInitializeOnLoad (5ms)
			EditorAssembliesLoaded (0ms)
		ExecutionOrderSort2 (0ms)
		AwakeInstancesAfterBackupRestoration (20ms)
Refreshing native plugins compatible for Editor in 5.08 ms, found 4 plugins.
Preloading 0 native plugins for Editor in 0.00 ms.
Unloading 4282 Unused Serialized files (Serialized files now loaded: 0)
Unloading 38 unused Assets / (0.9 MB). Loaded Objects now: 5414.
Memory consumption went from 153.7 MB to 152.7 MB.
Total: 4.562200 ms (FindLiveObjects: 0.488400 ms CreateObjectMapping: 0.131000 ms MarkObjects: 3.351600 ms  DeleteObjects: 0.589900 ms)

Prepare: number of updated asset objects reloaded= 0
AssetImportParameters requested are different than current active one (requested -> active):
  custom:container-demuxer-ogg: 62fdf1f143b41e24485cea50d1cbac27 -> 
  custom:video-decoder-ogg-theora: a1e56fd34408186e4bbccfd4996cb3dc -> 
  custom:framework-win-MediaFoundation: 216162199b28c13a410421893ffa2e32 -> 
  custom:CustomObjectIndexerAttribute: 9a22284fe3817be447336de3de66b15e -> 
  custom:scripting/monoscript/fileName/PauseManager.cs: 0396bd8b7e1a9bd823e7dab64ce9caf2 -> 
  custom:scripting/monoscript/fileName/UIManager.cs: 619f5747dc184f3577c898ec321c40d4 -> 
  custom:scripting/monoscript/fileName/Inventory.cs: 9e763594ef7e0ab7d608bf03e4de17b5 -> 8040a54c9928a06ca68d2588af0de046
  custom:container-demuxer-webm: 4f35f7cbe854078d1ac9338744f61a02 -> 
  custom:scripting/monoscript/fileName/Door.cs: 06c8567cd8937d8d56232f3de9b2d377 -> 89da75c00dd875a160d70ad71da9a2a1
  custom:container-muxer-webm: aa71ff27fc2769a1b78a27578f13a17b -> 
  custom:video-decoder-webm-vp8: 9c59270c3fd7afecdb556c50c9e8de78 -> 
  custom:SearchIndexIgnoredProperties: e643bd26f0fe6173181afceb89e7c659 -> 
  custom:AudioImporter_EditorPlatform: d09bf68614088b80899f8185d706f6e7 -> 
  custom:scripting/monoscript/fileName/PickupItem.cs: d1c0b8648b7d22ff1c12f52229084f6a -> 71d901a7943673c26b0527ad8f269cee
  custom:scripting/monoscript/fileName/Room.cs: d1c87f5a00c96902b5884b56b22265d6 -> 80712595f8242fc9e86128d3188cd0f1
  custom:scripting/monoscript/fileName/RoomManager.cs: 70017efd1ccd640cc235ecbd5526ad30 -> 579c8f6d2c175182baea4cac812896a0
  custom:video-encoder-webm-vp8: eb34c28f22e8b96e1ab97ce403110664 -> 
  custom:audio-decoder-ogg-vorbis: bf7c407c2cedff20999df2af8eb42d56 -> 
  custom:scripting/monoscript/fileName/Item.cs: c2b7fc65fe255f985743270ca947d8ec -> edfd25bbe8f561e55c7415f9c3adacfe
  custom:scripting/monoscript/fileName/PlayerMovement.cs: 5c1499cfc43e291157e191fb54bb34f9 -> 42480eed24e61f9d7e7e895933644f96
  custom:audio-encoder-webm-vorbis: bf7c407c2cedff20999df2af8eb42d56 -> 
  custom:scripting/precompiled-assembly-types:Assembly-CSharp: 896e92a63afa94734d5099c09f676eac -> bc112aba0faabf23127df56d2c562dad
========================================================================
Received Prepare
Caller must complete domain reload
Begin MonoManager ReloadAssembly
- Loaded All Assemblies, in  0.615 seconds
Native extension for WindowsStandalone target not found
Native extension for Android target not found
Mono: successfully reloaded assembly
- Finished resetting the current domain, in  1.610 seconds
Domain Reload Profiling: 2224ms
	BeginReloadAssembly (218ms)
		ExecutionOrderSort (0ms)
		DisableScriptedObjects (17ms)
		BackupInstance (0ms)
		ReleaseScriptingObjects (0ms)
		CreateAndSetChildDomain (36ms)
	RebuildCommonClasses (48ms)
	RebuildNativeTypeToScriptingClass (23ms)
	initialDomainReloadingComplete (44ms)
	LoadAllAssembliesAndSetupDomain (280ms)
		LoadAssemblies (386ms)
		RebuildTransferFunctionScriptingTraits (0ms)
		AnalyzeDomain (24ms)
			TypeCache.Refresh (7ms)
				TypeCache.ScanAssembly (0ms)
			ScanForSourceGeneratedMonoScriptInfo (0ms)
			ResolveRequiredComponents (14ms)
	FinalizeReload (1610ms)
		ReleaseScriptCaches (0ms)
		RebuildScriptCaches (0ms)
		SetupLoadedEditorAssemblies (721ms)
			LogAssemblyErrors (0ms)
			InitializePlatformSupportModulesInManaged (29ms)
			SetLoadedEditorAssemblies (5ms)
			RefreshPlugins (0ms)
			BeforeProcessingInitializeOnLoad (112ms)
			ProcessInitializeOnLoadAttributes (517ms)
			ProcessInitializeOnLoadMethodAttributes (52ms)
			AfterProcessingInitializeOnLoad (6ms)
			EditorAssembliesLoaded (0ms)
		ExecutionOrderSort2 (0ms)
		AwakeInstancesAfterBackupRestoration (21ms)
Refreshing native plugins compatible for Editor in 6.17 ms, found 4 plugins.
Preloading 0 native plugins for Editor in 0.00 ms.
Unloading 4282 Unused Serialized files (Serialized files now loaded: 0)
Unloading 38 unused Assets / (0.9 MB). Loaded Objects now: 5431.
Memory consumption went from 153.7 MB to 152.8 MB.
Total: 8.423000 ms (FindLiveObjects: 0.672500 ms CreateObjectMapping: 0.282600 ms MarkObjects: 6.541000 ms  DeleteObjects: 0.925500 ms)

Prepare: number of updated asset objects reloaded= 0
AssetImportParameters requested are different than current active one (requested -> active):
  custom:container-demuxer-ogg: 62fdf1f143b41e24485cea50d1cbac27 -> 
  custom:video-decoder-ogg-theora: a1e56fd34408186e4bbccfd4996cb3dc -> 
  custom:framework-win-MediaFoundation: 216162199b28c13a410421893ffa2e32 -> 
  custom:CustomObjectIndexerAttribute: 9a22284fe3817be447336de3de66b15e -> 
  custom:scripting/monoscript/fileName/PauseManager.cs: 0396bd8b7e1a9bd823e7dab64ce9caf2 -> 
  custom:scripting/monoscript/fileName/UIManager.cs: 619f5747dc184f3577c898ec321c40d4 -> 
  custom:scripting/monoscript/fileName/Inventory.cs: 9e763594ef7e0ab7d608bf03e4de17b5 -> 8040a54c9928a06ca68d2588af0de046
  custom:container-demuxer-webm: 4f35f7cbe854078d1ac9338744f61a02 -> 
  custom:scripting/monoscript/fileName/Door.cs: 06c8567cd8937d8d56232f3de9b2d377 -> 89da75c00dd875a160d70ad71da9a2a1
  custom:container-muxer-webm: aa71ff27fc2769a1b78a27578f13a17b -> 
  custom:video-decoder-webm-vp8: 9c59270c3fd7afecdb556c50c9e8de78 -> 
  custom:SearchIndexIgnoredProperties: e643bd26f0fe6173181afceb89e7c659 -> 
  custom:AudioImporter_EditorPlatform: d09bf68614088b80899f8185d706f6e7 -> 
  custom:scripting/monoscript/fileName/PickupItem.cs: d1c0b8648b7d22ff1c12f52229084f6a -> 71d901a7943673c26b0527ad8f269cee
  custom:scripting/monoscript/fileName/Room.cs: d1c87f5a00c96902b5884b56b22265d6 -> 80712595f8242fc9e86128d3188cd0f1
  custom:scripting/monoscript/fileName/RoomManager.cs: 70017efd1ccd640cc235ecbd5526ad30 -> 579c8f6d2c175182baea4cac812896a0
  custom:video-encoder-webm-vp8: eb34c28f22e8b96e1ab97ce403110664 -> 
  custom:audio-decoder-ogg-vorbis: bf7c407c2cedff20999df2af8eb42d56 -> 
  custom:scripting/monoscript/fileName/Item.cs: c2b7fc65fe255f985743270ca947d8ec -> edfd25bbe8f561e55c7415f9c3adacfe
  custom:scripting/monoscript/fileName/PlayerMovement.cs: 5c1499cfc43e291157e191fb54bb34f9 -> 42480eed24e61f9d7e7e895933644f96
  custom:audio-encoder-webm-vorbis: bf7c407c2cedff20999df2af8eb42d56 -> 
  custom:scripting/precompiled-assembly-types:Assembly-CSharp: 896e92a63afa94734d5099c09f676eac -> bc112aba0faabf23127df56d2c562dad
========================================================================
Received Prepare
Caller must complete domain reload
Begin MonoManager ReloadAssembly
- Loaded All Assemblies, in  0.618 seconds
Native extension for WindowsStandalone target not found
Native extension for Android target not found
Mono: successfully reloaded assembly
- Finished resetting the current domain, in  1.565 seconds
Domain Reload Profiling: 2182ms
	BeginReloadAssembly (223ms)
		ExecutionOrderSort (0ms)
		DisableScriptedObjects (18ms)
		BackupInstance (0ms)
		ReleaseScriptingObjects (0ms)
		CreateAndSetChildDomain (36ms)
	RebuildCommonClasses (51ms)
	RebuildNativeTypeToScriptingClass (20ms)
	initialDomainReloadingComplete (38ms)
	LoadAllAssembliesAndSetupDomain (284ms)
		LoadAssemblies (392ms)
		RebuildTransferFunctionScriptingTraits (0ms)
		AnalyzeDomain (24ms)
			TypeCache.Refresh (8ms)
				TypeCache.ScanAssembly (0ms)
			ScanForSourceGeneratedMonoScriptInfo (0ms)
			ResolveRequiredComponents (13ms)
	FinalizeReload (1566ms)
		ReleaseScriptCaches (0ms)
		RebuildScriptCaches (0ms)
		SetupLoadedEditorAssemblies (720ms)
			LogAssemblyErrors (0ms)
			InitializePlatformSupportModulesInManaged (28ms)
			SetLoadedEditorAssemblies (5ms)
			RefreshPlugins (0ms)
			BeforeProcessingInitializeOnLoad (99ms)
			ProcessInitializeOnLoadAttributes (529ms)
			ProcessInitializeOnLoadMethodAttributes (51ms)
			AfterProcessingInitializeOnLoad (6ms)
			EditorAssembliesLoaded (1ms)
		ExecutionOrderSort2 (0ms)
		AwakeInstancesAfterBackupRestoration (18ms)
Refreshing native plugins compatible for Editor in 6.22 ms, found 4 plugins.
Preloading 0 native plugins for Editor in 0.00 ms.
Unloading 4282 Unused Serialized files (Serialized files now loaded: 0)
Unloading 38 unused Assets / (0.9 MB). Loaded Objects now: 5448.
Memory consumption went from 153.7 MB to 152.8 MB.
Total: 5.844600 ms (FindLiveObjects: 0.591700 ms CreateObjectMapping: 0.304800 ms MarkObjects: 4.252900 ms  DeleteObjects: 0.694000 ms)

Prepare: number of updated asset objects reloaded= 0
AssetImportParameters requested are different than current active one (requested -> active):
  custom:container-demuxer-ogg: 62fdf1f143b41e24485cea50d1cbac27 -> 
  custom:video-decoder-ogg-theora: a1e56fd34408186e4bbccfd4996cb3dc -> 
  custom:framework-win-MediaFoundation: 216162199b28c13a410421893ffa2e32 -> 
  custom:CustomObjectIndexerAttribute: 9a22284fe3817be447336de3de66b15e -> 
  custom:scripting/monoscript/fileName/PauseManager.cs: 0396bd8b7e1a9bd823e7dab64ce9caf2 -> 
  custom:scripting/monoscript/fileName/UIManager.cs: 619f5747dc184f3577c898ec321c40d4 -> 
  custom:scripting/monoscript/fileName/Inventory.cs: 9e763594ef7e0ab7d608bf03e4de17b5 -> 8040a54c9928a06ca68d2588af0de046
  custom:container-demuxer-webm: 4f35f7cbe854078d1ac9338744f61a02 -> 
  custom:scripting/monoscript/fileName/Door.cs: 06c8567cd8937d8d56232f3de9b2d377 -> 89da75c00dd875a160d70ad71da9a2a1
  custom:container-muxer-webm: aa71ff27fc2769a1b78a27578f13a17b -> 
  custom:video-decoder-webm-vp8: 9c59270c3fd7afecdb556c50c9e8de78 -> 
  custom:SearchIndexIgnoredProperties: e643bd26f0fe6173181afceb89e7c659 -> 
  custom:AudioImporter_EditorPlatform: d09bf68614088b80899f8185d706f6e7 -> 
  custom:scripting/monoscript/fileName/PickupItem.cs: d1c0b8648b7d22ff1c12f52229084f6a -> 71d901a7943673c26b0527ad8f269cee
  custom:scripting/monoscript/fileName/Room.cs: d1c87f5a00c96902b5884b56b22265d6 -> 80712595f8242fc9e86128d3188cd0f1
  custom:scripting/monoscript/fileName/RoomManager.cs: 70017efd1ccd640cc235ecbd5526ad30 -> 579c8f6d2c175182baea4cac812896a0
  custom:video-encoder-webm-vp8: eb34c28f22e8b96e1ab97ce403110664 -> 
  custom:audio-decoder-ogg-vorbis: bf7c407c2cedff20999df2af8eb42d56 -> 
  custom:scripting/monoscript/fileName/Item.cs: c2b7fc65fe255f985743270ca947d8ec -> edfd25bbe8f561e55c7415f9c3adacfe
  custom:scripting/monoscript/fileName/PlayerMovement.cs: 5c1499cfc43e291157e191fb54bb34f9 -> 42480eed24e61f9d7e7e895933644f96
  custom:audio-encoder-webm-vorbis: bf7c407c2cedff20999df2af8eb42d56 -> 
  custom:scripting/precompiled-assembly-types:Assembly-CSharp: 896e92a63afa94734d5099c09f676eac -> bc112aba0faabf23127df56d2c562dad
========================================================================
Received Prepare
Caller must complete domain reload
Begin MonoManager ReloadAssembly
- Loaded All Assemblies, in  1.662 seconds
Native extension for WindowsStandalone target not found
Native extension for Android target not found
Mono: successfully reloaded assembly
- Finished resetting the current domain, in 10.782 seconds
Domain Reload Profiling: 12443ms
	BeginReloadAssembly (228ms)
		ExecutionOrderSort (0ms)
		DisableScriptedObjects (20ms)
		BackupInstance (0ms)
		ReleaseScriptingObjects (0ms)
		CreateAndSetChildDomain (44ms)
	RebuildCommonClasses (45ms)
	RebuildNativeTypeToScriptingClass (20ms)
	initialDomainReloadingComplete (53ms)
	LoadAllAssembliesAndSetupDomain (1314ms)
		LoadAssemblies (1395ms)
		RebuildTransferFunctionScriptingTraits (0ms)
		AnalyzeDomain (46ms)
			TypeCache.Refresh (13ms)
				TypeCache.ScanAssembly (0ms)
			ScanForSourceGeneratedMonoScriptInfo (18ms)
			ResolveRequiredComponents (13ms)
	FinalizeReload (10783ms)
		ReleaseScriptCaches (0ms)
		RebuildScriptCaches (0ms)
		SetupLoadedEditorAssemblies (602ms)
			LogAssemblyErrors (0ms)
			InitializePlatformSupportModulesInManaged (27ms)
			SetLoadedEditorAssemblies (5ms)
			RefreshPlugins (0ms)
			BeforeProcessingInitializeOnLoad (102ms)
			ProcessInitializeOnLoadAttributes (419ms)
			ProcessInitializeOnLoadMethodAttributes (45ms)
			AfterProcessingInitializeOnLoad (4ms)
			EditorAssembliesLoaded (0ms)
		ExecutionOrderSort2 (0ms)
		AwakeInstancesAfterBackupRestoration (16ms)
Refreshing native plugins compatible for Editor in 4.80 ms, found 4 plugins.
Preloading 0 native plugins for Editor in 0.00 ms.
Unloading 4283 Unused Serialized files (Serialized files now loaded: 0)
Unloading 38 unused Assets / (0.9 MB). Loaded Objects now: 5466.
Memory consumption went from 153.7 MB to 152.8 MB.
Total: 4.449400 ms (FindLiveObjects: 0.464600 ms CreateObjectMapping: 0.125300 ms MarkObjects: 3.330100 ms  DeleteObjects: 0.528100 ms)

Prepare: number of updated asset objects reloaded= 0
AssetImportParameters requested are different than current active one (requested -> active):
  custom:container-demuxer-ogg: 62fdf1f143b41e24485cea50d1cbac27 -> 
  custom:video-decoder-ogg-theora: a1e56fd34408186e4bbccfd4996cb3dc -> 
  custom:framework-win-MediaFoundation: 216162199b28c13a410421893ffa2e32 -> 
  custom:scripting/monoscript/fileName/InventoryUI.cs: a51eed18ec49e69d87a737edf5ea607f -> 
  custom:CustomObjectIndexerAttribute: 9a22284fe3817be447336de3de66b15e -> 
  custom:scripting/monoscript/fileName/PauseManager.cs: 0396bd8b7e1a9bd823e7dab64ce9caf2 -> 
  custom:scripting/monoscript/fileName/UIManager.cs: 619f5747dc184f3577c898ec321c40d4 -> 
  custom:scripting/monoscript/fileName/Inventory.cs: 9e763594ef7e0ab7d608bf03e4de17b5 -> 8040a54c9928a06ca68d2588af0de046
  custom:container-demuxer-webm: 4f35f7cbe854078d1ac9338744f61a02 -> 
  custom:scripting/monoscript/fileName/Door.cs: 06c8567cd8937d8d56232f3de9b2d377 -> 89da75c00dd875a160d70ad71da9a2a1
  custom:container-muxer-webm: aa71ff27fc2769a1b78a27578f13a17b -> 
  custom:video-decoder-webm-vp8: 9c59270c3fd7afecdb556c50c9e8de78 -> 
  custom:SearchIndexIgnoredProperties: e643bd26f0fe6173181afceb89e7c659 -> 
  custom:AudioImporter_EditorPlatform: d09bf68614088b80899f8185d706f6e7 -> 
  custom:scripting/monoscript/fileName/PickupItem.cs: d1c0b8648b7d22ff1c12f52229084f6a -> 71d901a7943673c26b0527ad8f269cee
  custom:scripting/monoscript/fileName/Room.cs: d1c87f5a00c96902b5884b56b22265d6 -> 80712595f8242fc9e86128d3188cd0f1
  custom:scripting/monoscript/fileName/RoomManager.cs: 70017efd1ccd640cc235ecbd5526ad30 -> 579c8f6d2c175182baea4cac812896a0
  custom:video-encoder-webm-vp8: eb34c28f22e8b96e1ab97ce403110664 -> 
  custom:audio-decoder-ogg-vorbis: bf7c407c2cedff20999df2af8eb42d56 -> 
  custom:scripting/monoscript/fileName/Item.cs: c2b7fc65fe255f985743270ca947d8ec -> edfd25bbe8f561e55c7415f9c3adacfe
  custom:scripting/monoscript/fileName/PlayerMovement.cs: 5c1499cfc43e291157e191fb54bb34f9 -> 42480eed24e61f9d7e7e895933644f96
  custom:audio-encoder-webm-vorbis: bf7c407c2cedff20999df2af8eb42d56 -> 
  custom:scripting/precompiled-assembly-types:Assembly-CSharp: 78ed69d2dae625d2669ac29421a95a9c -> bc112aba0faabf23127df56d2c562dad
========================================================================
Received Prepare
Caller must complete domain reload
Begin MonoManager ReloadAssembly
- Loaded All Assemblies, in  0.646 seconds
Native extension for WindowsStandalone target not found
Native extension for Android target not found
Mono: successfully reloaded assembly
- Finished resetting the current domain, in  1.471 seconds
Domain Reload Profiling: 2116ms
	BeginReloadAssembly (218ms)
		ExecutionOrderSort (0ms)
		DisableScriptedObjects (20ms)
		BackupInstance (0ms)
		ReleaseScriptingObjects (0ms)
		CreateAndSetChildDomain (38ms)
	RebuildCommonClasses (53ms)
	RebuildNativeTypeToScriptingClass (20ms)
	initialDomainReloadingComplete (41ms)
	LoadAllAssembliesAndSetupDomain (311ms)
		LoadAssemblies (402ms)
		RebuildTransferFunctionScriptingTraits (0ms)
		AnalyzeDomain (37ms)
			TypeCache.Refresh (11ms)
				TypeCache.ScanAssembly (0ms)
			ScanForSourceGeneratedMonoScriptInfo (15ms)
			ResolveRequiredComponents (9ms)
	FinalizeReload (1472ms)
		ReleaseScriptCaches (0ms)
		RebuildScriptCaches (0ms)
		SetupLoadedEditorAssemblies (617ms)
			LogAssemblyErrors (0ms)
			InitializePlatformSupportModulesInManaged (25ms)
			SetLoadedEditorAssemblies (4ms)
			RefreshPlugins (0ms)
			BeforeProcessingInitializeOnLoad (102ms)
			ProcessInitializeOnLoadAttributes (436ms)
			ProcessInitializeOnLoadMethodAttributes (45ms)
			AfterProcessingInitializeOnLoad (5ms)
			EditorAssembliesLoaded (1ms)
		ExecutionOrderSort2 (0ms)
		AwakeInstancesAfterBackupRestoration (18ms)
Refreshing native plugins compatible for Editor in 5.46 ms, found 4 plugins.
Preloading 0 native plugins for Editor in 0.00 ms.
Unloading 4283 Unused Serialized files (Serialized files now loaded: 0)
Unloading 38 unused Assets / (0.9 MB). Loaded Objects now: 5483.
Memory consumption went from 153.8 MB to 152.8 MB.
Total: 4.630400 ms (FindLiveObjects: 0.517200 ms CreateObjectMapping: 0.138800 ms MarkObjects: 3.383600 ms  DeleteObjects: 0.588500 ms)

Prepare: number of updated asset objects reloaded= 0
AssetImportParameters requested are different than current active one (requested -> active):
  custom:container-demuxer-ogg: 62fdf1f143b41e24485cea50d1cbac27 -> 
  custom:video-decoder-ogg-theora: a1e56fd34408186e4bbccfd4996cb3dc -> 
  custom:framework-win-MediaFoundation: 216162199b28c13a410421893ffa2e32 -> 
  custom:scripting/monoscript/fileName/InventoryUI.cs: a51eed18ec49e69d87a737edf5ea607f -> 
  custom:CustomObjectIndexerAttribute: 9a22284fe3817be447336de3de66b15e -> 
  custom:scripting/monoscript/fileName/PauseManager.cs: 0396bd8b7e1a9bd823e7dab64ce9caf2 -> 
  custom:scripting/monoscript/fileName/UIManager.cs: 619f5747dc184f3577c898ec321c40d4 -> 
  custom:scripting/monoscript/fileName/Inventory.cs: 9e763594ef7e0ab7d608bf03e4de17b5 -> 8040a54c9928a06ca68d2588af0de046
  custom:container-demuxer-webm: 4f35f7cbe854078d1ac9338744f61a02 -> 
  custom:scripting/monoscript/fileName/Door.cs: 06c8567cd8937d8d56232f3de9b2d377 -> 89da75c00dd875a160d70ad71da9a2a1
  custom:container-muxer-webm: aa71ff27fc2769a1b78a27578f13a17b -> 
  custom:video-decoder-webm-vp8: 9c59270c3fd7afecdb556c50c9e8de78 -> 
  custom:SearchIndexIgnoredProperties: e643bd26f0fe6173181afceb89e7c659 -> 
  custom:AudioImporter_EditorPlatform: d09bf68614088b80899f8185d706f6e7 -> 
  custom:scripting/monoscript/fileName/PickupItem.cs: d1c0b8648b7d22ff1c12f52229084f6a -> 71d901a7943673c26b0527ad8f269cee
  custom:scripting/monoscript/fileName/Room.cs: d1c87f5a00c96902b5884b56b22265d6 -> 80712595f8242fc9e86128d3188cd0f1
  custom:scripting/monoscript/fileName/RoomManager.cs: 70017efd1ccd640cc235ecbd5526ad30 -> 579c8f6d2c175182baea4cac812896a0
  custom:video-encoder-webm-vp8: eb34c28f22e8b96e1ab97ce403110664 -> 
  custom:audio-decoder-ogg-vorbis: bf7c407c2cedff20999df2af8eb42d56 -> 
  custom:scripting/monoscript/fileName/Item.cs: c2b7fc65fe255f985743270ca947d8ec -> edfd25bbe8f561e55c7415f9c3adacfe
  custom:scripting/monoscript/fileName/PlayerMovement.cs: 5c1499cfc43e291157e191fb54bb34f9 -> 42480eed24e61f9d7e7e895933644f96
  custom:audio-encoder-webm-vorbis: bf7c407c2cedff20999df2af8eb42d56 -> 
  custom:scripting/precompiled-assembly-types:Assembly-CSharp: 78ed69d2dae625d2669ac29421a95a9c -> bc112aba0faabf23127df56d2c562dad
========================================================================
Received Prepare
Caller must complete domain reload
Begin MonoManager ReloadAssembly
- Loaded All Assemblies, in  0.614 seconds
Native extension for WindowsStandalone target not found
Native extension for Android target not found
Mono: successfully reloaded assembly
- Finished resetting the current domain, in  1.609 seconds
Domain Reload Profiling: 2221ms
	BeginReloadAssembly (216ms)
		ExecutionOrderSort (0ms)
		DisableScriptedObjects (16ms)
		BackupInstance (0ms)
		ReleaseScriptingObjects (0ms)
		CreateAndSetChildDomain (38ms)
	RebuildCommonClasses (50ms)
	RebuildNativeTypeToScriptingClass (14ms)
	initialDomainReloadingComplete (43ms)
	LoadAllAssembliesAndSetupDomain (289ms)
		LoadAssemblies (399ms)
		RebuildTransferFunctionScriptingTraits (0ms)
		AnalyzeDomain (17ms)
			TypeCache.Refresh (7ms)
				TypeCache.ScanAssembly (0ms)
			ScanForSourceGeneratedMonoScriptInfo (0ms)
			ResolveRequiredComponents (9ms)
	FinalizeReload (1610ms)
		ReleaseScriptCaches (0ms)
		RebuildScriptCaches (0ms)
		SetupLoadedEditorAssemblies (755ms)
			LogAssemblyErrors (0ms)
			InitializePlatformSupportModulesInManaged (26ms)
			SetLoadedEditorAssemblies (4ms)
			RefreshPlugins (0ms)
			BeforeProcessingInitializeOnLoad (110ms)
			ProcessInitializeOnLoadAttributes (560ms)
			ProcessInitializeOnLoadMethodAttributes (49ms)
			AfterProcessingInitializeOnLoad (5ms)
			EditorAssembliesLoaded (0ms)
		ExecutionOrderSort2 (0ms)
		AwakeInstancesAfterBackupRestoration (18ms)
Refreshing native plugins compatible for Editor in 6.95 ms, found 4 plugins.
Preloading 0 native plugins for Editor in 0.00 ms.
Unloading 4283 Unused Serialized files (Serialized files now loaded: 0)
Unloading 38 unused Assets / (0.9 MB). Loaded Objects now: 5500.
Memory consumption went from 153.8 MB to 152.8 MB.
Total: 5.620600 ms (FindLiveObjects: 0.556900 ms CreateObjectMapping: 0.165300 ms MarkObjects: 4.121100 ms  DeleteObjects: 0.775600 ms)

Prepare: number of updated asset objects reloaded= 0
AssetImportParameters requested are different than current active one (requested -> active):
  custom:container-demuxer-ogg: 62fdf1f143b41e24485cea50d1cbac27 -> 
  custom:video-decoder-ogg-theora: a1e56fd34408186e4bbccfd4996cb3dc -> 
  custom:framework-win-MediaFoundation: 216162199b28c13a410421893ffa2e32 -> 
  custom:scripting/monoscript/fileName/InventoryUI.cs: a51eed18ec49e69d87a737edf5ea607f -> 
  custom:CustomObjectIndexerAttribute: 9a22284fe3817be447336de3de66b15e -> 
  custom:scripting/monoscript/fileName/PauseManager.cs: 0396bd8b7e1a9bd823e7dab64ce9caf2 -> 
  custom:scripting/monoscript/fileName/UIManager.cs: 619f5747dc184f3577c898ec321c40d4 -> 
  custom:scripting/monoscript/fileName/Inventory.cs: 9e763594ef7e0ab7d608bf03e4de17b5 -> 8040a54c9928a06ca68d2588af0de046
  custom:container-demuxer-webm: 4f35f7cbe854078d1ac9338744f61a02 -> 
  custom:scripting/monoscript/fileName/Door.cs: 06c8567cd8937d8d56232f3de9b2d377 -> 89da75c00dd875a160d70ad71da9a2a1
  custom:container-muxer-webm: aa71ff27fc2769a1b78a27578f13a17b -> 
  custom:video-decoder-webm-vp8: 9c59270c3fd7afecdb556c50c9e8de78 -> 
  custom:SearchIndexIgnoredProperties: e643bd26f0fe6173181afceb89e7c659 -> 
  custom:AudioImporter_EditorPlatform: d09bf68614088b80899f8185d706f6e7 -> 
  custom:scripting/monoscript/fileName/PickupItem.cs: d1c0b8648b7d22ff1c12f52229084f6a -> 71d901a7943673c26b0527ad8f269cee
  custom:scripting/monoscript/fileName/Room.cs: d1c87f5a00c96902b5884b56b22265d6 -> 80712595f8242fc9e86128d3188cd0f1
  custom:scripting/monoscript/fileName/RoomManager.cs: 70017efd1ccd640cc235ecbd5526ad30 -> 579c8f6d2c175182baea4cac812896a0
  custom:video-encoder-webm-vp8: eb34c28f22e8b96e1ab97ce403110664 -> 
  custom:audio-decoder-ogg-vorbis: bf7c407c2cedff20999df2af8eb42d56 -> 
  custom:scripting/monoscript/fileName/Item.cs: c2b7fc65fe255f985743270ca947d8ec -> edfd25bbe8f561e55c7415f9c3adacfe
  custom:scripting/monoscript/fileName/PlayerMovement.cs: 5c1499cfc43e291157e191fb54bb34f9 -> 42480eed24e61f9d7e7e895933644f96
  custom:audio-encoder-webm-vorbis: bf7c407c2cedff20999df2af8eb42d56 -> 
  custom:scripting/precompiled-assembly-types:Assembly-CSharp: 78ed69d2dae625d2669ac29421a95a9c -> bc112aba0faabf23127df56d2c562dad
========================================================================
Received Prepare
Caller must complete domain reload
Begin MonoManager ReloadAssembly
- Loaded All Assemblies, in  0.604 seconds
Native extension for WindowsStandalone target not found
Native extension for Android target not found
Mono: successfully reloaded assembly
- Finished resetting the current domain, in  1.494 seconds
Domain Reload Profiling: 2096ms
	BeginReloadAssembly (205ms)
		ExecutionOrderSort (0ms)
		DisableScriptedObjects (15ms)
		BackupInstance (0ms)
		ReleaseScriptingObjects (0ms)
		CreateAndSetChildDomain (37ms)
	RebuildCommonClasses (55ms)
	RebuildNativeTypeToScriptingClass (16ms)
	initialDomainReloadingComplete (40ms)
	LoadAllAssembliesAndSetupDomain (285ms)
		LoadAssemblies (385ms)
		RebuildTransferFunctionScriptingTraits (0ms)
		AnalyzeDomain (20ms)
			TypeCache.Refresh (7ms)
				TypeCache.ScanAssembly (0ms)
			ScanForSourceGeneratedMonoScriptInfo (0ms)
			ResolveRequiredComponents (10ms)
	FinalizeReload (1495ms)
		ReleaseScriptCaches (0ms)
		RebuildScriptCaches (0ms)
		SetupLoadedEditorAssemblies (701ms)
			LogAssemblyErrors (0ms)
			InitializePlatformSupportModulesInManaged (20ms)
			SetLoadedEditorAssemblies (4ms)
			RefreshPlugins (0ms)
			BeforeProcessingInitializeOnLoad (101ms)
			ProcessInitializeOnLoadAttributes (516ms)
			ProcessInitializeOnLoadMethodAttributes (54ms)
			AfterProcessingInitializeOnLoad (4ms)
			EditorAssembliesLoaded (0ms)
		ExecutionOrderSort2 (0ms)
		AwakeInstancesAfterBackupRestoration (16ms)
Refreshing native plugins compatible for Editor in 6.78 ms, found 4 plugins.
Preloading 0 native plugins for Editor in 0.00 ms.
Unloading 4283 Unused Serialized files (Serialized files now loaded: 0)
Unloading 38 unused Assets / (0.9 MB). Loaded Objects now: 5517.
Memory consumption went from 153.8 MB to 152.8 MB.
Total: 5.387600 ms (FindLiveObjects: 0.539900 ms CreateObjectMapping: 0.248500 ms MarkObjects: 3.765200 ms  DeleteObjects: 0.832400 ms)

Prepare: number of updated asset objects reloaded= 0
AssetImportParameters requested are different than current active one (requested -> active):
  custom:container-demuxer-ogg: 62fdf1f143b41e24485cea50d1cbac27 -> 
  custom:video-decoder-ogg-theora: a1e56fd34408186e4bbccfd4996cb3dc -> 
  custom:framework-win-MediaFoundation: 216162199b28c13a410421893ffa2e32 -> 
  custom:scripting/monoscript/fileName/InventoryUI.cs: a51eed18ec49e69d87a737edf5ea607f -> 
  custom:CustomObjectIndexerAttribute: 9a22284fe3817be447336de3de66b15e -> 
  custom:scripting/monoscript/fileName/PauseManager.cs: 0396bd8b7e1a9bd823e7dab64ce9caf2 -> 
  custom:scripting/monoscript/fileName/UIManager.cs: 619f5747dc184f3577c898ec321c40d4 -> 
  custom:scripting/monoscript/fileName/Inventory.cs: 9e763594ef7e0ab7d608bf03e4de17b5 -> 8040a54c9928a06ca68d2588af0de046
  custom:container-demuxer-webm: 4f35f7cbe854078d1ac9338744f61a02 -> 
  custom:scripting/monoscript/fileName/Door.cs: 06c8567cd8937d8d56232f3de9b2d377 -> 89da75c00dd875a160d70ad71da9a2a1
  custom:container-muxer-webm: aa71ff27fc2769a1b78a27578f13a17b -> 
  custom:video-decoder-webm-vp8: 9c59270c3fd7afecdb556c50c9e8de78 -> 
  custom:SearchIndexIgnoredProperties: e643bd26f0fe6173181afceb89e7c659 -> 
  custom:AudioImporter_EditorPlatform: d09bf68614088b80899f8185d706f6e7 -> 
  custom:scripting/monoscript/fileName/PickupItem.cs: d1c0b8648b7d22ff1c12f52229084f6a -> 71d901a7943673c26b0527ad8f269cee
  custom:scripting/monoscript/fileName/Room.cs: d1c87f5a00c96902b5884b56b22265d6 -> 80712595f8242fc9e86128d3188cd0f1
  custom:scripting/monoscript/fileName/RoomManager.cs: 70017efd1ccd640cc235ecbd5526ad30 -> 579c8f6d2c175182baea4cac812896a0
  custom:video-encoder-webm-vp8: eb34c28f22e8b96e1ab97ce403110664 -> 
  custom:audio-decoder-ogg-vorbis: bf7c407c2cedff20999df2af8eb42d56 -> 
  custom:scripting/monoscript/fileName/Item.cs: c2b7fc65fe255f985743270ca947d8ec -> edfd25bbe8f561e55c7415f9c3adacfe
  custom:scripting/monoscript/fileName/PlayerMovement.cs: 5c1499cfc43e291157e191fb54bb34f9 -> 42480eed24e61f9d7e7e895933644f96
  custom:audio-encoder-webm-vorbis: bf7c407c2cedff20999df2af8eb42d56 -> 
  custom:scripting/precompiled-assembly-types:Assembly-CSharp: 78ed69d2dae625d2669ac29421a95a9c -> bc112aba0faabf23127df56d2c562dad
========================================================================
Received Prepare
Caller must complete domain reload
Begin MonoManager ReloadAssembly
- Loaded All Assemblies, in  0.632 seconds
Native extension for WindowsStandalone target not found
Native extension for Android target not found
Mono: successfully reloaded assembly
- Finished resetting the current domain, in  1.500 seconds
Domain Reload Profiling: 2131ms
	BeginReloadAssembly (212ms)
		ExecutionOrderSort (0ms)
		DisableScriptedObjects (18ms)
		BackupInstance (0ms)
		ReleaseScriptingObjects (0ms)
		CreateAndSetChildDomain (39ms)
	RebuildCommonClasses (54ms)
	RebuildNativeTypeToScriptingClass (16ms)
	initialDomainReloadingComplete (39ms)
	LoadAllAssembliesAndSetupDomain (309ms)
		LoadAssemblies (390ms)
		RebuildTransferFunctionScriptingTraits (0ms)
		AnalyzeDomain (39ms)
			TypeCache.Refresh (11ms)
				TypeCache.ScanAssembly (0ms)
			ScanForSourceGeneratedMonoScriptInfo (14ms)
			ResolveRequiredComponents (11ms)
	FinalizeReload (1501ms)
		ReleaseScriptCaches (0ms)
		RebuildScriptCaches (0ms)
		SetupLoadedEditorAssemblies (655ms)
			LogAssemblyErrors (0ms)
			InitializePlatformSupportModulesInManaged (23ms)
			SetLoadedEditorAssemblies (5ms)
			RefreshPlugins (0ms)
			BeforeProcessingInitializeOnLoad (106ms)
			ProcessInitializeOnLoadAttributes (465ms)
			ProcessInitializeOnLoadMethodAttributes (51ms)
			AfterProcessingInitializeOnLoad (5ms)
			EditorAssembliesLoaded (0ms)
		ExecutionOrderSort2 (0ms)
		AwakeInstancesAfterBackupRestoration (18ms)
Refreshing native plugins compatible for Editor in 5.87 ms, found 4 plugins.
Preloading 0 native plugins for Editor in 0.00 ms.
Unloading 4283 Unused Serialized files (Serialized files now loaded: 0)
Unloading 38 unused Assets / (0.9 MB). Loaded Objects now: 5534.
Memory consumption went from 153.8 MB to 152.9 MB.
Total: 5.202900 ms (FindLiveObjects: 0.605000 ms CreateObjectMapping: 0.362100 ms MarkObjects: 3.668500 ms  DeleteObjects: 0.565900 ms)

Prepare: number of updated asset objects reloaded= 0
AssetImportParameters requested are different than current active one (requested -> active):
  custom:container-demuxer-ogg: 62fdf1f143b41e24485cea50d1cbac27 -> 
  custom:video-decoder-ogg-theora: a1e56fd34408186e4bbccfd4996cb3dc -> 
  custom:framework-win-MediaFoundation: 216162199b28c13a410421893ffa2e32 -> 
  custom:scripting/monoscript/fileName/InventoryUI.cs: a51eed18ec49e69d87a737edf5ea607f -> 
  custom:CustomObjectIndexerAttribute: 9a22284fe3817be447336de3de66b15e -> 
  custom:scripting/monoscript/fileName/PauseManager.cs: 0396bd8b7e1a9bd823e7dab64ce9caf2 -> 
  custom:scripting/monoscript/fileName/UIManager.cs: 619f5747dc184f3577c898ec321c40d4 -> 
  custom:scripting/monoscript/fileName/Inventory.cs: 9e763594ef7e0ab7d608bf03e4de17b5 -> 8040a54c9928a06ca68d2588af0de046
  custom:container-demuxer-webm: 4f35f7cbe854078d1ac9338744f61a02 -> 
  custom:scripting/monoscript/fileName/Door.cs: 06c8567cd8937d8d56232f3de9b2d377 -> 89da75c00dd875a160d70ad71da9a2a1
  custom:container-muxer-webm: aa71ff27fc2769a1b78a27578f13a17b -> 
  custom:video-decoder-webm-vp8: 9c59270c3fd7afecdb556c50c9e8de78 -> 
  custom:SearchIndexIgnoredProperties: e643bd26f0fe6173181afceb89e7c659 -> 
  custom:AudioImporter_EditorPlatform: d09bf68614088b80899f8185d706f6e7 -> 
  custom:scripting/monoscript/fileName/PickupItem.cs: d1c0b8648b7d22ff1c12f52229084f6a -> 71d901a7943673c26b0527ad8f269cee
  custom:scripting/monoscript/fileName/Room.cs: d1c87f5a00c96902b5884b56b22265d6 -> 80712595f8242fc9e86128d3188cd0f1
  custom:scripting/monoscript/fileName/RoomManager.cs: 70017efd1ccd640cc235ecbd5526ad30 -> 579c8f6d2c175182baea4cac812896a0
  custom:video-encoder-webm-vp8: eb34c28f22e8b96e1ab97ce403110664 -> 
  custom:audio-decoder-ogg-vorbis: bf7c407c2cedff20999df2af8eb42d56 -> 
  custom:scripting/monoscript/fileName/Item.cs: c2b7fc65fe255f985743270ca947d8ec -> edfd25bbe8f561e55c7415f9c3adacfe
  custom:scripting/monoscript/fileName/PlayerMovement.cs: 5c1499cfc43e291157e191fb54bb34f9 -> 42480eed24e61f9d7e7e895933644f96
  custom:audio-encoder-webm-vorbis: bf7c407c2cedff20999df2af8eb42d56 -> 
  custom:scripting/precompiled-assembly-types:Assembly-CSharp: 78ed69d2dae625d2669ac29421a95a9c -> bc112aba0faabf23127df56d2c562dad
========================================================================
Received Prepare
Caller must complete domain reload
Begin MonoManager ReloadAssembly
- Loaded All Assemblies, in  0.603 seconds
Native extension for WindowsStandalone target not found
Native extension for Android target not found
Mono: successfully reloaded assembly
- Finished resetting the current domain, in  1.605 seconds
Domain Reload Profiling: 2207ms
	BeginReloadAssembly (207ms)
		ExecutionOrderSort (0ms)
		DisableScriptedObjects (16ms)
		BackupInstance (0ms)
		ReleaseScriptingObjects (0ms)
		CreateAndSetChildDomain (36ms)
	RebuildCommonClasses (50ms)
	RebuildNativeTypeToScriptingClass (18ms)
	initialDomainReloadingComplete (38ms)
	LoadAllAssembliesAndSetupDomain (288ms)
		LoadAssemblies (387ms)
		RebuildTransferFunctionScriptingTraits (0ms)
		AnalyzeDomain (22ms)
			TypeCache.Refresh (6ms)
				TypeCache.ScanAssembly (0ms)
			ScanForSourceGeneratedMonoScriptInfo (0ms)
			ResolveRequiredComponents (13ms)
	FinalizeReload (1605ms)
		ReleaseScriptCaches (0ms)
		RebuildScriptCaches (0ms)
		SetupLoadedEditorAssemblies (750ms)
			LogAssemblyErrors (0ms)
			InitializePlatformSupportModulesInManaged (28ms)
			SetLoadedEditorAssemblies (6ms)
			RefreshPlugins (0ms)
			BeforeProcessingInitializeOnLoad (114ms)
			ProcessInitializeOnLoadAttributes (547ms)
			ProcessInitializeOnLoadMethodAttributes (50ms)
			AfterProcessingInitializeOnLoad (5ms)
			EditorAssembliesLoaded (0ms)
		ExecutionOrderSort2 (0ms)
		AwakeInstancesAfterBackupRestoration (19ms)
Refreshing native plugins compatible for Editor in 6.13 ms, found 4 plugins.
Preloading 0 native plugins for Editor in 0.00 ms.
Unloading 4283 Unused Serialized files (Serialized files now loaded: 0)
Unloading 38 unused Assets / (0.9 MB). Loaded Objects now: 5551.
Memory consumption went from 153.8 MB to 152.9 MB.
Total: 5.459600 ms (FindLiveObjects: 0.536800 ms CreateObjectMapping: 0.198500 ms MarkObjects: 4.076900 ms  DeleteObjects: 0.645800 ms)

Prepare: number of updated asset objects reloaded= 0
AssetImportParameters requested are different than current active one (requested -> active):
  custom:container-demuxer-ogg: 62fdf1f143b41e24485cea50d1cbac27 -> 
  custom:video-decoder-ogg-theora: a1e56fd34408186e4bbccfd4996cb3dc -> 
  custom:framework-win-MediaFoundation: 216162199b28c13a410421893ffa2e32 -> 
  custom:scripting/monoscript/fileName/InventoryUI.cs: a51eed18ec49e69d87a737edf5ea607f -> 
  custom:CustomObjectIndexerAttribute: 9a22284fe3817be447336de3de66b15e -> 
  custom:scripting/monoscript/fileName/PauseManager.cs: 0396bd8b7e1a9bd823e7dab64ce9caf2 -> 
  custom:scripting/monoscript/fileName/UIManager.cs: 619f5747dc184f3577c898ec321c40d4 -> 
  custom:scripting/monoscript/fileName/Inventory.cs: 9e763594ef7e0ab7d608bf03e4de17b5 -> 8040a54c9928a06ca68d2588af0de046
  custom:container-demuxer-webm: 4f35f7cbe854078d1ac9338744f61a02 -> 
  custom:scripting/monoscript/fileName/Door.cs: 06c8567cd8937d8d56232f3de9b2d377 -> 89da75c00dd875a160d70ad71da9a2a1
  custom:container-muxer-webm: aa71ff27fc2769a1b78a27578f13a17b -> 
  custom:video-decoder-webm-vp8: 9c59270c3fd7afecdb556c50c9e8de78 -> 
  custom:SearchIndexIgnoredProperties: e643bd26f0fe6173181afceb89e7c659 -> 
  custom:AudioImporter_EditorPlatform: d09bf68614088b80899f8185d706f6e7 -> 
  custom:scripting/monoscript/fileName/PickupItem.cs: d1c0b8648b7d22ff1c12f52229084f6a -> 71d901a7943673c26b0527ad8f269cee
  custom:scripting/monoscript/fileName/Room.cs: d1c87f5a00c96902b5884b56b22265d6 -> 80712595f8242fc9e86128d3188cd0f1
  custom:scripting/monoscript/fileName/RoomManager.cs: 70017efd1ccd640cc235ecbd5526ad30 -> 579c8f6d2c175182baea4cac812896a0
  custom:video-encoder-webm-vp8: eb34c28f22e8b96e1ab97ce403110664 -> 
  custom:audio-decoder-ogg-vorbis: bf7c407c2cedff20999df2af8eb42d56 -> 
  custom:scripting/monoscript/fileName/Item.cs: c2b7fc65fe255f985743270ca947d8ec -> edfd25bbe8f561e55c7415f9c3adacfe
  custom:scripting/monoscript/fileName/PlayerMovement.cs: 5c1499cfc43e291157e191fb54bb34f9 -> 42480eed24e61f9d7e7e895933644f96
  custom:audio-encoder-webm-vorbis: bf7c407c2cedff20999df2af8eb42d56 -> 
  custom:scripting/precompiled-assembly-types:Assembly-CSharp: 78ed69d2dae625d2669ac29421a95a9c -> bc112aba0faabf23127df56d2c562dad
========================================================================
Received Prepare
Caller must complete domain reload
Begin MonoManager ReloadAssembly
- Loaded All Assemblies, in  0.626 seconds
Native extension for WindowsStandalone target not found
Native extension for Android target not found
Mono: successfully reloaded assembly
- Finished resetting the current domain, in  1.586 seconds
Domain Reload Profiling: 2211ms
	BeginReloadAssembly (226ms)
		ExecutionOrderSort (0ms)
		DisableScriptedObjects (20ms)
		BackupInstance (0ms)
		ReleaseScriptingObjects (0ms)
		CreateAndSetChildDomain (39ms)
	RebuildCommonClasses (53ms)
	RebuildNativeTypeToScriptingClass (20ms)
	initialDomainReloadingComplete (38ms)
	LoadAllAssembliesAndSetupDomain (288ms)
		LoadAssemblies (392ms)
		RebuildTransferFunctionScriptingTraits (0ms)
		AnalyzeDomain (23ms)
			TypeCache.Refresh (8ms)
				TypeCache.ScanAssembly (0ms)
			ScanForSourceGeneratedMonoScriptInfo (0ms)
			ResolveRequiredComponents (12ms)
	FinalizeReload (1586ms)
		ReleaseScriptCaches (0ms)
		RebuildScriptCaches (0ms)
		SetupLoadedEditorAssemblies (744ms)
			LogAssemblyErrors (0ms)
			InitializePlatformSupportModulesInManaged (28ms)
			SetLoadedEditorAssemblies (6ms)
			RefreshPlugins (0ms)
			BeforeProcessingInitializeOnLoad (111ms)
			ProcessInitializeOnLoadAttributes (537ms)
			ProcessInitializeOnLoadMethodAttributes (56ms)
			AfterProcessingInitializeOnLoad (6ms)
			EditorAssembliesLoaded (0ms)
		ExecutionOrderSort2 (0ms)
		AwakeInstancesAfterBackupRestoration (20ms)
Refreshing native plugins compatible for Editor in 16.64 ms, found 4 plugins.
Preloading 0 native plugins for Editor in 0.00 ms.
Unloading 4283 Unused Serialized files (Serialized files now loaded: 0)
Unloading 38 unused Assets / (0.9 MB). Loaded Objects now: 5568.
Memory consumption went from 153.8 MB to 152.9 MB.
Total: 5.758500 ms (FindLiveObjects: 0.606600 ms CreateObjectMapping: 0.240000 ms MarkObjects: 4.163400 ms  DeleteObjects: 0.746900 ms)

Prepare: number of updated asset objects reloaded= 0
AssetImportParameters requested are different than current active one (requested -> active):
  custom:container-demuxer-ogg: 62fdf1f143b41e24485cea50d1cbac27 -> 
  custom:video-decoder-ogg-theora: a1e56fd34408186e4bbccfd4996cb3dc -> 
  custom:framework-win-MediaFoundation: 216162199b28c13a410421893ffa2e32 -> 
  custom:scripting/monoscript/fileName/InventoryUI.cs: a51eed18ec49e69d87a737edf5ea607f -> 
  custom:CustomObjectIndexerAttribute: 9a22284fe3817be447336de3de66b15e -> 
  custom:scripting/monoscript/fileName/PauseManager.cs: 0396bd8b7e1a9bd823e7dab64ce9caf2 -> 
  custom:scripting/monoscript/fileName/UIManager.cs: 619f5747dc184f3577c898ec321c40d4 -> 
  custom:scripting/monoscript/fileName/Inventory.cs: 9e763594ef7e0ab7d608bf03e4de17b5 -> 8040a54c9928a06ca68d2588af0de046
  custom:container-demuxer-webm: 4f35f7cbe854078d1ac9338744f61a02 -> 
  custom:scripting/monoscript/fileName/Door.cs: 06c8567cd8937d8d56232f3de9b2d377 -> 89da75c00dd875a160d70ad71da9a2a1
  custom:container-muxer-webm: aa71ff27fc2769a1b78a27578f13a17b -> 
  custom:video-decoder-webm-vp8: 9c59270c3fd7afecdb556c50c9e8de78 -> 
  custom:SearchIndexIgnoredProperties: e643bd26f0fe6173181afceb89e7c659 -> 
  custom:AudioImporter_EditorPlatform: d09bf68614088b80899f8185d706f6e7 -> 
  custom:scripting/monoscript/fileName/PickupItem.cs: d1c0b8648b7d22ff1c12f52229084f6a -> 71d901a7943673c26b0527ad8f269cee
  custom:scripting/monoscript/fileName/Room.cs: d1c87f5a00c96902b5884b56b22265d6 -> 80712595f8242fc9e86128d3188cd0f1
  custom:scripting/monoscript/fileName/RoomManager.cs: 70017efd1ccd640cc235ecbd5526ad30 -> 579c8f6d2c175182baea4cac812896a0
  custom:video-encoder-webm-vp8: eb34c28f22e8b96e1ab97ce403110664 -> 
  custom:audio-decoder-ogg-vorbis: bf7c407c2cedff20999df2af8eb42d56 -> 
  custom:scripting/monoscript/fileName/Item.cs: c2b7fc65fe255f985743270ca947d8ec -> edfd25bbe8f561e55c7415f9c3adacfe
  custom:scripting/monoscript/fileName/PlayerMovement.cs: 5c1499cfc43e291157e191fb54bb34f9 -> 42480eed24e61f9d7e7e895933644f96
  custom:audio-encoder-webm-vorbis: bf7c407c2cedff20999df2af8eb42d56 -> 
  custom:scripting/precompiled-assembly-types:Assembly-CSharp: 78ed69d2dae625d2669ac29421a95a9c -> bc112aba0faabf23127df56d2c562dad
========================================================================
Received Prepare
Caller must complete domain reload
Begin MonoManager ReloadAssembly
- Loaded All Assemblies, in  0.562 seconds
Native extension for WindowsStandalone target not found
Native extension for Android target not found
Mono: successfully reloaded assembly
- Finished resetting the current domain, in  1.459 seconds
Domain Reload Profiling: 2019ms
	BeginReloadAssembly (205ms)
		ExecutionOrderSort (0ms)
		DisableScriptedObjects (19ms)
		BackupInstance (0ms)
		ReleaseScriptingObjects (0ms)
		CreateAndSetChildDomain (37ms)
	RebuildCommonClasses (48ms)
	RebuildNativeTypeToScriptingClass (14ms)
	initialDomainReloadingComplete (35ms)
	LoadAllAssembliesAndSetupDomain (257ms)
		LoadAssemblies (350ms)
		RebuildTransferFunctionScriptingTraits (0ms)
		AnalyzeDomain (20ms)
			TypeCache.Refresh (8ms)
				TypeCache.ScanAssembly (0ms)
			ScanForSourceGeneratedMonoScriptInfo (0ms)
			ResolveRequiredComponents (10ms)
	FinalizeReload (1459ms)
		ReleaseScriptCaches (0ms)
		RebuildScriptCaches (0ms)
		SetupLoadedEditorAssemblies (665ms)
			LogAssemblyErrors (0ms)
			InitializePlatformSupportModulesInManaged (20ms)
			SetLoadedEditorAssemblies (5ms)
			RefreshPlugins (0ms)
			BeforeProcessingInitializeOnLoad (99ms)
			ProcessInitializeOnLoadAttributes (483ms)
			ProcessInitializeOnLoadMethodAttributes (51ms)
			AfterProcessingInitializeOnLoad (6ms)
			EditorAssembliesLoaded (0ms)
		ExecutionOrderSort2 (0ms)
		AwakeInstancesAfterBackupRestoration (20ms)
Refreshing native plugins compatible for Editor in 6.58 ms, found 4 plugins.
Preloading 0 native plugins for Editor in 0.00 ms.
Unloading 4283 Unused Serialized files (Serialized files now loaded: 0)
Unloading 38 unused Assets / (0.9 MB). Loaded Objects now: 5585.
Memory consumption went from 153.8 MB to 152.9 MB.
Total: 5.578700 ms (FindLiveObjects: 0.593600 ms CreateObjectMapping: 0.250200 ms MarkObjects: 4.067700 ms  DeleteObjects: 0.666200 ms)

Prepare: number of updated asset objects reloaded= 0
AssetImportParameters requested are different than current active one (requested -> active):
  custom:container-demuxer-ogg: 62fdf1f143b41e24485cea50d1cbac27 -> 
  custom:video-decoder-ogg-theora: a1e56fd34408186e4bbccfd4996cb3dc -> 
  custom:framework-win-MediaFoundation: 216162199b28c13a410421893ffa2e32 -> 
  custom:scripting/monoscript/fileName/InventoryUI.cs: a51eed18ec49e69d87a737edf5ea607f -> 
  custom:CustomObjectIndexerAttribute: 9a22284fe3817be447336de3de66b15e -> 
  custom:scripting/monoscript/fileName/PauseManager.cs: 0396bd8b7e1a9bd823e7dab64ce9caf2 -> 
  custom:scripting/monoscript/fileName/UIManager.cs: 619f5747dc184f3577c898ec321c40d4 -> 
  custom:scripting/monoscript/fileName/Inventory.cs: 9e763594ef7e0ab7d608bf03e4de17b5 -> 8040a54c9928a06ca68d2588af0de046
  custom:container-demuxer-webm: 4f35f7cbe854078d1ac9338744f61a02 -> 
  custom:scripting/monoscript/fileName/Door.cs: 06c8567cd8937d8d56232f3de9b2d377 -> 89da75c00dd875a160d70ad71da9a2a1
  custom:container-muxer-webm: aa71ff27fc2769a1b78a27578f13a17b -> 
  custom:video-decoder-webm-vp8: 9c59270c3fd7afecdb556c50c9e8de78 -> 
  custom:SearchIndexIgnoredProperties: e643bd26f0fe6173181afceb89e7c659 -> 
  custom:AudioImporter_EditorPlatform: d09bf68614088b80899f8185d706f6e7 -> 
  custom:scripting/monoscript/fileName/PickupItem.cs: d1c0b8648b7d22ff1c12f52229084f6a -> 71d901a7943673c26b0527ad8f269cee
  custom:scripting/monoscript/fileName/Room.cs: d1c87f5a00c96902b5884b56b22265d6 -> 80712595f8242fc9e86128d3188cd0f1
  custom:scripting/monoscript/fileName/RoomManager.cs: 70017efd1ccd640cc235ecbd5526ad30 -> 579c8f6d2c175182baea4cac812896a0
  custom:video-encoder-webm-vp8: eb34c28f22e8b96e1ab97ce403110664 -> 
  custom:audio-decoder-ogg-vorbis: bf7c407c2cedff20999df2af8eb42d56 -> 
  custom:scripting/monoscript/fileName/Item.cs: c2b7fc65fe255f985743270ca947d8ec -> edfd25bbe8f561e55c7415f9c3adacfe
  custom:scripting/monoscript/fileName/PlayerMovement.cs: 5c1499cfc43e291157e191fb54bb34f9 -> 42480eed24e61f9d7e7e895933644f96
  custom:audio-encoder-webm-vorbis: bf7c407c2cedff20999df2af8eb42d56 -> 
  custom:scripting/precompiled-assembly-types:Assembly-CSharp: 78ed69d2dae625d2669ac29421a95a9c -> bc112aba0faabf23127df56d2c562dad
========================================================================
Received Prepare
Caller must complete domain reload
Begin MonoManager ReloadAssembly
- Loaded All Assemblies, in  0.619 seconds
Native extension for WindowsStandalone target not found
Native extension for Android target not found
Mono: successfully reloaded assembly
- Finished resetting the current domain, in  1.698 seconds
Domain Reload Profiling: 2317ms
	BeginReloadAssembly (210ms)
		ExecutionOrderSort (0ms)
		DisableScriptedObjects (15ms)
		BackupInstance (0ms)
		ReleaseScriptingObjects (0ms)
		CreateAndSetChildDomain (35ms)
	RebuildCommonClasses (60ms)
	RebuildNativeTypeToScriptingClass (20ms)
	initialDomainReloadingComplete (34ms)
	LoadAllAssembliesAndSetupDomain (293ms)
		LoadAssemblies (395ms)
		RebuildTransferFunctionScriptingTraits (0ms)
		AnalyzeDomain (23ms)
			TypeCache.Refresh (8ms)
				TypeCache.ScanAssembly (0ms)
			ScanForSourceGeneratedMonoScriptInfo (0ms)
			ResolveRequiredComponents (13ms)
	FinalizeReload (1699ms)
		ReleaseScriptCaches (0ms)
		RebuildScriptCaches (0ms)
		SetupLoadedEditorAssemblies (784ms)
			LogAssemblyErrors (0ms)
			InitializePlatformSupportModulesInManaged (25ms)
			SetLoadedEditorAssemblies (6ms)
			RefreshPlugins (0ms)
			BeforeProcessingInitializeOnLoad (118ms)
			ProcessInitializeOnLoadAttributes (576ms)
			ProcessInitializeOnLoadMethodAttributes (55ms)
			AfterProcessingInitializeOnLoad (5ms)
			EditorAssembliesLoaded (0ms)
		ExecutionOrderSort2 (0ms)
		AwakeInstancesAfterBackupRestoration (20ms)
Refreshing native plugins compatible for Editor in 6.08 ms, found 4 plugins.
Preloading 0 native plugins for Editor in 0.00 ms.
Unloading 4283 Unused Serialized files (Serialized files now loaded: 0)
Unloading 38 unused Assets / (0.9 MB). Loaded Objects now: 5602.
Memory consumption went from 153.8 MB to 152.9 MB.
Total: 5.633700 ms (FindLiveObjects: 0.598700 ms CreateObjectMapping: 0.193700 ms MarkObjects: 4.124600 ms  DeleteObjects: 0.715000 ms)

Prepare: number of updated asset objects reloaded= 0
AssetImportParameters requested are different than current active one (requested -> active):
  custom:container-demuxer-ogg: 62fdf1f143b41e24485cea50d1cbac27 -> 
  custom:video-decoder-ogg-theora: a1e56fd34408186e4bbccfd4996cb3dc -> 
  custom:framework-win-MediaFoundation: 216162199b28c13a410421893ffa2e32 -> 
  custom:scripting/monoscript/fileName/InventoryUI.cs: a51eed18ec49e69d87a737edf5ea607f -> 
  custom:CustomObjectIndexerAttribute: 9a22284fe3817be447336de3de66b15e -> 
  custom:scripting/monoscript/fileName/PauseManager.cs: 0396bd8b7e1a9bd823e7dab64ce9caf2 -> 
  custom:scripting/monoscript/fileName/UIManager.cs: 619f5747dc184f3577c898ec321c40d4 -> 
  custom:scripting/monoscript/fileName/Inventory.cs: 9e763594ef7e0ab7d608bf03e4de17b5 -> 8040a54c9928a06ca68d2588af0de046
  custom:container-demuxer-webm: 4f35f7cbe854078d1ac9338744f61a02 -> 
  custom:scripting/monoscript/fileName/Door.cs: 06c8567cd8937d8d56232f3de9b2d377 -> 89da75c00dd875a160d70ad71da9a2a1
  custom:container-muxer-webm: aa71ff27fc2769a1b78a27578f13a17b -> 
  custom:video-decoder-webm-vp8: 9c59270c3fd7afecdb556c50c9e8de78 -> 
  custom:SearchIndexIgnoredProperties: e643bd26f0fe6173181afceb89e7c659 -> 
  custom:AudioImporter_EditorPlatform: d09bf68614088b80899f8185d706f6e7 -> 
  custom:scripting/monoscript/fileName/PickupItem.cs: d1c0b8648b7d22ff1c12f52229084f6a -> 71d901a7943673c26b0527ad8f269cee
  custom:scripting/monoscript/fileName/Room.cs: d1c87f5a00c96902b5884b56b22265d6 -> 80712595f8242fc9e86128d3188cd0f1
  custom:scripting/monoscript/fileName/RoomManager.cs: 70017efd1ccd640cc235ecbd5526ad30 -> 579c8f6d2c175182baea4cac812896a0
  custom:video-encoder-webm-vp8: eb34c28f22e8b96e1ab97ce403110664 -> 
  custom:audio-decoder-ogg-vorbis: bf7c407c2cedff20999df2af8eb42d56 -> 
  custom:scripting/monoscript/fileName/Item.cs: c2b7fc65fe255f985743270ca947d8ec -> edfd25bbe8f561e55c7415f9c3adacfe
  custom:scripting/monoscript/fileName/PlayerMovement.cs: 5c1499cfc43e291157e191fb54bb34f9 -> 42480eed24e61f9d7e7e895933644f96
  custom:audio-encoder-webm-vorbis: bf7c407c2cedff20999df2af8eb42d56 -> 
  custom:scripting/precompiled-assembly-types:Assembly-CSharp: 78ed69d2dae625d2669ac29421a95a9c -> bc112aba0faabf23127df56d2c562dad
========================================================================
Received Prepare
Caller must complete domain reload
Begin MonoManager ReloadAssembly
- Loaded All Assemblies, in  0.657 seconds
Native extension for WindowsStandalone target not found
Native extension for Android target not found
Mono: successfully reloaded assembly
- Finished resetting the current domain, in  1.455 seconds
Domain Reload Profiling: 2111ms
	BeginReloadAssembly (243ms)
		ExecutionOrderSort (0ms)
		DisableScriptedObjects (18ms)
		BackupInstance (0ms)
		ReleaseScriptingObjects (0ms)
		CreateAndSetChildDomain (46ms)
	RebuildCommonClasses (50ms)
	RebuildNativeTypeToScriptingClass (17ms)
	initialDomainReloadingComplete (43ms)
	LoadAllAssembliesAndSetupDomain (302ms)
		LoadAssemblies (424ms)
		RebuildTransferFunctionScriptingTraits (0ms)
		AnalyzeDomain (20ms)
			TypeCache.Refresh (8ms)
				TypeCache.ScanAssembly (0ms)
			ScanForSourceGeneratedMonoScriptInfo (0ms)
			ResolveRequiredComponents (10ms)
	FinalizeReload (1456ms)
		ReleaseScriptCaches (0ms)
		RebuildScriptCaches (0ms)
		SetupLoadedEditorAssemblies (607ms)
			LogAssemblyErrors (0ms)
			InitializePlatformSupportModulesInManaged (26ms)
			SetLoadedEditorAssemblies (5ms)
			RefreshPlugins (0ms)
			BeforeProcessingInitializeOnLoad (94ms)
			ProcessInitializeOnLoadAttributes (435ms)
			ProcessInitializeOnLoadMethodAttributes (43ms)
			AfterProcessingInitializeOnLoad (4ms)
			EditorAssembliesLoaded (0ms)
		ExecutionOrderSort2 (0ms)
		AwakeInstancesAfterBackupRestoration (15ms)
Refreshing native plugins compatible for Editor in 4.87 ms, found 4 plugins.
Preloading 0 native plugins for Editor in 0.00 ms.
Unloading 4283 Unused Serialized files (Serialized files now loaded: 0)
Unloading 38 unused Assets / (0.9 MB). Loaded Objects now: 5619.
Memory consumption went from 153.9 MB to 152.9 MB.
Total: 5.129600 ms (FindLiveObjects: 0.601400 ms CreateObjectMapping: 0.175600 ms MarkObjects: 3.703700 ms  DeleteObjects: 0.647400 ms)

Prepare: number of updated asset objects reloaded= 0
AssetImportParameters requested are different than current active one (requested -> active):
  custom:container-demuxer-ogg: 62fdf1f143b41e24485cea50d1cbac27 -> 
  custom:video-decoder-ogg-theora: a1e56fd34408186e4bbccfd4996cb3dc -> 
  custom:framework-win-MediaFoundation: 216162199b28c13a410421893ffa2e32 -> 
  custom:scripting/monoscript/fileName/InventoryUI.cs: a51eed18ec49e69d87a737edf5ea607f -> 
  custom:CustomObjectIndexerAttribute: 9a22284fe3817be447336de3de66b15e -> 
  custom:scripting/monoscript/fileName/PauseManager.cs: 0396bd8b7e1a9bd823e7dab64ce9caf2 -> 
  custom:scripting/monoscript/fileName/UIManager.cs: 619f5747dc184f3577c898ec321c40d4 -> 
  custom:scripting/monoscript/fileName/Inventory.cs: 9e763594ef7e0ab7d608bf03e4de17b5 -> 8040a54c9928a06ca68d2588af0de046
  custom:container-demuxer-webm: 4f35f7cbe854078d1ac9338744f61a02 -> 
  custom:scripting/monoscript/fileName/Door.cs: 06c8567cd8937d8d56232f3de9b2d377 -> 89da75c00dd875a160d70ad71da9a2a1
  custom:container-muxer-webm: aa71ff27fc2769a1b78a27578f13a17b -> 
  custom:video-decoder-webm-vp8: 9c59270c3fd7afecdb556c50c9e8de78 -> 
  custom:SearchIndexIgnoredProperties: e643bd26f0fe6173181afceb89e7c659 -> 
  custom:AudioImporter_EditorPlatform: d09bf68614088b80899f8185d706f6e7 -> 
  custom:scripting/monoscript/fileName/PickupItem.cs: d1c0b8648b7d22ff1c12f52229084f6a -> 71d901a7943673c26b0527ad8f269cee
  custom:scripting/monoscript/fileName/Room.cs: d1c87f5a00c96902b5884b56b22265d6 -> 80712595f8242fc9e86128d3188cd0f1
  custom:scripting/monoscript/fileName/RoomManager.cs: 70017efd1ccd640cc235ecbd5526ad30 -> 579c8f6d2c175182baea4cac812896a0
  custom:video-encoder-webm-vp8: eb34c28f22e8b96e1ab97ce403110664 -> 
  custom:audio-decoder-ogg-vorbis: bf7c407c2cedff20999df2af8eb42d56 -> 
  custom:scripting/monoscript/fileName/Item.cs: c2b7fc65fe255f985743270ca947d8ec -> edfd25bbe8f561e55c7415f9c3adacfe
  custom:scripting/monoscript/fileName/PlayerMovement.cs: 5c1499cfc43e291157e191fb54bb34f9 -> 42480eed24e61f9d7e7e895933644f96
  custom:audio-encoder-webm-vorbis: bf7c407c2cedff20999df2af8eb42d56 -> 
  custom:scripting/precompiled-assembly-types:Assembly-CSharp: 78ed69d2dae625d2669ac29421a95a9c -> bc112aba0faabf23127df56d2c562dad
========================================================================
Received Prepare
Caller must complete domain reload
Begin MonoManager ReloadAssembly
- Loaded All Assemblies, in  0.618 seconds
Native extension for WindowsStandalone target not found
Native extension for Android target not found
Mono: successfully reloaded assembly
- Finished resetting the current domain, in  1.544 seconds
Domain Reload Profiling: 2161ms
	BeginReloadAssembly (228ms)
		ExecutionOrderSort (0ms)
		DisableScriptedObjects (15ms)
		BackupInstance (0ms)
		ReleaseScriptingObjects (0ms)
		CreateAndSetChildDomain (40ms)
	RebuildCommonClasses (46ms)
	RebuildNativeTypeToScriptingClass (14ms)
	initialDomainReloadingComplete (33ms)
	LoadAllAssembliesAndSetupDomain (296ms)
		LoadAssemblies (413ms)
		RebuildTransferFunctionScriptingTraits (0ms)
		AnalyzeDomain (21ms)
			TypeCache.Refresh (8ms)
				TypeCache.ScanAssembly (0ms)
			ScanForSourceGeneratedMonoScriptInfo (0ms)
			ResolveRequiredComponents (10ms)
	FinalizeReload (1544ms)
		ReleaseScriptCaches (0ms)
		RebuildScriptCaches (0ms)
		SetupLoadedEditorAssemblies (735ms)
			LogAssemblyErrors (0ms)
			InitializePlatformSupportModulesInManaged (23ms)
			SetLoadedEditorAssemblies (6ms)
			RefreshPlugins (0ms)
			BeforeProcessingInitializeOnLoad (109ms)
			ProcessInitializeOnLoadAttributes (540ms)
			ProcessInitializeOnLoadMethodAttributes (51ms)
			AfterProcessingInitializeOnLoad (6ms)
			EditorAssembliesLoaded (0ms)
		ExecutionOrderSort2 (0ms)
		AwakeInstancesAfterBackupRestoration (18ms)
Refreshing native plugins compatible for Editor in 5.74 ms, found 4 plugins.
Preloading 0 native plugins for Editor in 0.00 ms.
Unloading 4283 Unused Serialized files (Serialized files now loaded: 0)
Unloading 38 unused Assets / (0.9 MB). Loaded Objects now: 5636.
Memory consumption went from 153.9 MB to 152.9 MB.
Total: 5.064600 ms (FindLiveObjects: 0.552500 ms CreateObjectMapping: 0.186800 ms MarkObjects: 3.729700 ms  DeleteObjects: 0.594300 ms)

Prepare: number of updated asset objects reloaded= 0
AssetImportParameters requested are different than current active one (requested -> active):
  custom:container-demuxer-ogg: 62fdf1f143b41e24485cea50d1cbac27 -> 
  custom:video-decoder-ogg-theora: a1e56fd34408186e4bbccfd4996cb3dc -> 
  custom:framework-win-MediaFoundation: 216162199b28c13a410421893ffa2e32 -> 
  custom:scripting/monoscript/fileName/InventoryUI.cs: a51eed18ec49e69d87a737edf5ea607f -> 
  custom:CustomObjectIndexerAttribute: 9a22284fe3817be447336de3de66b15e -> 
  custom:scripting/monoscript/fileName/PauseManager.cs: 0396bd8b7e1a9bd823e7dab64ce9caf2 -> 
  custom:scripting/monoscript/fileName/UIManager.cs: 619f5747dc184f3577c898ec321c40d4 -> 
  custom:scripting/monoscript/fileName/Inventory.cs: 9e763594ef7e0ab7d608bf03e4de17b5 -> 8040a54c9928a06ca68d2588af0de046
  custom:container-demuxer-webm: 4f35f7cbe854078d1ac9338744f61a02 -> 
  custom:scripting/monoscript/fileName/Door.cs: 06c8567cd8937d8d56232f3de9b2d377 -> 89da75c00dd875a160d70ad71da9a2a1
  custom:container-muxer-webm: aa71ff27fc2769a1b78a27578f13a17b -> 
  custom:video-decoder-webm-vp8: 9c59270c3fd7afecdb556c50c9e8de78 -> 
  custom:SearchIndexIgnoredProperties: e643bd26f0fe6173181afceb89e7c659 -> 
  custom:AudioImporter_EditorPlatform: d09bf68614088b80899f8185d706f6e7 -> 
  custom:scripting/monoscript/fileName/PickupItem.cs: d1c0b8648b7d22ff1c12f52229084f6a -> 71d901a7943673c26b0527ad8f269cee
  custom:scripting/monoscript/fileName/Room.cs: d1c87f5a00c96902b5884b56b22265d6 -> 80712595f8242fc9e86128d3188cd0f1
  custom:scripting/monoscript/fileName/RoomManager.cs: 70017efd1ccd640cc235ecbd5526ad30 -> 579c8f6d2c175182baea4cac812896a0
  custom:video-encoder-webm-vp8: eb34c28f22e8b96e1ab97ce403110664 -> 
  custom:audio-decoder-ogg-vorbis: bf7c407c2cedff20999df2af8eb42d56 -> 
  custom:scripting/monoscript/fileName/Item.cs: c2b7fc65fe255f985743270ca947d8ec -> edfd25bbe8f561e55c7415f9c3adacfe
  custom:scripting/monoscript/fileName/PlayerMovement.cs: 5c1499cfc43e291157e191fb54bb34f9 -> 42480eed24e61f9d7e7e895933644f96
  custom:audio-encoder-webm-vorbis: bf7c407c2cedff20999df2af8eb42d56 -> 
  custom:scripting/precompiled-assembly-types:Assembly-CSharp: 78ed69d2dae625d2669ac29421a95a9c -> bc112aba0faabf23127df56d2c562dad
========================================================================
Received Prepare
Caller must complete domain reload
Begin MonoManager ReloadAssembly
- Loaded All Assemblies, in  0.646 seconds
Native extension for WindowsStandalone target not found
Native extension for Android target not found
Mono: successfully reloaded assembly
- Finished resetting the current domain, in  1.593 seconds
Domain Reload Profiling: 2238ms
	BeginReloadAssembly (229ms)
		ExecutionOrderSort (0ms)
		DisableScriptedObjects (20ms)
		BackupInstance (0ms)
		ReleaseScriptingObjects (0ms)
		CreateAndSetChildDomain (43ms)
	RebuildCommonClasses (52ms)
	RebuildNativeTypeToScriptingClass (20ms)
	initialDomainReloadingComplete (46ms)
	LoadAllAssembliesAndSetupDomain (298ms)
		LoadAssemblies (411ms)
		RebuildTransferFunctionScriptingTraits (0ms)
		AnalyzeDomain (17ms)
			TypeCache.Refresh (6ms)
				TypeCache.ScanAssembly (0ms)
			ScanForSourceGeneratedMonoScriptInfo (0ms)
			ResolveRequiredComponents (9ms)
	FinalizeReload (1594ms)
		ReleaseScriptCaches (0ms)
		RebuildScriptCaches (0ms)
		SetupLoadedEditorAssemblies (754ms)
			LogAssemblyErrors (0ms)
			InitializePlatformSupportModulesInManaged (29ms)
			SetLoadedEditorAssemblies (6ms)
			RefreshPlugins (0ms)
			BeforeProcessingInitializeOnLoad (110ms)
			ProcessInitializeOnLoadAttributes (548ms)
			ProcessInitializeOnLoadMethodAttributes (56ms)
			AfterProcessingInitializeOnLoad (5ms)
			EditorAssembliesLoaded (0ms)
		ExecutionOrderSort2 (0ms)
		AwakeInstancesAfterBackupRestoration (21ms)
Refreshing native plugins compatible for Editor in 6.08 ms, found 4 plugins.
Preloading 0 native plugins for Editor in 0.00 ms.
Unloading 4283 Unused Serialized files (Serialized files now loaded: 0)
Unloading 38 unused Assets / (0.9 MB). Loaded Objects now: 5653.
Memory consumption went from 153.9 MB to 153.0 MB.
Total: 5.293000 ms (FindLiveObjects: 0.607400 ms CreateObjectMapping: 0.202700 ms MarkObjects: 3.847900 ms  DeleteObjects: 0.633400 ms)

Prepare: number of updated asset objects reloaded= 0
AssetImportParameters requested are different than current active one (requested -> active):
  custom:container-demuxer-ogg: 62fdf1f143b41e24485cea50d1cbac27 -> 
  custom:video-decoder-ogg-theora: a1e56fd34408186e4bbccfd4996cb3dc -> 
  custom:framework-win-MediaFoundation: 216162199b28c13a410421893ffa2e32 -> 
  custom:scripting/monoscript/fileName/InventoryUI.cs: a51eed18ec49e69d87a737edf5ea607f -> 
  custom:CustomObjectIndexerAttribute: 9a22284fe3817be447336de3de66b15e -> 
  custom:scripting/monoscript/fileName/PauseManager.cs: 0396bd8b7e1a9bd823e7dab64ce9caf2 -> 
  custom:scripting/monoscript/fileName/UIManager.cs: 619f5747dc184f3577c898ec321c40d4 -> 
  custom:scripting/monoscript/fileName/Inventory.cs: 9e763594ef7e0ab7d608bf03e4de17b5 -> 8040a54c9928a06ca68d2588af0de046
  custom:container-demuxer-webm: 4f35f7cbe854078d1ac9338744f61a02 -> 
  custom:scripting/monoscript/fileName/Door.cs: 06c8567cd8937d8d56232f3de9b2d377 -> 89da75c00dd875a160d70ad71da9a2a1
  custom:container-muxer-webm: aa71ff27fc2769a1b78a27578f13a17b -> 
  custom:video-decoder-webm-vp8: 9c59270c3fd7afecdb556c50c9e8de78 -> 
  custom:SearchIndexIgnoredProperties: e643bd26f0fe6173181afceb89e7c659 -> 
  custom:AudioImporter_EditorPlatform: d09bf68614088b80899f8185d706f6e7 -> 
  custom:scripting/monoscript/fileName/PickupItem.cs: d1c0b8648b7d22ff1c12f52229084f6a -> 71d901a7943673c26b0527ad8f269cee
  custom:scripting/monoscript/fileName/Room.cs: d1c87f5a00c96902b5884b56b22265d6 -> 80712595f8242fc9e86128d3188cd0f1
  custom:scripting/monoscript/fileName/RoomManager.cs: 70017efd1ccd640cc235ecbd5526ad30 -> 579c8f6d2c175182baea4cac812896a0
  custom:video-encoder-webm-vp8: eb34c28f22e8b96e1ab97ce403110664 -> 
  custom:audio-decoder-ogg-vorbis: bf7c407c2cedff20999df2af8eb42d56 -> 
  custom:scripting/monoscript/fileName/Item.cs: c2b7fc65fe255f985743270ca947d8ec -> edfd25bbe8f561e55c7415f9c3adacfe
  custom:scripting/monoscript/fileName/PlayerMovement.cs: 5c1499cfc43e291157e191fb54bb34f9 -> 42480eed24e61f9d7e7e895933644f96
  custom:audio-encoder-webm-vorbis: bf7c407c2cedff20999df2af8eb42d56 -> 
  custom:scripting/precompiled-assembly-types:Assembly-CSharp: 78ed69d2dae625d2669ac29421a95a9c -> bc112aba0faabf23127df56d2c562dad
========================================================================
Received Prepare
Caller must complete domain reload
Begin MonoManager ReloadAssembly
- Loaded All Assemblies, in  0.591 seconds
Native extension for WindowsStandalone target not found
Native extension for Android target not found
Mono: successfully reloaded assembly
- Finished resetting the current domain, in  1.511 seconds
Domain Reload Profiling: 2102ms
	BeginReloadAssembly (204ms)
		ExecutionOrderSort (0ms)
		DisableScriptedObjects (21ms)
		BackupInstance (0ms)
		ReleaseScriptingObjects (0ms)
		CreateAndSetChildDomain (39ms)
	RebuildCommonClasses (47ms)
	RebuildNativeTypeToScriptingClass (15ms)
	initialDomainReloadingComplete (37ms)
	LoadAllAssembliesAndSetupDomain (287ms)
		LoadAssemblies (372ms)
		RebuildTransferFunctionScriptingTraits (0ms)
		AnalyzeDomain (21ms)
			TypeCache.Refresh (6ms)
				TypeCache.ScanAssembly (0ms)
			ScanForSourceGeneratedMonoScriptInfo (0ms)
			ResolveRequiredComponents (13ms)
	FinalizeReload (1512ms)
		ReleaseScriptCaches (0ms)
		RebuildScriptCaches (0ms)
		SetupLoadedEditorAssemblies (709ms)
			LogAssemblyErrors (0ms)
			InitializePlatformSupportModulesInManaged (23ms)
			SetLoadedEditorAssemblies (5ms)
			RefreshPlugins (0ms)
			BeforeProcessingInitializeOnLoad (105ms)
			ProcessInitializeOnLoadAttributes (518ms)
			ProcessInitializeOnLoadMethodAttributes (52ms)
			AfterProcessingInitializeOnLoad (6ms)
			EditorAssembliesLoaded (0ms)
		ExecutionOrderSort2 (0ms)
		AwakeInstancesAfterBackupRestoration (22ms)
Refreshing native plugins compatible for Editor in 5.73 ms, found 4 plugins.
Preloading 0 native plugins for Editor in 0.00 ms.
Unloading 4283 Unused Serialized files (Serialized files now loaded: 0)
Unloading 38 unused Assets / (0.9 MB). Loaded Objects now: 5670.
Memory consumption went from 153.9 MB to 153.0 MB.
Total: 5.117700 ms (FindLiveObjects: 0.617300 ms CreateObjectMapping: 0.159600 ms MarkObjects: 3.509300 ms  DeleteObjects: 0.829500 ms)

Prepare: number of updated asset objects reloaded= 0
AssetImportParameters requested are different than current active one (requested -> active):
  custom:container-demuxer-ogg: 62fdf1f143b41e24485cea50d1cbac27 -> 
  custom:video-decoder-ogg-theora: a1e56fd34408186e4bbccfd4996cb3dc -> 
  custom:framework-win-MediaFoundation: 216162199b28c13a410421893ffa2e32 -> 
  custom:scripting/monoscript/fileName/InventoryUI.cs: a51eed18ec49e69d87a737edf5ea607f -> 
  custom:CustomObjectIndexerAttribute: 9a22284fe3817be447336de3de66b15e -> 
  custom:scripting/monoscript/fileName/PauseManager.cs: 0396bd8b7e1a9bd823e7dab64ce9caf2 -> 
  custom:scripting/monoscript/fileName/UIManager.cs: 619f5747dc184f3577c898ec321c40d4 -> 
  custom:scripting/monoscript/fileName/Inventory.cs: 9e763594ef7e0ab7d608bf03e4de17b5 -> 8040a54c9928a06ca68d2588af0de046
  custom:container-demuxer-webm: 4f35f7cbe854078d1ac9338744f61a02 -> 
  custom:scripting/monoscript/fileName/Door.cs: 06c8567cd8937d8d56232f3de9b2d377 -> 89da75c00dd875a160d70ad71da9a2a1
  custom:container-muxer-webm: aa71ff27fc2769a1b78a27578f13a17b -> 
  custom:video-decoder-webm-vp8: 9c59270c3fd7afecdb556c50c9e8de78 -> 
  custom:SearchIndexIgnoredProperties: e643bd26f0fe6173181afceb89e7c659 -> 
  custom:AudioImporter_EditorPlatform: d09bf68614088b80899f8185d706f6e7 -> 
  custom:scripting/monoscript/fileName/PickupItem.cs: d1c0b8648b7d22ff1c12f52229084f6a -> 71d901a7943673c26b0527ad8f269cee
  custom:scripting/monoscript/fileName/Room.cs: d1c87f5a00c96902b5884b56b22265d6 -> 80712595f8242fc9e86128d3188cd0f1
  custom:scripting/monoscript/fileName/RoomManager.cs: 70017efd1ccd640cc235ecbd5526ad30 -> 579c8f6d2c175182baea4cac812896a0
  custom:video-encoder-webm-vp8: eb34c28f22e8b96e1ab97ce403110664 -> 
  custom:audio-decoder-ogg-vorbis: bf7c407c2cedff20999df2af8eb42d56 -> 
  custom:scripting/monoscript/fileName/Item.cs: c2b7fc65fe255f985743270ca947d8ec -> edfd25bbe8f561e55c7415f9c3adacfe
  custom:scripting/monoscript/fileName/PlayerMovement.cs: 5c1499cfc43e291157e191fb54bb34f9 -> 42480eed24e61f9d7e7e895933644f96
  custom:audio-encoder-webm-vorbis: bf7c407c2cedff20999df2af8eb42d56 -> 
  custom:scripting/precompiled-assembly-types:Assembly-CSharp: 78ed69d2dae625d2669ac29421a95a9c -> bc112aba0faabf23127df56d2c562dad
========================================================================
Received Prepare
Caller must complete domain reload
Begin MonoManager ReloadAssembly
- Loaded All Assemblies, in  0.628 seconds
Native extension for WindowsStandalone target not found
Native extension for Android target not found
Mono: successfully reloaded assembly
- Finished resetting the current domain, in  1.534 seconds
Domain Reload Profiling: 2161ms
	BeginReloadAssembly (227ms)
		ExecutionOrderSort (0ms)
		DisableScriptedObjects (20ms)
		BackupInstance (0ms)
		ReleaseScriptingObjects (0ms)
		CreateAndSetChildDomain (43ms)
	RebuildCommonClasses (54ms)
	RebuildNativeTypeToScriptingClass (24ms)
	initialDomainReloadingComplete (40ms)
	LoadAllAssembliesAndSetupDomain (281ms)
		LoadAssemblies (378ms)
		RebuildTransferFunctionScriptingTraits (0ms)
		AnalyzeDomain (23ms)
			TypeCache.Refresh (8ms)
				TypeCache.ScanAssembly (0ms)
			ScanForSourceGeneratedMonoScriptInfo (0ms)
			ResolveRequiredComponents (14ms)
	FinalizeReload (1534ms)
		ReleaseScriptCaches (0ms)
		RebuildScriptCaches (0ms)
		SetupLoadedEditorAssemblies (703ms)
			LogAssemblyErrors (0ms)
			InitializePlatformSupportModulesInManaged (24ms)
			SetLoadedEditorAssemblies (5ms)
			RefreshPlugins (0ms)
			BeforeProcessingInitializeOnLoad (94ms)
			ProcessInitializeOnLoadAttributes (522ms)
			ProcessInitializeOnLoadMethodAttributes (51ms)
			AfterProcessingInitializeOnLoad (7ms)
			EditorAssembliesLoaded (0ms)
		ExecutionOrderSort2 (0ms)
		AwakeInstancesAfterBackupRestoration (20ms)
Refreshing native plugins compatible for Editor in 6.40 ms, found 4 plugins.
Preloading 0 native plugins for Editor in 0.00 ms.
Unloading 4283 Unused Serialized files (Serialized files now loaded: 0)
Unloading 38 unused Assets / (0.9 MB). Loaded Objects now: 5687.
Memory consumption went from 153.9 MB to 153.0 MB.
Total: 5.168400 ms (FindLiveObjects: 0.580900 ms CreateObjectMapping: 0.215600 ms MarkObjects: 3.731800 ms  DeleteObjects: 0.638300 ms)

Prepare: number of updated asset objects reloaded= 0
AssetImportParameters requested are different than current active one (requested -> active):
  custom:container-demuxer-ogg: 62fdf1f143b41e24485cea50d1cbac27 -> 
  custom:video-decoder-ogg-theora: a1e56fd34408186e4bbccfd4996cb3dc -> 
  custom:framework-win-MediaFoundation: 216162199b28c13a410421893ffa2e32 -> 
  custom:scripting/monoscript/fileName/InventoryUI.cs: a51eed18ec49e69d87a737edf5ea607f -> 
  custom:CustomObjectIndexerAttribute: 9a22284fe3817be447336de3de66b15e -> 
  custom:scripting/monoscript/fileName/PauseManager.cs: 0396bd8b7e1a9bd823e7dab64ce9caf2 -> 
  custom:scripting/monoscript/fileName/UIManager.cs: 619f5747dc184f3577c898ec321c40d4 -> 
  custom:scripting/monoscript/fileName/Inventory.cs: 9e763594ef7e0ab7d608bf03e4de17b5 -> 8040a54c9928a06ca68d2588af0de046
  custom:container-demuxer-webm: 4f35f7cbe854078d1ac9338744f61a02 -> 
  custom:scripting/monoscript/fileName/Door.cs: 06c8567cd8937d8d56232f3de9b2d377 -> 89da75c00dd875a160d70ad71da9a2a1
  custom:container-muxer-webm: aa71ff27fc2769a1b78a27578f13a17b -> 
  custom:video-decoder-webm-vp8: 9c59270c3fd7afecdb556c50c9e8de78 -> 
  custom:SearchIndexIgnoredProperties: e643bd26f0fe6173181afceb89e7c659 -> 
  custom:AudioImporter_EditorPlatform: d09bf68614088b80899f8185d706f6e7 -> 
  custom:scripting/monoscript/fileName/PickupItem.cs: d1c0b8648b7d22ff1c12f52229084f6a -> 71d901a7943673c26b0527ad8f269cee
  custom:scripting/monoscript/fileName/Room.cs: d1c87f5a00c96902b5884b56b22265d6 -> 80712595f8242fc9e86128d3188cd0f1
  custom:scripting/monoscript/fileName/RoomManager.cs: 70017efd1ccd640cc235ecbd5526ad30 -> 579c8f6d2c175182baea4cac812896a0
  custom:video-encoder-webm-vp8: eb34c28f22e8b96e1ab97ce403110664 -> 
  custom:audio-decoder-ogg-vorbis: bf7c407c2cedff20999df2af8eb42d56 -> 
  custom:scripting/monoscript/fileName/Item.cs: c2b7fc65fe255f985743270ca947d8ec -> edfd25bbe8f561e55c7415f9c3adacfe
  custom:scripting/monoscript/fileName/PlayerMovement.cs: 5c1499cfc43e291157e191fb54bb34f9 -> 42480eed24e61f9d7e7e895933644f96
  custom:audio-encoder-webm-vorbis: bf7c407c2cedff20999df2af8eb42d56 -> 
  custom:scripting/precompiled-assembly-types:Assembly-CSharp: 78ed69d2dae625d2669ac29421a95a9c -> bc112aba0faabf23127df56d2c562dad
========================================================================
Received Prepare
Caller must complete domain reload
Begin MonoManager ReloadAssembly
- Loaded All Assemblies, in  0.604 seconds
Native extension for WindowsStandalone target not found
Native extension for Android target not found
Mono: successfully reloaded assembly
- Finished resetting the current domain, in  1.538 seconds
Domain Reload Profiling: 2140ms
	BeginReloadAssembly (211ms)
		ExecutionOrderSort (0ms)
		DisableScriptedObjects (17ms)
		BackupInstance (0ms)
		ReleaseScriptingObjects (0ms)
		CreateAndSetChildDomain (38ms)
	RebuildCommonClasses (50ms)
	RebuildNativeTypeToScriptingClass (21ms)
	initialDomainReloadingComplete (40ms)
	LoadAllAssembliesAndSetupDomain (279ms)
		LoadAssemblies (384ms)
		RebuildTransferFunctionScriptingTraits (0ms)
		AnalyzeDomain (18ms)
			TypeCache.Refresh (6ms)
				TypeCache.ScanAssembly (0ms)
			ScanForSourceGeneratedMonoScriptInfo (0ms)
			ResolveRequiredComponents (10ms)
	FinalizeReload (1539ms)
		ReleaseScriptCaches (0ms)
		RebuildScriptCaches (0ms)
		SetupLoadedEditorAssemblies (713ms)
			LogAssemblyErrors (0ms)
			InitializePlatformSupportModulesInManaged (21ms)
			SetLoadedEditorAssemblies (6ms)
			RefreshPlugins (0ms)
			BeforeProcessingInitializeOnLoad (102ms)
			ProcessInitializeOnLoadAttributes (527ms)
			ProcessInitializeOnLoadMethodAttributes (52ms)
			AfterProcessingInitializeOnLoad (4ms)
			EditorAssembliesLoaded (0ms)
		ExecutionOrderSort2 (0ms)
		AwakeInstancesAfterBackupRestoration (17ms)
Refreshing native plugins compatible for Editor in 5.56 ms, found 4 plugins.
Preloading 0 native plugins for Editor in 0.00 ms.
Unloading 4283 Unused Serialized files (Serialized files now loaded: 0)
Unloading 38 unused Assets / (0.9 MB). Loaded Objects now: 5704.
Memory consumption went from 153.9 MB to 153.0 MB.
Total: 5.350400 ms (FindLiveObjects: 0.553200 ms CreateObjectMapping: 0.174900 ms MarkObjects: 3.944600 ms  DeleteObjects: 0.676400 ms)

Prepare: number of updated asset objects reloaded= 0
AssetImportParameters requested are different than current active one (requested -> active):
  custom:container-demuxer-ogg: 62fdf1f143b41e24485cea50d1cbac27 -> 
  custom:video-decoder-ogg-theora: a1e56fd34408186e4bbccfd4996cb3dc -> 
  custom:framework-win-MediaFoundation: 216162199b28c13a410421893ffa2e32 -> 
  custom:scripting/monoscript/fileName/InventoryUI.cs: a51eed18ec49e69d87a737edf5ea607f -> 
  custom:CustomObjectIndexerAttribute: 9a22284fe3817be447336de3de66b15e -> 
  custom:scripting/monoscript/fileName/PauseManager.cs: 0396bd8b7e1a9bd823e7dab64ce9caf2 -> 
  custom:scripting/monoscript/fileName/UIManager.cs: 619f5747dc184f3577c898ec321c40d4 -> 
  custom:scripting/monoscript/fileName/Inventory.cs: 9e763594ef7e0ab7d608bf03e4de17b5 -> 8040a54c9928a06ca68d2588af0de046
  custom:container-demuxer-webm: 4f35f7cbe854078d1ac9338744f61a02 -> 
  custom:scripting/monoscript/fileName/Door.cs: 06c8567cd8937d8d56232f3de9b2d377 -> 89da75c00dd875a160d70ad71da9a2a1
  custom:container-muxer-webm: aa71ff27fc2769a1b78a27578f13a17b -> 
  custom:video-decoder-webm-vp8: 9c59270c3fd7afecdb556c50c9e8de78 -> 
  custom:SearchIndexIgnoredProperties: e643bd26f0fe6173181afceb89e7c659 -> 
  custom:AudioImporter_EditorPlatform: d09bf68614088b80899f8185d706f6e7 -> 
  custom:scripting/monoscript/fileName/PickupItem.cs: d1c0b8648b7d22ff1c12f52229084f6a -> 71d901a7943673c26b0527ad8f269cee
  custom:scripting/monoscript/fileName/Room.cs: d1c87f5a00c96902b5884b56b22265d6 -> 80712595f8242fc9e86128d3188cd0f1
  custom:scripting/monoscript/fileName/RoomManager.cs: 70017efd1ccd640cc235ecbd5526ad30 -> 579c8f6d2c175182baea4cac812896a0
  custom:video-encoder-webm-vp8: eb34c28f22e8b96e1ab97ce403110664 -> 
  custom:audio-decoder-ogg-vorbis: bf7c407c2cedff20999df2af8eb42d56 -> 
  custom:scripting/monoscript/fileName/Item.cs: c2b7fc65fe255f985743270ca947d8ec -> edfd25bbe8f561e55c7415f9c3adacfe
  custom:scripting/monoscript/fileName/PlayerMovement.cs: 5c1499cfc43e291157e191fb54bb34f9 -> 42480eed24e61f9d7e7e895933644f96
  custom:audio-encoder-webm-vorbis: bf7c407c2cedff20999df2af8eb42d56 -> 
  custom:scripting/precompiled-assembly-types:Assembly-CSharp: 78ed69d2dae625d2669ac29421a95a9c -> bc112aba0faabf23127df56d2c562dad
========================================================================
Received Prepare
Caller must complete domain reload
Begin MonoManager ReloadAssembly
- Loaded All Assemblies, in  0.610 seconds
Native extension for WindowsStandalone target not found
Native extension for Android target not found
Mono: successfully reloaded assembly
- Finished resetting the current domain, in  1.514 seconds
Domain Reload Profiling: 2122ms
	BeginReloadAssembly (216ms)
		ExecutionOrderSort (0ms)
		DisableScriptedObjects (16ms)
		BackupInstance (0ms)
		ReleaseScriptingObjects (0ms)
		CreateAndSetChildDomain (39ms)
	RebuildCommonClasses (50ms)
	RebuildNativeTypeToScriptingClass (19ms)
	initialDomainReloadingComplete (47ms)
	LoadAllAssembliesAndSetupDomain (276ms)
		LoadAssemblies (382ms)
		RebuildTransferFunctionScriptingTraits (0ms)
		AnalyzeDomain (17ms)
			TypeCache.Refresh (6ms)
				TypeCache.ScanAssembly (0ms)
			ScanForSourceGeneratedMonoScriptInfo (0ms)
			ResolveRequiredComponents (10ms)
	FinalizeReload (1515ms)
		ReleaseScriptCaches (0ms)
		RebuildScriptCaches (0ms)
		SetupLoadedEditorAssemblies (696ms)
			LogAssemblyErrors (0ms)
			InitializePlatformSupportModulesInManaged (21ms)
			SetLoadedEditorAssemblies (6ms)
			RefreshPlugins (0ms)
			BeforeProcessingInitializeOnLoad (109ms)
			ProcessInitializeOnLoadAttributes (504ms)
			ProcessInitializeOnLoadMethodAttributes (50ms)
			AfterProcessingInitializeOnLoad (5ms)
			EditorAssembliesLoaded (0ms)
		ExecutionOrderSort2 (0ms)
		AwakeInstancesAfterBackupRestoration (17ms)
Refreshing native plugins compatible for Editor in 7.63 ms, found 4 plugins.
Preloading 0 native plugins for Editor in 0.00 ms.
Unloading 4283 Unused Serialized files (Serialized files now loaded: 0)
Unloading 38 unused Assets / (0.9 MB). Loaded Objects now: 5721.
Memory consumption went from 154.0 MB to 153.0 MB.
Total: 6.423200 ms (FindLiveObjects: 0.576800 ms CreateObjectMapping: 0.315100 ms MarkObjects: 4.878400 ms  DeleteObjects: 0.651900 ms)

Prepare: number of updated asset objects reloaded= 0
AssetImportParameters requested are different than current active one (requested -> active):
  custom:container-demuxer-ogg: 62fdf1f143b41e24485cea50d1cbac27 -> 
  custom:video-decoder-ogg-theora: a1e56fd34408186e4bbccfd4996cb3dc -> 
  custom:framework-win-MediaFoundation: 216162199b28c13a410421893ffa2e32 -> 
  custom:scripting/monoscript/fileName/InventoryUI.cs: a51eed18ec49e69d87a737edf5ea607f -> 
  custom:CustomObjectIndexerAttribute: 9a22284fe3817be447336de3de66b15e -> 
  custom:scripting/monoscript/fileName/PauseManager.cs: 0396bd8b7e1a9bd823e7dab64ce9caf2 -> 
  custom:scripting/monoscript/fileName/UIManager.cs: 619f5747dc184f3577c898ec321c40d4 -> 
  custom:scripting/monoscript/fileName/Inventory.cs: 9e763594ef7e0ab7d608bf03e4de17b5 -> 8040a54c9928a06ca68d2588af0de046
  custom:container-demuxer-webm: 4f35f7cbe854078d1ac9338744f61a02 -> 
  custom:scripting/monoscript/fileName/Door.cs: 06c8567cd8937d8d56232f3de9b2d377 -> 89da75c00dd875a160d70ad71da9a2a1
  custom:container-muxer-webm: aa71ff27fc2769a1b78a27578f13a17b -> 
  custom:video-decoder-webm-vp8: 9c59270c3fd7afecdb556c50c9e8de78 -> 
  custom:SearchIndexIgnoredProperties: e643bd26f0fe6173181afceb89e7c659 -> 
  custom:AudioImporter_EditorPlatform: d09bf68614088b80899f8185d706f6e7 -> 
  custom:scripting/monoscript/fileName/PickupItem.cs: d1c0b8648b7d22ff1c12f52229084f6a -> 71d901a7943673c26b0527ad8f269cee
  custom:scripting/monoscript/fileName/Room.cs: d1c87f5a00c96902b5884b56b22265d6 -> 80712595f8242fc9e86128d3188cd0f1
  custom:scripting/monoscript/fileName/RoomManager.cs: 70017efd1ccd640cc235ecbd5526ad30 -> 579c8f6d2c175182baea4cac812896a0
  custom:video-encoder-webm-vp8: eb34c28f22e8b96e1ab97ce403110664 -> 
  custom:audio-decoder-ogg-vorbis: bf7c407c2cedff20999df2af8eb42d56 -> 
  custom:scripting/monoscript/fileName/Item.cs: c2b7fc65fe255f985743270ca947d8ec -> edfd25bbe8f561e55c7415f9c3adacfe
  custom:scripting/monoscript/fileName/PlayerMovement.cs: 5c1499cfc43e291157e191fb54bb34f9 -> 42480eed24e61f9d7e7e895933644f96
  custom:audio-encoder-webm-vorbis: bf7c407c2cedff20999df2af8eb42d56 -> 
  custom:scripting/precompiled-assembly-types:Assembly-CSharp: 78ed69d2dae625d2669ac29421a95a9c -> bc112aba0faabf23127df56d2c562dad
========================================================================
Received Prepare
Caller must complete domain reload
Begin MonoManager ReloadAssembly
- Loaded All Assemblies, in  0.607 seconds
Native extension for WindowsStandalone target not found
Native extension for Android target not found
Mono: successfully reloaded assembly
- Finished resetting the current domain, in  1.386 seconds
Domain Reload Profiling: 1993ms
	BeginReloadAssembly (205ms)
		ExecutionOrderSort (0ms)
		DisableScriptedObjects (16ms)
		BackupInstance (0ms)
		ReleaseScriptingObjects (0ms)
		CreateAndSetChildDomain (36ms)
	RebuildCommonClasses (50ms)
	RebuildNativeTypeToScriptingClass (15ms)
	initialDomainReloadingComplete (36ms)
	LoadAllAssembliesAndSetupDomain (300ms)
		LoadAssemblies (378ms)
		RebuildTransferFunctionScriptingTraits (0ms)
		AnalyzeDomain (40ms)
			TypeCache.Refresh (10ms)
				TypeCache.ScanAssembly (0ms)
			ScanForSourceGeneratedMonoScriptInfo (13ms)
			ResolveRequiredComponents (14ms)
	FinalizeReload (1387ms)
		ReleaseScriptCaches (0ms)
		RebuildScriptCaches (0ms)
		SetupLoadedEditorAssemblies (575ms)
			LogAssemblyErrors (0ms)
			InitializePlatformSupportModulesInManaged (21ms)
			SetLoadedEditorAssemblies (4ms)
			RefreshPlugins (0ms)
			BeforeProcessingInitializeOnLoad (83ms)
			ProcessInitializeOnLoadAttributes (417ms)
			ProcessInitializeOnLoadMethodAttributes (44ms)
			AfterProcessingInitializeOnLoad (4ms)
			EditorAssembliesLoaded (0ms)
		ExecutionOrderSort2 (0ms)
		AwakeInstancesAfterBackupRestoration (17ms)
Refreshing native plugins compatible for Editor in 6.70 ms, found 4 plugins.
Preloading 0 native plugins for Editor in 0.00 ms.
Unloading 4283 Unused Serialized files (Serialized files now loaded: 0)
Unloading 38 unused Assets / (0.9 MB). Loaded Objects now: 5738.
Memory consumption went from 154.0 MB to 153.0 MB.
Total: 5.052100 ms (FindLiveObjects: 0.548300 ms CreateObjectMapping: 0.170800 ms MarkObjects: 3.673300 ms  DeleteObjects: 0.658300 ms)

Prepare: number of updated asset objects reloaded= 0
AssetImportParameters requested are different than current active one (requested -> active):
  custom:container-demuxer-ogg: 62fdf1f143b41e24485cea50d1cbac27 -> 
  custom:video-decoder-ogg-theora: a1e56fd34408186e4bbccfd4996cb3dc -> 
  custom:framework-win-MediaFoundation: 216162199b28c13a410421893ffa2e32 -> 
  custom:scripting/monoscript/fileName/InventoryUI.cs: a51eed18ec49e69d87a737edf5ea607f -> 
  custom:CustomObjectIndexerAttribute: 9a22284fe3817be447336de3de66b15e -> 
  custom:scripting/monoscript/fileName/PauseManager.cs: 0396bd8b7e1a9bd823e7dab64ce9caf2 -> 
  custom:scripting/monoscript/fileName/UIManager.cs: 619f5747dc184f3577c898ec321c40d4 -> 
  custom:scripting/monoscript/fileName/Inventory.cs: 9e763594ef7e0ab7d608bf03e4de17b5 -> 8040a54c9928a06ca68d2588af0de046
  custom:container-demuxer-webm: 4f35f7cbe854078d1ac9338744f61a02 -> 
  custom:scripting/monoscript/fileName/Door.cs: 06c8567cd8937d8d56232f3de9b2d377 -> 89da75c00dd875a160d70ad71da9a2a1
  custom:container-muxer-webm: aa71ff27fc2769a1b78a27578f13a17b -> 
  custom:video-decoder-webm-vp8: 9c59270c3fd7afecdb556c50c9e8de78 -> 
  custom:SearchIndexIgnoredProperties: e643bd26f0fe6173181afceb89e7c659 -> 
  custom:AudioImporter_EditorPlatform: d09bf68614088b80899f8185d706f6e7 -> 
  custom:scripting/monoscript/fileName/PickupItem.cs: d1c0b8648b7d22ff1c12f52229084f6a -> 71d901a7943673c26b0527ad8f269cee
  custom:scripting/monoscript/fileName/Room.cs: d1c87f5a00c96902b5884b56b22265d6 -> 80712595f8242fc9e86128d3188cd0f1
  custom:scripting/monoscript/fileName/RoomManager.cs: 70017efd1ccd640cc235ecbd5526ad30 -> 579c8f6d2c175182baea4cac812896a0
  custom:video-encoder-webm-vp8: eb34c28f22e8b96e1ab97ce403110664 -> 
  custom:audio-decoder-ogg-vorbis: bf7c407c2cedff20999df2af8eb42d56 -> 
  custom:scripting/monoscript/fileName/Item.cs: c2b7fc65fe255f985743270ca947d8ec -> edfd25bbe8f561e55c7415f9c3adacfe
  custom:scripting/monoscript/fileName/PlayerMovement.cs: 5c1499cfc43e291157e191fb54bb34f9 -> 42480eed24e61f9d7e7e895933644f96
  custom:audio-encoder-webm-vorbis: bf7c407c2cedff20999df2af8eb42d56 -> 
  custom:scripting/precompiled-assembly-types:Assembly-CSharp: 78ed69d2dae625d2669ac29421a95a9c -> bc112aba0faabf23127df56d2c562dad
========================================================================
Received Prepare
Caller must complete domain reload
Begin MonoManager ReloadAssembly
- Loaded All Assemblies, in  0.596 seconds
Native extension for WindowsStandalone target not found
Native extension for Android target not found
Mono: successfully reloaded assembly
- Finished resetting the current domain, in  1.511 seconds
Domain Reload Profiling: 2105ms
	BeginReloadAssembly (218ms)
		ExecutionOrderSort (0ms)
		DisableScriptedObjects (19ms)
		BackupInstance (0ms)
		ReleaseScriptingObjects (0ms)
		CreateAndSetChildDomain (38ms)
	RebuildCommonClasses (49ms)
	RebuildNativeTypeToScriptingClass (18ms)
	initialDomainReloadingComplete (43ms)
	LoadAllAssembliesAndSetupDomain (267ms)
		LoadAssemblies (374ms)
		RebuildTransferFunctionScriptingTraits (0ms)
		AnalyzeDomain (19ms)
			TypeCache.Refresh (8ms)
				TypeCache.ScanAssembly (0ms)
			ScanForSourceGeneratedMonoScriptInfo (0ms)
			ResolveRequiredComponents (9ms)
	FinalizeReload (1511ms)
		ReleaseScriptCaches (0ms)
		RebuildScriptCaches (0ms)
		SetupLoadedEditorAssemblies (713ms)
			LogAssemblyErrors (0ms)
			InitializePlatformSupportModulesInManaged (21ms)
			SetLoadedEditorAssemblies (4ms)
			RefreshPlugins (0ms)
			BeforeProcessingInitializeOnLoad (106ms)
			ProcessInitializeOnLoadAttributes (526ms)
			ProcessInitializeOnLoadMethodAttributes (51ms)
			AfterProcessingInitializeOnLoad (5ms)
			EditorAssembliesLoaded (0ms)
		ExecutionOrderSort2 (0ms)
		AwakeInstancesAfterBackupRestoration (19ms)
Refreshing native plugins compatible for Editor in 6.83 ms, found 4 plugins.
Preloading 0 native plugins for Editor in 0.00 ms.
Unloading 4283 Unused Serialized files (Serialized files now loaded: 0)
Unloading 38 unused Assets / (0.9 MB). Loaded Objects now: 5755.
Memory consumption went from 154.0 MB to 153.0 MB.
Total: 6.537700 ms (FindLiveObjects: 0.574800 ms CreateObjectMapping: 0.233800 ms MarkObjects: 4.913300 ms  DeleteObjects: 0.814400 ms)

Prepare: number of updated asset objects reloaded= 0
AssetImportParameters requested are different than current active one (requested -> active):
  custom:container-demuxer-ogg: 62fdf1f143b41e24485cea50d1cbac27 -> 
  custom:video-decoder-ogg-theora: a1e56fd34408186e4bbccfd4996cb3dc -> 
  custom:framework-win-MediaFoundation: 216162199b28c13a410421893ffa2e32 -> 
  custom:scripting/monoscript/fileName/InventoryUI.cs: a51eed18ec49e69d87a737edf5ea607f -> 
  custom:CustomObjectIndexerAttribute: 9a22284fe3817be447336de3de66b15e -> 
  custom:scripting/monoscript/fileName/PauseManager.cs: 0396bd8b7e1a9bd823e7dab64ce9caf2 -> 
  custom:scripting/monoscript/fileName/UIManager.cs: 619f5747dc184f3577c898ec321c40d4 -> 
  custom:scripting/monoscript/fileName/Inventory.cs: 9e763594ef7e0ab7d608bf03e4de17b5 -> 8040a54c9928a06ca68d2588af0de046
  custom:container-demuxer-webm: 4f35f7cbe854078d1ac9338744f61a02 -> 
  custom:scripting/monoscript/fileName/Door.cs: 06c8567cd8937d8d56232f3de9b2d377 -> 89da75c00dd875a160d70ad71da9a2a1
  custom:container-muxer-webm: aa71ff27fc2769a1b78a27578f13a17b -> 
  custom:video-decoder-webm-vp8: 9c59270c3fd7afecdb556c50c9e8de78 -> 
  custom:SearchIndexIgnoredProperties: e643bd26f0fe6173181afceb89e7c659 -> 
  custom:AudioImporter_EditorPlatform: d09bf68614088b80899f8185d706f6e7 -> 
  custom:scripting/monoscript/fileName/PickupItem.cs: d1c0b8648b7d22ff1c12f52229084f6a -> 71d901a7943673c26b0527ad8f269cee
  custom:scripting/monoscript/fileName/Room.cs: d1c87f5a00c96902b5884b56b22265d6 -> 80712595f8242fc9e86128d3188cd0f1
  custom:scripting/monoscript/fileName/RoomManager.cs: 70017efd1ccd640cc235ecbd5526ad30 -> 579c8f6d2c175182baea4cac812896a0
  custom:video-encoder-webm-vp8: eb34c28f22e8b96e1ab97ce403110664 -> 
  custom:audio-decoder-ogg-vorbis: bf7c407c2cedff20999df2af8eb42d56 -> 
  custom:scripting/monoscript/fileName/Item.cs: c2b7fc65fe255f985743270ca947d8ec -> edfd25bbe8f561e55c7415f9c3adacfe
  custom:scripting/monoscript/fileName/PlayerMovement.cs: 5c1499cfc43e291157e191fb54bb34f9 -> 42480eed24e61f9d7e7e895933644f96
  custom:audio-encoder-webm-vorbis: bf7c407c2cedff20999df2af8eb42d56 -> 
  custom:scripting/precompiled-assembly-types:Assembly-CSharp: 78ed69d2dae625d2669ac29421a95a9c -> bc112aba0faabf23127df56d2c562dad
========================================================================
Received Prepare
Caller must complete domain reload
Begin MonoManager ReloadAssembly
- Loaded All Assemblies, in  0.582 seconds
Native extension for WindowsStandalone target not found
Native extension for Android target not found
Mono: successfully reloaded assembly
- Finished resetting the current domain, in  1.698 seconds
Domain Reload Profiling: 2279ms
	BeginReloadAssembly (196ms)
		ExecutionOrderSort (0ms)
		DisableScriptedObjects (17ms)
		BackupInstance (0ms)
		ReleaseScriptingObjects (0ms)
		CreateAndSetChildDomain (36ms)
	RebuildCommonClasses (46ms)
	RebuildNativeTypeToScriptingClass (18ms)
	initialDomainReloadingComplete (41ms)
	LoadAllAssembliesAndSetupDomain (280ms)
		LoadAssemblies (373ms)
		RebuildTransferFunctionScriptingTraits (0ms)
		AnalyzeDomain (17ms)
			TypeCache.Refresh (6ms)
				TypeCache.ScanAssembly (0ms)
			ScanForSourceGeneratedMonoScriptInfo (0ms)
			ResolveRequiredComponents (9ms)
	FinalizeReload (1699ms)
		ReleaseScriptCaches (0ms)
		RebuildScriptCaches (0ms)
		SetupLoadedEditorAssemblies (745ms)
			LogAssemblyErrors (0ms)
			InitializePlatformSupportModulesInManaged (28ms)
			SetLoadedEditorAssemblies (4ms)
			RefreshPlugins (0ms)
			BeforeProcessingInitializeOnLoad (113ms)
			ProcessInitializeOnLoadAttributes (540ms)
			ProcessInitializeOnLoadMethodAttributes (55ms)
			AfterProcessingInitializeOnLoad (5ms)
			EditorAssembliesLoaded (1ms)
		ExecutionOrderSort2 (0ms)
		AwakeInstancesAfterBackupRestoration (19ms)
Refreshing native plugins compatible for Editor in 6.75 ms, found 4 plugins.
Preloading 0 native plugins for Editor in 0.00 ms.
Unloading 4283 Unused Serialized files (Serialized files now loaded: 0)
Unloading 38 unused Assets / (0.9 MB). Loaded Objects now: 5772.
Memory consumption went from 154.1 MB to 153.1 MB.
Total: 5.381600 ms (FindLiveObjects: 0.619900 ms CreateObjectMapping: 0.227000 ms MarkObjects: 3.859700 ms  DeleteObjects: 0.673800 ms)

Prepare: number of updated asset objects reloaded= 0
AssetImportParameters requested are different than current active one (requested -> active):
  custom:container-demuxer-ogg: 62fdf1f143b41e24485cea50d1cbac27 -> 
  custom:video-decoder-ogg-theora: a1e56fd34408186e4bbccfd4996cb3dc -> 
  custom:framework-win-MediaFoundation: 216162199b28c13a410421893ffa2e32 -> 
  custom:scripting/monoscript/fileName/InventoryUI.cs: a51eed18ec49e69d87a737edf5ea607f -> 
  custom:CustomObjectIndexerAttribute: 9a22284fe3817be447336de3de66b15e -> 
  custom:scripting/monoscript/fileName/PauseManager.cs: 0396bd8b7e1a9bd823e7dab64ce9caf2 -> 
  custom:scripting/monoscript/fileName/UIManager.cs: 619f5747dc184f3577c898ec321c40d4 -> 
  custom:scripting/monoscript/fileName/Inventory.cs: 9e763594ef7e0ab7d608bf03e4de17b5 -> 8040a54c9928a06ca68d2588af0de046
  custom:container-demuxer-webm: 4f35f7cbe854078d1ac9338744f61a02 -> 
  custom:scripting/monoscript/fileName/Door.cs: 06c8567cd8937d8d56232f3de9b2d377 -> 89da75c00dd875a160d70ad71da9a2a1
  custom:container-muxer-webm: aa71ff27fc2769a1b78a27578f13a17b -> 
  custom:video-decoder-webm-vp8: 9c59270c3fd7afecdb556c50c9e8de78 -> 
  custom:SearchIndexIgnoredProperties: e643bd26f0fe6173181afceb89e7c659 -> 
  custom:AudioImporter_EditorPlatform: d09bf68614088b80899f8185d706f6e7 -> 
  custom:scripting/monoscript/fileName/PickupItem.cs: d1c0b8648b7d22ff1c12f52229084f6a -> 71d901a7943673c26b0527ad8f269cee
  custom:scripting/monoscript/fileName/Room.cs: d1c87f5a00c96902b5884b56b22265d6 -> 80712595f8242fc9e86128d3188cd0f1
  custom:scripting/monoscript/fileName/RoomManager.cs: 70017efd1ccd640cc235ecbd5526ad30 -> 579c8f6d2c175182baea4cac812896a0
  custom:video-encoder-webm-vp8: eb34c28f22e8b96e1ab97ce403110664 -> 
  custom:audio-decoder-ogg-vorbis: bf7c407c2cedff20999df2af8eb42d56 -> 
  custom:scripting/monoscript/fileName/Item.cs: c2b7fc65fe255f985743270ca947d8ec -> edfd25bbe8f561e55c7415f9c3adacfe
  custom:scripting/monoscript/fileName/PlayerMovement.cs: 5c1499cfc43e291157e191fb54bb34f9 -> 42480eed24e61f9d7e7e895933644f96
  custom:audio-encoder-webm-vorbis: bf7c407c2cedff20999df2af8eb42d56 -> 
  custom:scripting/precompiled-assembly-types:Assembly-CSharp: 78ed69d2dae625d2669ac29421a95a9c -> bc112aba0faabf23127df56d2c562dad
========================================================================
Received Prepare
Caller must complete domain reload
Begin MonoManager ReloadAssembly
- Loaded All Assemblies, in  0.678 seconds
Native extension for WindowsStandalone target not found
Native extension for Android target not found
Mono: successfully reloaded assembly
- Finished resetting the current domain, in  1.774 seconds
Domain Reload Profiling: 2452ms
	BeginReloadAssembly (238ms)
		ExecutionOrderSort (0ms)
		DisableScriptedObjects (18ms)
		BackupInstance (0ms)
		ReleaseScriptingObjects (0ms)
		CreateAndSetChildDomain (43ms)
	RebuildCommonClasses (54ms)
	RebuildNativeTypeToScriptingClass (16ms)
	initialDomainReloadingComplete (41ms)
	LoadAllAssembliesAndSetupDomain (327ms)
		LoadAssemblies (439ms)
		RebuildTransferFunctionScriptingTraits (0ms)
		AnalyzeDomain (25ms)
			TypeCache.Refresh (10ms)
				TypeCache.ScanAssembly (0ms)
			ScanForSourceGeneratedMonoScriptInfo (0ms)
			ResolveRequiredComponents (13ms)
	FinalizeReload (1775ms)
		ReleaseScriptCaches (0ms)
		RebuildScriptCaches (0ms)
		SetupLoadedEditorAssemblies (806ms)
			LogAssemblyErrors (0ms)
			InitializePlatformSupportModulesInManaged (25ms)
			SetLoadedEditorAssemblies (5ms)
			RefreshPlugins (0ms)
			BeforeProcessingInitializeOnLoad (108ms)
			ProcessInitializeOnLoadAttributes (606ms)
			ProcessInitializeOnLoadMethodAttributes (56ms)
			AfterProcessingInitializeOnLoad (5ms)
			EditorAssembliesLoaded (1ms)
		ExecutionOrderSort2 (0ms)
		AwakeInstancesAfterBackupRestoration (23ms)
Refreshing native plugins compatible for Editor in 5.52 ms, found 4 plugins.
Preloading 0 native plugins for Editor in 0.00 ms.
Unloading 4283 Unused Serialized files (Serialized files now loaded: 0)
Unloading 38 unused Assets / (0.9 MB). Loaded Objects now: 5789.
Memory consumption went from 154.1 MB to 153.1 MB.
Total: 5.763300 ms (FindLiveObjects: 0.660500 ms CreateObjectMapping: 0.325000 ms MarkObjects: 4.141400 ms  DeleteObjects: 0.634800 ms)

Prepare: number of updated asset objects reloaded= 0
AssetImportParameters requested are different than current active one (requested -> active):
  custom:container-demuxer-ogg: 62fdf1f143b41e24485cea50d1cbac27 -> 
  custom:video-decoder-ogg-theora: a1e56fd34408186e4bbccfd4996cb3dc -> 
  custom:framework-win-MediaFoundation: 216162199b28c13a410421893ffa2e32 -> 
  custom:scripting/monoscript/fileName/InventoryUI.cs: a51eed18ec49e69d87a737edf5ea607f -> 
  custom:CustomObjectIndexerAttribute: 9a22284fe3817be447336de3de66b15e -> 
  custom:scripting/monoscript/fileName/PauseManager.cs: 0396bd8b7e1a9bd823e7dab64ce9caf2 -> 
  custom:scripting/monoscript/fileName/UIManager.cs: 619f5747dc184f3577c898ec321c40d4 -> 
  custom:scripting/monoscript/fileName/Inventory.cs: 9e763594ef7e0ab7d608bf03e4de17b5 -> 8040a54c9928a06ca68d2588af0de046
  custom:container-demuxer-webm: 4f35f7cbe854078d1ac9338744f61a02 -> 
  custom:scripting/monoscript/fileName/Door.cs: 06c8567cd8937d8d56232f3de9b2d377 -> 89da75c00dd875a160d70ad71da9a2a1
  custom:container-muxer-webm: aa71ff27fc2769a1b78a27578f13a17b -> 
  custom:video-decoder-webm-vp8: 9c59270c3fd7afecdb556c50c9e8de78 -> 
  custom:SearchIndexIgnoredProperties: e643bd26f0fe6173181afceb89e7c659 -> 
  custom:AudioImporter_EditorPlatform: d09bf68614088b80899f8185d706f6e7 -> 
  custom:scripting/monoscript/fileName/PickupItem.cs: d1c0b8648b7d22ff1c12f52229084f6a -> 71d901a7943673c26b0527ad8f269cee
  custom:scripting/monoscript/fileName/Room.cs: d1c87f5a00c96902b5884b56b22265d6 -> 80712595f8242fc9e86128d3188cd0f1
  custom:scripting/monoscript/fileName/RoomManager.cs: 70017efd1ccd640cc235ecbd5526ad30 -> 579c8f6d2c175182baea4cac812896a0
  custom:video-encoder-webm-vp8: eb34c28f22e8b96e1ab97ce403110664 -> 
  custom:audio-decoder-ogg-vorbis: bf7c407c2cedff20999df2af8eb42d56 -> 
  custom:scripting/monoscript/fileName/Item.cs: c2b7fc65fe255f985743270ca947d8ec -> edfd25bbe8f561e55c7415f9c3adacfe
  custom:scripting/monoscript/fileName/PlayerMovement.cs: 5c1499cfc43e291157e191fb54bb34f9 -> 42480eed24e61f9d7e7e895933644f96
  custom:audio-encoder-webm-vorbis: bf7c407c2cedff20999df2af8eb42d56 -> 
  custom:scripting/precompiled-assembly-types:Assembly-CSharp: 78ed69d2dae625d2669ac29421a95a9c -> bc112aba0faabf23127df56d2c562dad
========================================================================
Received Prepare
Caller must complete domain reload
Begin MonoManager ReloadAssembly
- Loaded All Assemblies, in  1.532 seconds
Native extension for WindowsStandalone target not found
Native extension for Android target not found
Mono: successfully reloaded assembly
- Finished resetting the current domain, in 10.731 seconds
Domain Reload Profiling: 12263ms
	BeginReloadAssembly (225ms)
		ExecutionOrderSort (0ms)
		DisableScriptedObjects (16ms)
		BackupInstance (0ms)
		ReleaseScriptingObjects (0ms)
		CreateAndSetChildDomain (42ms)
	RebuildCommonClasses (53ms)
	RebuildNativeTypeToScriptingClass (19ms)
	initialDomainReloadingComplete (42ms)
	LoadAllAssembliesAndSetupDomain (1192ms)
		LoadAssemblies (1287ms)
		RebuildTransferFunctionScriptingTraits (0ms)
		AnalyzeDomain (34ms)
			TypeCache.Refresh (10ms)
				TypeCache.ScanAssembly (0ms)
			ScanForSourceGeneratedMonoScriptInfo (12ms)
			ResolveRequiredComponents (9ms)
	FinalizeReload (10732ms)
		ReleaseScriptCaches (0ms)
		RebuildScriptCaches (0ms)
		SetupLoadedEditorAssemblies (601ms)
			LogAssemblyErrors (0ms)
			InitializePlatformSupportModulesInManaged (25ms)
			SetLoadedEditorAssemblies (4ms)
			RefreshPlugins (0ms)
			BeforeProcessingInitializeOnLoad (94ms)
			ProcessInitializeOnLoadAttributes (427ms)
			ProcessInitializeOnLoadMethodAttributes (46ms)
			AfterProcessingInitializeOnLoad (4ms)
			EditorAssembliesLoaded (0ms)
		ExecutionOrderSort2 (0ms)
		AwakeInstancesAfterBackupRestoration (21ms)
Refreshing native plugins compatible for Editor in 5.21 ms, found 4 plugins.
Preloading 0 native plugins for Editor in 0.00 ms.
Unloading 4283 Unused Serialized files (Serialized files now loaded: 0)
Unloading 38 unused Assets / (0.9 MB). Loaded Objects now: 5806.
Memory consumption went from 154.1 MB to 153.1 MB.
Total: 4.338200 ms (FindLiveObjects: 0.513800 ms CreateObjectMapping: 0.131200 ms MarkObjects: 3.164200 ms  DeleteObjects: 0.527500 ms)

Prepare: number of updated asset objects reloaded= 0
AssetImportParameters requested are different than current active one (requested -> active):
  custom:container-demuxer-ogg: 62fdf1f143b41e24485cea50d1cbac27 -> 
  custom:video-decoder-ogg-theora: a1e56fd34408186e4bbccfd4996cb3dc -> 
  custom:framework-win-MediaFoundation: 216162199b28c13a410421893ffa2e32 -> 
  custom:scripting/monoscript/fileName/InventoryUI.cs: a51eed18ec49e69d87a737edf5ea607f -> 
  custom:CustomObjectIndexerAttribute: 9a22284fe3817be447336de3de66b15e -> 
  custom:scripting/monoscript/fileName/PauseManager.cs: 0396bd8b7e1a9bd823e7dab64ce9caf2 -> 
  custom:scripting/monoscript/fileName/UIManager.cs: 619f5747dc184f3577c898ec321c40d4 -> 
  custom:scripting/monoscript/fileName/Inventory.cs: 9e763594ef7e0ab7d608bf03e4de17b5 -> 8040a54c9928a06ca68d2588af0de046
  custom:container-demuxer-webm: 4f35f7cbe854078d1ac9338744f61a02 -> 
  custom:scripting/monoscript/fileName/Door.cs: 06c8567cd8937d8d56232f3de9b2d377 -> 89da75c00dd875a160d70ad71da9a2a1
  custom:container-muxer-webm: aa71ff27fc2769a1b78a27578f13a17b -> 
  custom:video-decoder-webm-vp8: 9c59270c3fd7afecdb556c50c9e8de78 -> 
  custom:SearchIndexIgnoredProperties: e643bd26f0fe6173181afceb89e7c659 -> 
  custom:AudioImporter_EditorPlatform: d09bf68614088b80899f8185d706f6e7 -> 
  custom:scripting/monoscript/fileName/PickupItem.cs: d1c0b8648b7d22ff1c12f52229084f6a -> 71d901a7943673c26b0527ad8f269cee
  custom:scripting/monoscript/fileName/Room.cs: d1c87f5a00c96902b5884b56b22265d6 -> 80712595f8242fc9e86128d3188cd0f1
  custom:scripting/monoscript/fileName/RoomManager.cs: 70017efd1ccd640cc235ecbd5526ad30 -> 579c8f6d2c175182baea4cac812896a0
  custom:video-encoder-webm-vp8: eb34c28f22e8b96e1ab97ce403110664 -> 
  custom:audio-decoder-ogg-vorbis: bf7c407c2cedff20999df2af8eb42d56 -> 
  custom:scripting/monoscript/fileName/Item.cs: c2b7fc65fe255f985743270ca947d8ec -> edfd25bbe8f561e55c7415f9c3adacfe
  custom:scripting/monoscript/fileName/PlayerMovement.cs: 5c1499cfc43e291157e191fb54bb34f9 -> 42480eed24e61f9d7e7e895933644f96
  custom:audio-encoder-webm-vorbis: bf7c407c2cedff20999df2af8eb42d56 -> 
  custom:scripting/precompiled-assembly-types:Assembly-CSharp: 78ed69d2dae625d2669ac29421a95a9c -> bc112aba0faabf23127df56d2c562dad
========================================================================
Received Prepare
Caller must complete domain reload
Begin MonoManager ReloadAssembly
- Loaded All Assemblies, in  0.662 seconds
Native extension for WindowsStandalone target not found
Native extension for Android target not found
Mono: successfully reloaded assembly
- Finished resetting the current domain, in  1.503 seconds
Domain Reload Profiling: 2164ms
	BeginReloadAssembly (226ms)
		ExecutionOrderSort (0ms)
		DisableScriptedObjects (19ms)
		BackupInstance (0ms)
		ReleaseScriptingObjects (0ms)
		CreateAndSetChildDomain (40ms)
	RebuildCommonClasses (53ms)
	RebuildNativeTypeToScriptingClass (15ms)
	initialDomainReloadingComplete (40ms)
	LoadAllAssembliesAndSetupDomain (327ms)
		LoadAssemblies (415ms)
		RebuildTransferFunctionScriptingTraits (0ms)
		AnalyzeDomain (43ms)
			TypeCache.Refresh (11ms)
				TypeCache.ScanAssembly (0ms)
			ScanForSourceGeneratedMonoScriptInfo (17ms)
			ResolveRequiredComponents (14ms)
	FinalizeReload (1504ms)
		ReleaseScriptCaches (0ms)
		RebuildScriptCaches (0ms)
		SetupLoadedEditorAssemblies (670ms)
			LogAssemblyErrors (0ms)
			InitializePlatformSupportModulesInManaged (23ms)
			SetLoadedEditorAssemblies (5ms)
			RefreshPlugins (0ms)
			BeforeProcessingInitializeOnLoad (98ms)
			ProcessInitializeOnLoadAttributes (487ms)
			ProcessInitializeOnLoadMethodAttributes (51ms)
			AfterProcessingInitializeOnLoad (6ms)
			EditorAssembliesLoaded (0ms)
		ExecutionOrderSort2 (0ms)
		AwakeInstancesAfterBackupRestoration (17ms)
Refreshing native plugins compatible for Editor in 5.46 ms, found 4 plugins.
Preloading 0 native plugins for Editor in 0.00 ms.
Unloading 4283 Unused Serialized files (Serialized files now loaded: 0)
Unloading 38 unused Assets / (0.9 MB). Loaded Objects now: 5823.
Memory consumption went from 154.1 MB to 153.2 MB.
Total: 5.584600 ms (FindLiveObjects: 0.585200 ms CreateObjectMapping: 0.187300 ms MarkObjects: 3.737400 ms  DeleteObjects: 1.073100 ms)

Prepare: number of updated asset objects reloaded= 0
AssetImportParameters requested are different than current active one (requested -> active):
  custom:container-demuxer-ogg: 62fdf1f143b41e24485cea50d1cbac27 -> 
  custom:video-decoder-ogg-theora: a1e56fd34408186e4bbccfd4996cb3dc -> 
  custom:framework-win-MediaFoundation: 216162199b28c13a410421893ffa2e32 -> 
  custom:scripting/monoscript/fileName/InventoryUI.cs: a51eed18ec49e69d87a737edf5ea607f -> 
  custom:CustomObjectIndexerAttribute: 9a22284fe3817be447336de3de66b15e -> 
  custom:scripting/monoscript/fileName/PauseManager.cs: 0396bd8b7e1a9bd823e7dab64ce9caf2 -> 
  custom:scripting/monoscript/fileName/UIManager.cs: 619f5747dc184f3577c898ec321c40d4 -> 
  custom:scripting/monoscript/fileName/Inventory.cs: 9e763594ef7e0ab7d608bf03e4de17b5 -> 8040a54c9928a06ca68d2588af0de046
  custom:container-demuxer-webm: 4f35f7cbe854078d1ac9338744f61a02 -> 
  custom:scripting/monoscript/fileName/Door.cs: 06c8567cd8937d8d56232f3de9b2d377 -> 89da75c00dd875a160d70ad71da9a2a1
  custom:container-muxer-webm: aa71ff27fc2769a1b78a27578f13a17b -> 
  custom:video-decoder-webm-vp8: 9c59270c3fd7afecdb556c50c9e8de78 -> 
  custom:SearchIndexIgnoredProperties: e643bd26f0fe6173181afceb89e7c659 -> 
  custom:AudioImporter_EditorPlatform: d09bf68614088b80899f8185d706f6e7 -> 
  custom:scripting/monoscript/fileName/PickupItem.cs: d1c0b8648b7d22ff1c12f52229084f6a -> 71d901a7943673c26b0527ad8f269cee
  custom:scripting/monoscript/fileName/Room.cs: d1c87f5a00c96902b5884b56b22265d6 -> 80712595f8242fc9e86128d3188cd0f1
  custom:scripting/monoscript/fileName/RoomManager.cs: 70017efd1ccd640cc235ecbd5526ad30 -> 579c8f6d2c175182baea4cac812896a0
  custom:video-encoder-webm-vp8: eb34c28f22e8b96e1ab97ce403110664 -> 
  custom:audio-decoder-ogg-vorbis: bf7c407c2cedff20999df2af8eb42d56 -> 
  custom:scripting/monoscript/fileName/Item.cs: c2b7fc65fe255f985743270ca947d8ec -> edfd25bbe8f561e55c7415f9c3adacfe
  custom:scripting/monoscript/fileName/PlayerMovement.cs: 5c1499cfc43e291157e191fb54bb34f9 -> 42480eed24e61f9d7e7e895933644f96
  custom:audio-encoder-webm-vorbis: bf7c407c2cedff20999df2af8eb42d56 -> 
  custom:scripting/precompiled-assembly-types:Assembly-CSharp: 78ed69d2dae625d2669ac29421a95a9c -> bc112aba0faabf23127df56d2c562dad
========================================================================
Received Prepare
Caller must complete domain reload
Begin MonoManager ReloadAssembly
- Loaded All Assemblies, in  0.680 seconds
Native extension for WindowsStandalone target not found
Native extension for Android target not found
Mono: successfully reloaded assembly
- Finished resetting the current domain, in  1.730 seconds
Domain Reload Profiling: 2409ms
	BeginReloadAssembly (232ms)
		ExecutionOrderSort (0ms)
		DisableScriptedObjects (18ms)
		BackupInstance (0ms)
		ReleaseScriptingObjects (0ms)
		CreateAndSetChildDomain (44ms)
	RebuildCommonClasses (59ms)
	RebuildNativeTypeToScriptingClass (18ms)
	initialDomainReloadingComplete (43ms)
	LoadAllAssembliesAndSetupDomain (327ms)
		LoadAssemblies (438ms)
		RebuildTransferFunctionScriptingTraits (0ms)
		AnalyzeDomain (23ms)
			TypeCache.Refresh (9ms)
				TypeCache.ScanAssembly (0ms)
			ScanForSourceGeneratedMonoScriptInfo (0ms)
			ResolveRequiredComponents (12ms)
	FinalizeReload (1731ms)
		ReleaseScriptCaches (0ms)
		RebuildScriptCaches (0ms)
		SetupLoadedEditorAssemblies (795ms)
			LogAssemblyErrors (0ms)
			InitializePlatformSupportModulesInManaged (29ms)
			SetLoadedEditorAssemblies (5ms)
			RefreshPlugins (0ms)
			BeforeProcessingInitializeOnLoad (119ms)
			ProcessInitializeOnLoadAttributes (569ms)
			ProcessInitializeOnLoadMethodAttributes (65ms)
			AfterProcessingInitializeOnLoad (7ms)
			EditorAssembliesLoaded (1ms)
		ExecutionOrderSort2 (0ms)
		AwakeInstancesAfterBackupRestoration (21ms)
Refreshing native plugins compatible for Editor in 6.98 ms, found 4 plugins.
Preloading 0 native plugins for Editor in 0.00 ms.
Unloading 4283 Unused Serialized files (Serialized files now loaded: 0)
Unloading 38 unused Assets / (0.9 MB). Loaded Objects now: 5840.
Memory consumption went from 154.1 MB to 153.2 MB.
Total: 7.588700 ms (FindLiveObjects: 0.859400 ms CreateObjectMapping: 0.845400 ms MarkObjects: 5.183200 ms  DeleteObjects: 0.698800 ms)

Prepare: number of updated asset objects reloaded= 0
AssetImportParameters requested are different than current active one (requested -> active):
  custom:container-demuxer-ogg: 62fdf1f143b41e24485cea50d1cbac27 -> 
  custom:video-decoder-ogg-theora: a1e56fd34408186e4bbccfd4996cb3dc -> 
  custom:framework-win-MediaFoundation: 216162199b28c13a410421893ffa2e32 -> 
  custom:scripting/monoscript/fileName/InventoryUI.cs: a51eed18ec49e69d87a737edf5ea607f -> 
  custom:CustomObjectIndexerAttribute: 9a22284fe3817be447336de3de66b15e -> 
  custom:scripting/monoscript/fileName/PauseManager.cs: 0396bd8b7e1a9bd823e7dab64ce9caf2 -> 
  custom:scripting/monoscript/fileName/UIManager.cs: 619f5747dc184f3577c898ec321c40d4 -> 
  custom:scripting/monoscript/fileName/Inventory.cs: 9e763594ef7e0ab7d608bf03e4de17b5 -> 8040a54c9928a06ca68d2588af0de046
  custom:container-demuxer-webm: 4f35f7cbe854078d1ac9338744f61a02 -> 
  custom:scripting/monoscript/fileName/Door.cs: 06c8567cd8937d8d56232f3de9b2d377 -> 89da75c00dd875a160d70ad71da9a2a1
  custom:container-muxer-webm: aa71ff27fc2769a1b78a27578f13a17b -> 
  custom:video-decoder-webm-vp8: 9c59270c3fd7afecdb556c50c9e8de78 -> 
  custom:SearchIndexIgnoredProperties: e643bd26f0fe6173181afceb89e7c659 -> 
  custom:AudioImporter_EditorPlatform: d09bf68614088b80899f8185d706f6e7 -> 
  custom:scripting/monoscript/fileName/PickupItem.cs: d1c0b8648b7d22ff1c12f52229084f6a -> 71d901a7943673c26b0527ad8f269cee
  custom:scripting/monoscript/fileName/Room.cs: d1c87f5a00c96902b5884b56b22265d6 -> 80712595f8242fc9e86128d3188cd0f1
  custom:scripting/monoscript/fileName/RoomManager.cs: 70017efd1ccd640cc235ecbd5526ad30 -> 579c8f6d2c175182baea4cac812896a0
  custom:video-encoder-webm-vp8: eb34c28f22e8b96e1ab97ce403110664 -> 
  custom:audio-decoder-ogg-vorbis: bf7c407c2cedff20999df2af8eb42d56 -> 
  custom:scripting/monoscript/fileName/Item.cs: c2b7fc65fe255f985743270ca947d8ec -> edfd25bbe8f561e55c7415f9c3adacfe
  custom:scripting/monoscript/fileName/PlayerMovement.cs: 5c1499cfc43e291157e191fb54bb34f9 -> 42480eed24e61f9d7e7e895933644f96
  custom:audio-encoder-webm-vorbis: bf7c407c2cedff20999df2af8eb42d56 -> 
  custom:scripting/precompiled-assembly-types:Assembly-CSharp: 78ed69d2dae625d2669ac29421a95a9c -> bc112aba0faabf23127df56d2c562dad
========================================================================
Received Prepare
Caller must complete domain reload
Begin MonoManager ReloadAssembly
- Loaded All Assemblies, in  0.669 seconds
Native extension for WindowsStandalone target not found
Native extension for Android target not found
Mono: successfully reloaded assembly
- Finished resetting the current domain, in  1.748 seconds
Domain Reload Profiling: 2417ms
	BeginReloadAssembly (240ms)
		ExecutionOrderSort (0ms)
		DisableScriptedObjects (19ms)
		BackupInstance (0ms)
		ReleaseScriptingObjects (0ms)
		CreateAndSetChildDomain (51ms)
	RebuildCommonClasses (51ms)
	RebuildNativeTypeToScriptingClass (20ms)
	initialDomainReloadingComplete (40ms)
	LoadAllAssembliesAndSetupDomain (317ms)
		LoadAssemblies (424ms)
		RebuildTransferFunctionScriptingTraits (0ms)
		AnalyzeDomain (20ms)
			TypeCache.Refresh (8ms)
				TypeCache.ScanAssembly (0ms)
			ScanForSourceGeneratedMonoScriptInfo (0ms)
			ResolveRequiredComponents (10ms)
	FinalizeReload (1749ms)
		ReleaseScriptCaches (0ms)
		RebuildScriptCaches (0ms)
		SetupLoadedEditorAssemblies (819ms)
			LogAssemblyErrors (0ms)
			InitializePlatformSupportModulesInManaged (28ms)
			SetLoadedEditorAssemblies (5ms)
			RefreshPlugins (0ms)
			BeforeProcessingInitializeOnLoad (118ms)
			ProcessInitializeOnLoadAttributes (608ms)
			ProcessInitializeOnLoadMethodAttributes (52ms)
			AfterProcessingInitializeOnLoad (6ms)
			EditorAssembliesLoaded (0ms)
		ExecutionOrderSort2 (0ms)
		AwakeInstancesAfterBackupRestoration (20ms)
Refreshing native plugins compatible for Editor in 6.28 ms, found 4 plugins.
Preloading 0 native plugins for Editor in 0.00 ms.
Unloading 4283 Unused Serialized files (Serialized files now loaded: 0)
Unloading 38 unused Assets / (0.9 MB). Loaded Objects now: 5857.
Memory consumption went from 154.1 MB to 153.2 MB.
Total: 5.612100 ms (FindLiveObjects: 0.614100 ms CreateObjectMapping: 0.273700 ms MarkObjects: 3.686700 ms  DeleteObjects: 1.036000 ms)

Prepare: number of updated asset objects reloaded= 0
AssetImportParameters requested are different than current active one (requested -> active):
  custom:container-demuxer-ogg: 62fdf1f143b41e24485cea50d1cbac27 -> 
  custom:video-decoder-ogg-theora: a1e56fd34408186e4bbccfd4996cb3dc -> 
  custom:framework-win-MediaFoundation: 216162199b28c13a410421893ffa2e32 -> 
  custom:scripting/monoscript/fileName/InventoryUI.cs: a51eed18ec49e69d87a737edf5ea607f -> 
  custom:CustomObjectIndexerAttribute: 9a22284fe3817be447336de3de66b15e -> 
  custom:scripting/monoscript/fileName/PauseManager.cs: 0396bd8b7e1a9bd823e7dab64ce9caf2 -> 
  custom:scripting/monoscript/fileName/UIManager.cs: 619f5747dc184f3577c898ec321c40d4 -> 
  custom:scripting/monoscript/fileName/Inventory.cs: 9e763594ef7e0ab7d608bf03e4de17b5 -> 8040a54c9928a06ca68d2588af0de046
  custom:container-demuxer-webm: 4f35f7cbe854078d1ac9338744f61a02 -> 
  custom:scripting/monoscript/fileName/Door.cs: 06c8567cd8937d8d56232f3de9b2d377 -> 89da75c00dd875a160d70ad71da9a2a1
  custom:container-muxer-webm: aa71ff27fc2769a1b78a27578f13a17b -> 
  custom:video-decoder-webm-vp8: 9c59270c3fd7afecdb556c50c9e8de78 -> 
  custom:SearchIndexIgnoredProperties: e643bd26f0fe6173181afceb89e7c659 -> 
  custom:AudioImporter_EditorPlatform: d09bf68614088b80899f8185d706f6e7 -> 
  custom:scripting/monoscript/fileName/PickupItem.cs: d1c0b8648b7d22ff1c12f52229084f6a -> 71d901a7943673c26b0527ad8f269cee
  custom:scripting/monoscript/fileName/Room.cs: d1c87f5a00c96902b5884b56b22265d6 -> 80712595f8242fc9e86128d3188cd0f1
  custom:scripting/monoscript/fileName/RoomManager.cs: 70017efd1ccd640cc235ecbd5526ad30 -> 579c8f6d2c175182baea4cac812896a0
  custom:video-encoder-webm-vp8: eb34c28f22e8b96e1ab97ce403110664 -> 
  custom:audio-decoder-ogg-vorbis: bf7c407c2cedff20999df2af8eb42d56 -> 
  custom:scripting/monoscript/fileName/Item.cs: c2b7fc65fe255f985743270ca947d8ec -> edfd25bbe8f561e55c7415f9c3adacfe
  custom:scripting/monoscript/fileName/PlayerMovement.cs: 5c1499cfc43e291157e191fb54bb34f9 -> 42480eed24e61f9d7e7e895933644f96
  custom:audio-encoder-webm-vorbis: bf7c407c2cedff20999df2af8eb42d56 -> 
  custom:scripting/precompiled-assembly-types:Assembly-CSharp: 78ed69d2dae625d2669ac29421a95a9c -> bc112aba0faabf23127df56d2c562dad
========================================================================
Received Prepare
Caller must complete domain reload
Begin MonoManager ReloadAssembly
- Loaded All Assemblies, in  0.676 seconds
Native extension for WindowsStandalone target not found
Native extension for Android target not found
Mono: successfully reloaded assembly
- Finished resetting the current domain, in  1.507 seconds
Domain Reload Profiling: 2183ms
	BeginReloadAssembly (231ms)
		ExecutionOrderSort (0ms)
		DisableScriptedObjects (20ms)
		BackupInstance (0ms)
		ReleaseScriptingObjects (0ms)
		CreateAndSetChildDomain (43ms)
	RebuildCommonClasses (51ms)
	RebuildNativeTypeToScriptingClass (17ms)
	initialDomainReloadingComplete (44ms)
	LoadAllAssembliesAndSetupDomain (333ms)
		LoadAssemblies (418ms)
		RebuildTransferFunctionScriptingTraits (0ms)
		AnalyzeDomain (45ms)
			TypeCache.Refresh (14ms)
				TypeCache.ScanAssembly (0ms)
			ScanForSourceGeneratedMonoScriptInfo (16ms)
			ResolveRequiredComponents (14ms)
	FinalizeReload (1507ms)
		ReleaseScriptCaches (0ms)
		RebuildScriptCaches (0ms)
		SetupLoadedEditorAssemblies (651ms)
			LogAssemblyErrors (0ms)
			InitializePlatformSupportModulesInManaged (21ms)
			SetLoadedEditorAssemblies (4ms)
			RefreshPlugins (0ms)
			BeforeProcessingInitializeOnLoad (88ms)
			ProcessInitializeOnLoadAttributes (485ms)
			ProcessInitializeOnLoadMethodAttributes (48ms)
			AfterProcessingInitializeOnLoad (4ms)
			EditorAssembliesLoaded (0ms)
		ExecutionOrderSort2 (0ms)
		AwakeInstancesAfterBackupRestoration (20ms)
Refreshing native plugins compatible for Editor in 5.52 ms, found 4 plugins.
Preloading 0 native plugins for Editor in 0.00 ms.
Unloading 4283 Unused Serialized files (Serialized files now loaded: 0)
Unloading 38 unused Assets / (0.9 MB). Loaded Objects now: 5874.
Memory consumption went from 154.2 MB to 153.2 MB.
Total: 4.771200 ms (FindLiveObjects: 0.665400 ms CreateObjectMapping: 0.185500 ms MarkObjects: 3.376700 ms  DeleteObjects: 0.541700 ms)

Prepare: number of updated asset objects reloaded= 0
AssetImportParameters requested are different than current active one (requested -> active):
  custom:container-demuxer-ogg: 62fdf1f143b41e24485cea50d1cbac27 -> 
  custom:video-decoder-ogg-theora: a1e56fd34408186e4bbccfd4996cb3dc -> 
  custom:framework-win-MediaFoundation: 216162199b28c13a410421893ffa2e32 -> 
  custom:scripting/monoscript/fileName/InventoryUI.cs: a51eed18ec49e69d87a737edf5ea607f -> 
  custom:CustomObjectIndexerAttribute: 9a22284fe3817be447336de3de66b15e -> 
  custom:scripting/monoscript/fileName/PauseManager.cs: 0396bd8b7e1a9bd823e7dab64ce9caf2 -> 
  custom:scripting/monoscript/fileName/UIManager.cs: 619f5747dc184f3577c898ec321c40d4 -> 
  custom:scripting/monoscript/fileName/Inventory.cs: 9e763594ef7e0ab7d608bf03e4de17b5 -> 8040a54c9928a06ca68d2588af0de046
  custom:container-demuxer-webm: 4f35f7cbe854078d1ac9338744f61a02 -> 
  custom:scripting/monoscript/fileName/Door.cs: 06c8567cd8937d8d56232f3de9b2d377 -> 89da75c00dd875a160d70ad71da9a2a1
  custom:container-muxer-webm: aa71ff27fc2769a1b78a27578f13a17b -> 
  custom:video-decoder-webm-vp8: 9c59270c3fd7afecdb556c50c9e8de78 -> 
  custom:SearchIndexIgnoredProperties: e643bd26f0fe6173181afceb89e7c659 -> 
  custom:AudioImporter_EditorPlatform: d09bf68614088b80899f8185d706f6e7 -> 
  custom:scripting/monoscript/fileName/PickupItem.cs: d1c0b8648b7d22ff1c12f52229084f6a -> 71d901a7943673c26b0527ad8f269cee
  custom:scripting/monoscript/fileName/Room.cs: d1c87f5a00c96902b5884b56b22265d6 -> 80712595f8242fc9e86128d3188cd0f1
  custom:scripting/monoscript/fileName/RoomManager.cs: 70017efd1ccd640cc235ecbd5526ad30 -> 579c8f6d2c175182baea4cac812896a0
  custom:video-encoder-webm-vp8: eb34c28f22e8b96e1ab97ce403110664 -> 
  custom:audio-decoder-ogg-vorbis: bf7c407c2cedff20999df2af8eb42d56 -> 
  custom:scripting/monoscript/fileName/Item.cs: c2b7fc65fe255f985743270ca947d8ec -> edfd25bbe8f561e55c7415f9c3adacfe
  custom:scripting/monoscript/fileName/PlayerMovement.cs: 5c1499cfc43e291157e191fb54bb34f9 -> 42480eed24e61f9d7e7e895933644f96
  custom:audio-encoder-webm-vorbis: bf7c407c2cedff20999df2af8eb42d56 -> 
  custom:scripting/precompiled-assembly-types:Assembly-CSharp: 78ed69d2dae625d2669ac29421a95a9c -> bc112aba0faabf23127df56d2c562dad
========================================================================
Received Prepare
Caller must complete domain reload
Begin MonoManager ReloadAssembly
- Loaded All Assemblies, in  0.695 seconds
Native extension for WindowsStandalone target not found
Native extension for Android target not found
Mono: successfully reloaded assembly
- Finished resetting the current domain, in  1.797 seconds
Domain Reload Profiling: 2491ms
	BeginReloadAssembly (250ms)
		ExecutionOrderSort (0ms)
		DisableScriptedObjects (18ms)
		BackupInstance (0ms)
		ReleaseScriptingObjects (0ms)
		CreateAndSetChildDomain (39ms)
	RebuildCommonClasses (57ms)
	RebuildNativeTypeToScriptingClass (19ms)
	initialDomainReloadingComplete (41ms)
	LoadAllAssembliesAndSetupDomain (327ms)
		LoadAssemblies (461ms)
		RebuildTransferFunctionScriptingTraits (0ms)
		AnalyzeDomain (20ms)
			TypeCache.Refresh (8ms)
				TypeCache.ScanAssembly (0ms)
			ScanForSourceGeneratedMonoScriptInfo (0ms)
			ResolveRequiredComponents (10ms)
	FinalizeReload (1798ms)
		ReleaseScriptCaches (0ms)
		RebuildScriptCaches (0ms)
		SetupLoadedEditorAssemblies (851ms)
			LogAssemblyErrors (0ms)
			InitializePlatformSupportModulesInManaged (30ms)
			SetLoadedEditorAssemblies (5ms)
			RefreshPlugins (0ms)
			BeforeProcessingInitializeOnLoad (128ms)
			ProcessInitializeOnLoadAttributes (621ms)
			ProcessInitializeOnLoadMethodAttributes (60ms)
			AfterProcessingInitializeOnLoad (7ms)
			EditorAssembliesLoaded (1ms)
		ExecutionOrderSort2 (0ms)
		AwakeInstancesAfterBackupRestoration (19ms)
Refreshing native plugins compatible for Editor in 6.24 ms, found 4 plugins.
Preloading 0 native plugins for Editor in 0.00 ms.
Unloading 4283 Unused Serialized files (Serialized files now loaded: 0)
Unloading 38 unused Assets / (0.9 MB). Loaded Objects now: 5891.
Memory consumption went from 154.3 MB to 153.4 MB.
Total: 5.920700 ms (FindLiveObjects: 0.652600 ms CreateObjectMapping: 0.228400 ms MarkObjects: 4.229000 ms  DeleteObjects: 0.808700 ms)

Prepare: number of updated asset objects reloaded= 0
AssetImportParameters requested are different than current active one (requested -> active):
  custom:container-demuxer-ogg: 62fdf1f143b41e24485cea50d1cbac27 -> 
  custom:video-decoder-ogg-theora: a1e56fd34408186e4bbccfd4996cb3dc -> 
  custom:framework-win-MediaFoundation: 216162199b28c13a410421893ffa2e32 -> 
  custom:scripting/monoscript/fileName/InventoryUI.cs: a51eed18ec49e69d87a737edf5ea607f -> 
  custom:CustomObjectIndexerAttribute: 9a22284fe3817be447336de3de66b15e -> 
  custom:scripting/monoscript/fileName/PauseManager.cs: 0396bd8b7e1a9bd823e7dab64ce9caf2 -> 
  custom:scripting/monoscript/fileName/UIManager.cs: 619f5747dc184f3577c898ec321c40d4 -> 
  custom:scripting/monoscript/fileName/Inventory.cs: 9e763594ef7e0ab7d608bf03e4de17b5 -> 8040a54c9928a06ca68d2588af0de046
  custom:container-demuxer-webm: 4f35f7cbe854078d1ac9338744f61a02 -> 
  custom:scripting/monoscript/fileName/Door.cs: 06c8567cd8937d8d56232f3de9b2d377 -> 89da75c00dd875a160d70ad71da9a2a1
  custom:container-muxer-webm: aa71ff27fc2769a1b78a27578f13a17b -> 
  custom:video-decoder-webm-vp8: 9c59270c3fd7afecdb556c50c9e8de78 -> 
  custom:SearchIndexIgnoredProperties: e643bd26f0fe6173181afceb89e7c659 -> 
  custom:AudioImporter_EditorPlatform: d09bf68614088b80899f8185d706f6e7 -> 
  custom:scripting/monoscript/fileName/PickupItem.cs: d1c0b8648b7d22ff1c12f52229084f6a -> 71d901a7943673c26b0527ad8f269cee
  custom:scripting/monoscript/fileName/Room.cs: d1c87f5a00c96902b5884b56b22265d6 -> 80712595f8242fc9e86128d3188cd0f1
  custom:scripting/monoscript/fileName/RoomManager.cs: 70017efd1ccd640cc235ecbd5526ad30 -> 579c8f6d2c175182baea4cac812896a0
  custom:video-encoder-webm-vp8: eb34c28f22e8b96e1ab97ce403110664 -> 
  custom:audio-decoder-ogg-vorbis: bf7c407c2cedff20999df2af8eb42d56 -> 
  custom:scripting/monoscript/fileName/Item.cs: c2b7fc65fe255f985743270ca947d8ec -> edfd25bbe8f561e55c7415f9c3adacfe
  custom:scripting/monoscript/fileName/PlayerMovement.cs: 5c1499cfc43e291157e191fb54bb34f9 -> 42480eed24e61f9d7e7e895933644f96
  custom:audio-encoder-webm-vorbis: bf7c407c2cedff20999df2af8eb42d56 -> 
  custom:scripting/precompiled-assembly-types:Assembly-CSharp: 78ed69d2dae625d2669ac29421a95a9c -> bc112aba0faabf23127df56d2c562dad
========================================================================
Received Prepare
Caller must complete domain reload
Begin MonoManager ReloadAssembly
- Loaded All Assemblies, in  0.653 seconds
Native extension for WindowsStandalone target not found
Native extension for Android target not found
Mono: successfully reloaded assembly
- Finished resetting the current domain, in  1.703 seconds
Domain Reload Profiling: 2356ms
	BeginReloadAssembly (226ms)
		ExecutionOrderSort (0ms)
		DisableScriptedObjects (17ms)
		BackupInstance (0ms)
		ReleaseScriptingObjects (0ms)
		CreateAndSetChildDomain (43ms)
	RebuildCommonClasses (50ms)
	RebuildNativeTypeToScriptingClass (18ms)
	initialDomainReloadingComplete (40ms)
	LoadAllAssembliesAndSetupDomain (317ms)
		LoadAssemblies (420ms)
		RebuildTransferFunctionScriptingTraits (0ms)
		AnalyzeDomain (28ms)
			TypeCache.Refresh (9ms)
				TypeCache.ScanAssembly (0ms)
			ScanForSourceGeneratedMonoScriptInfo (0ms)
			ResolveRequiredComponents (16ms)
	FinalizeReload (1704ms)
		ReleaseScriptCaches (0ms)
		RebuildScriptCaches (0ms)
		SetupLoadedEditorAssemblies (800ms)
			LogAssemblyErrors (0ms)
			InitializePlatformSupportModulesInManaged (30ms)
			SetLoadedEditorAssemblies (7ms)
			RefreshPlugins (0ms)
			BeforeProcessingInitializeOnLoad (123ms)
			ProcessInitializeOnLoadAttributes (579ms)
			ProcessInitializeOnLoadMethodAttributes (54ms)
			AfterProcessingInitializeOnLoad (7ms)
			EditorAssembliesLoaded (1ms)
		ExecutionOrderSort2 (0ms)
		AwakeInstancesAfterBackupRestoration (21ms)
Refreshing native plugins compatible for Editor in 5.44 ms, found 4 plugins.
Preloading 0 native plugins for Editor in 0.00 ms.
Unloading 4283 Unused Serialized files (Serialized files now loaded: 0)
Unloading 38 unused Assets / (0.9 MB). Loaded Objects now: 5908.
Memory consumption went from 154.3 MB to 153.4 MB.
Total: 7.481100 ms (FindLiveObjects: 0.759000 ms CreateObjectMapping: 0.478300 ms MarkObjects: 5.549200 ms  DeleteObjects: 0.693000 ms)

Prepare: number of updated asset objects reloaded= 0
AssetImportParameters requested are different than current active one (requested -> active):
  custom:container-demuxer-ogg: 62fdf1f143b41e24485cea50d1cbac27 -> 
  custom:video-decoder-ogg-theora: a1e56fd34408186e4bbccfd4996cb3dc -> 
  custom:framework-win-MediaFoundation: 216162199b28c13a410421893ffa2e32 -> 
  custom:scripting/monoscript/fileName/InventoryUI.cs: a51eed18ec49e69d87a737edf5ea607f -> 
  custom:CustomObjectIndexerAttribute: 9a22284fe3817be447336de3de66b15e -> 
  custom:scripting/monoscript/fileName/PauseManager.cs: 0396bd8b7e1a9bd823e7dab64ce9caf2 -> 
  custom:scripting/monoscript/fileName/UIManager.cs: 619f5747dc184f3577c898ec321c40d4 -> 
  custom:scripting/monoscript/fileName/Inventory.cs: 9e763594ef7e0ab7d608bf03e4de17b5 -> 8040a54c9928a06ca68d2588af0de046
  custom:container-demuxer-webm: 4f35f7cbe854078d1ac9338744f61a02 -> 
  custom:scripting/monoscript/fileName/Door.cs: 06c8567cd8937d8d56232f3de9b2d377 -> 89da75c00dd875a160d70ad71da9a2a1
  custom:container-muxer-webm: aa71ff27fc2769a1b78a27578f13a17b -> 
  custom:video-decoder-webm-vp8: 9c59270c3fd7afecdb556c50c9e8de78 -> 
  custom:SearchIndexIgnoredProperties: e643bd26f0fe6173181afceb89e7c659 -> 
  custom:AudioImporter_EditorPlatform: d09bf68614088b80899f8185d706f6e7 -> 
  custom:scripting/monoscript/fileName/PickupItem.cs: d1c0b8648b7d22ff1c12f52229084f6a -> 71d901a7943673c26b0527ad8f269cee
  custom:scripting/monoscript/fileName/Room.cs: d1c87f5a00c96902b5884b56b22265d6 -> 80712595f8242fc9e86128d3188cd0f1
  custom:scripting/monoscript/fileName/RoomManager.cs: 70017efd1ccd640cc235ecbd5526ad30 -> 579c8f6d2c175182baea4cac812896a0
  custom:video-encoder-webm-vp8: eb34c28f22e8b96e1ab97ce403110664 -> 
  custom:audio-decoder-ogg-vorbis: bf7c407c2cedff20999df2af8eb42d56 -> 
  custom:scripting/monoscript/fileName/Item.cs: c2b7fc65fe255f985743270ca947d8ec -> edfd25bbe8f561e55c7415f9c3adacfe
  custom:scripting/monoscript/fileName/PlayerMovement.cs: 5c1499cfc43e291157e191fb54bb34f9 -> 42480eed24e61f9d7e7e895933644f96
  custom:audio-encoder-webm-vorbis: bf7c407c2cedff20999df2af8eb42d56 -> 
  custom:scripting/precompiled-assembly-types:Assembly-CSharp: 78ed69d2dae625d2669ac29421a95a9c -> bc112aba0faabf23127df56d2c562dad
========================================================================
Received Prepare
Caller must complete domain reload
Begin MonoManager ReloadAssembly
- Loaded All Assemblies, in  0.650 seconds
Native extension for WindowsStandalone target not found
Native extension for Android target not found
Mono: successfully reloaded assembly
- Finished resetting the current domain, in  1.771 seconds
Domain Reload Profiling: 2420ms
	BeginReloadAssembly (228ms)
		ExecutionOrderSort (0ms)
		DisableScriptedObjects (20ms)
		BackupInstance (0ms)
		ReleaseScriptingObjects (0ms)
		CreateAndSetChildDomain (46ms)
	RebuildCommonClasses (59ms)
	RebuildNativeTypeToScriptingClass (19ms)
	initialDomainReloadingComplete (38ms)
	LoadAllAssembliesAndSetupDomain (304ms)
		LoadAssemblies (403ms)
		RebuildTransferFunctionScriptingTraits (0ms)
		AnalyzeDomain (26ms)
			TypeCache.Refresh (9ms)
				TypeCache.ScanAssembly (0ms)
			ScanForSourceGeneratedMonoScriptInfo (0ms)
			ResolveRequiredComponents (14ms)
	FinalizeReload (1772ms)
		ReleaseScriptCaches (0ms)
		RebuildScriptCaches (0ms)
		SetupLoadedEditorAssemblies (875ms)
			LogAssemblyErrors (0ms)
			InitializePlatformSupportModulesInManaged (30ms)
			SetLoadedEditorAssemblies (6ms)
			RefreshPlugins (0ms)
			BeforeProcessingInitializeOnLoad (123ms)
			ProcessInitializeOnLoadAttributes (649ms)
			ProcessInitializeOnLoadMethodAttributes (58ms)
			AfterProcessingInitializeOnLoad (8ms)
			EditorAssembliesLoaded (1ms)
		ExecutionOrderSort2 (0ms)
		AwakeInstancesAfterBackupRestoration (22ms)
Refreshing native plugins compatible for Editor in 6.94 ms, found 4 plugins.
Preloading 0 native plugins for Editor in 0.00 ms.
Unloading 4283 Unused Serialized files (Serialized files now loaded: 0)
Unloading 38 unused Assets / (0.9 MB). Loaded Objects now: 5925.
Memory consumption went from 154.4 MB to 153.4 MB.
Total: 7.277500 ms (FindLiveObjects: 0.793000 ms CreateObjectMapping: 0.433600 ms MarkObjects: 5.193100 ms  DeleteObjects: 0.855700 ms)

Prepare: number of updated asset objects reloaded= 0
AssetImportParameters requested are different than current active one (requested -> active):
  custom:container-demuxer-ogg: 62fdf1f143b41e24485cea50d1cbac27 -> 
  custom:video-decoder-ogg-theora: a1e56fd34408186e4bbccfd4996cb3dc -> 
  custom:framework-win-MediaFoundation: 216162199b28c13a410421893ffa2e32 -> 
  custom:scripting/monoscript/fileName/InventoryUI.cs: a51eed18ec49e69d87a737edf5ea607f -> 
  custom:CustomObjectIndexerAttribute: 9a22284fe3817be447336de3de66b15e -> 
  custom:scripting/monoscript/fileName/PauseManager.cs: 0396bd8b7e1a9bd823e7dab64ce9caf2 -> 
  custom:scripting/monoscript/fileName/UIManager.cs: 619f5747dc184f3577c898ec321c40d4 -> 
  custom:scripting/monoscript/fileName/Inventory.cs: 9e763594ef7e0ab7d608bf03e4de17b5 -> 8040a54c9928a06ca68d2588af0de046
  custom:container-demuxer-webm: 4f35f7cbe854078d1ac9338744f61a02 -> 
  custom:scripting/monoscript/fileName/Door.cs: 06c8567cd8937d8d56232f3de9b2d377 -> 89da75c00dd875a160d70ad71da9a2a1
  custom:container-muxer-webm: aa71ff27fc2769a1b78a27578f13a17b -> 
  custom:video-decoder-webm-vp8: 9c59270c3fd7afecdb556c50c9e8de78 -> 
  custom:SearchIndexIgnoredProperties: e643bd26f0fe6173181afceb89e7c659 -> 
  custom:AudioImporter_EditorPlatform: d09bf68614088b80899f8185d706f6e7 -> 
  custom:scripting/monoscript/fileName/PickupItem.cs: d1c0b8648b7d22ff1c12f52229084f6a -> 71d901a7943673c26b0527ad8f269cee
  custom:scripting/monoscript/fileName/Room.cs: d1c87f5a00c96902b5884b56b22265d6 -> 80712595f8242fc9e86128d3188cd0f1
  custom:scripting/monoscript/fileName/RoomManager.cs: 70017efd1ccd640cc235ecbd5526ad30 -> 579c8f6d2c175182baea4cac812896a0
  custom:video-encoder-webm-vp8: eb34c28f22e8b96e1ab97ce403110664 -> 
  custom:audio-decoder-ogg-vorbis: bf7c407c2cedff20999df2af8eb42d56 -> 
  custom:scripting/monoscript/fileName/Item.cs: c2b7fc65fe255f985743270ca947d8ec -> edfd25bbe8f561e55c7415f9c3adacfe
  custom:scripting/monoscript/fileName/PlayerMovement.cs: 5c1499cfc43e291157e191fb54bb34f9 -> 42480eed24e61f9d7e7e895933644f96
  custom:audio-encoder-webm-vorbis: bf7c407c2cedff20999df2af8eb42d56 -> 
  custom:scripting/precompiled-assembly-types:Assembly-CSharp: 78ed69d2dae625d2669ac29421a95a9c -> bc112aba0faabf23127df56d2c562dad
========================================================================
Received Prepare
Caller must complete domain reload
Begin MonoManager ReloadAssembly
- Loaded All Assemblies, in  0.750 seconds
Native extension for WindowsStandalone target not found
Native extension for Android target not found
Mono: successfully reloaded assembly
- Finished resetting the current domain, in  1.498 seconds
Domain Reload Profiling: 2247ms
	BeginReloadAssembly (247ms)
		ExecutionOrderSort (0ms)
		DisableScriptedObjects (22ms)
		BackupInstance (0ms)
		ReleaseScriptingObjects (0ms)
		CreateAndSetChildDomain (52ms)
	RebuildCommonClasses (69ms)
	RebuildNativeTypeToScriptingClass (22ms)
	initialDomainReloadingComplete (43ms)
	LoadAllAssembliesAndSetupDomain (369ms)
		LoadAssemblies (458ms)
		RebuildTransferFunctionScriptingTraits (0ms)
		AnalyzeDomain (45ms)
			TypeCache.Refresh (13ms)
				TypeCache.ScanAssembly (0ms)
			ScanForSourceGeneratedMonoScriptInfo (18ms)
			ResolveRequiredComponents (13ms)
	FinalizeReload (1498ms)
		ReleaseScriptCaches (0ms)
		RebuildScriptCaches (0ms)
		SetupLoadedEditorAssemblies (639ms)
			LogAssemblyErrors (0ms)
			InitializePlatformSupportModulesInManaged (27ms)
			SetLoadedEditorAssemblies (4ms)
			RefreshPlugins (0ms)
			BeforeProcessingInitializeOnLoad (95ms)
			ProcessInitializeOnLoadAttributes (465ms)
			ProcessInitializeOnLoadMethodAttributes (42ms)
			AfterProcessingInitializeOnLoad (4ms)
			EditorAssembliesLoaded (0ms)
		ExecutionOrderSort2 (0ms)
		AwakeInstancesAfterBackupRestoration (16ms)
Refreshing native plugins compatible for Editor in 5.97 ms, found 4 plugins.
Preloading 0 native plugins for Editor in 0.00 ms.
Unloading 4283 Unused Serialized files (Serialized files now loaded: 0)
Unloading 38 unused Assets / (0.9 MB). Loaded Objects now: 5942.
Memory consumption went from 154.4 MB to 153.4 MB.
Total: 4.830400 ms (FindLiveObjects: 0.520500 ms CreateObjectMapping: 0.159400 ms MarkObjects: 3.540500 ms  DeleteObjects: 0.608300 ms)

Prepare: number of updated asset objects reloaded= 0
AssetImportParameters requested are different than current active one (requested -> active):
  custom:container-demuxer-ogg: 62fdf1f143b41e24485cea50d1cbac27 -> 
  custom:video-decoder-ogg-theora: a1e56fd34408186e4bbccfd4996cb3dc -> 
  custom:framework-win-MediaFoundation: 216162199b28c13a410421893ffa2e32 -> 
  custom:scripting/monoscript/fileName/InventoryUI.cs: a51eed18ec49e69d87a737edf5ea607f -> 
  custom:CustomObjectIndexerAttribute: 9a22284fe3817be447336de3de66b15e -> 
  custom:scripting/monoscript/fileName/PauseManager.cs: 0396bd8b7e1a9bd823e7dab64ce9caf2 -> 
  custom:scripting/monoscript/fileName/UIManager.cs: 619f5747dc184f3577c898ec321c40d4 -> 
  custom:scripting/monoscript/fileName/Inventory.cs: 9e763594ef7e0ab7d608bf03e4de17b5 -> 8040a54c9928a06ca68d2588af0de046
  custom:container-demuxer-webm: 4f35f7cbe854078d1ac9338744f61a02 -> 
  custom:scripting/monoscript/fileName/Door.cs: 06c8567cd8937d8d56232f3de9b2d377 -> 89da75c00dd875a160d70ad71da9a2a1
  custom:container-muxer-webm: aa71ff27fc2769a1b78a27578f13a17b -> 
  custom:video-decoder-webm-vp8: 9c59270c3fd7afecdb556c50c9e8de78 -> 
  custom:SearchIndexIgnoredProperties: e643bd26f0fe6173181afceb89e7c659 -> 
  custom:AudioImporter_EditorPlatform: d09bf68614088b80899f8185d706f6e7 -> 
  custom:scripting/monoscript/fileName/PickupItem.cs: d1c0b8648b7d22ff1c12f52229084f6a -> 71d901a7943673c26b0527ad8f269cee
  custom:scripting/monoscript/fileName/Room.cs: d1c87f5a00c96902b5884b56b22265d6 -> 80712595f8242fc9e86128d3188cd0f1
  custom:scripting/monoscript/fileName/RoomManager.cs: 70017efd1ccd640cc235ecbd5526ad30 -> 579c8f6d2c175182baea4cac812896a0
  custom:video-encoder-webm-vp8: eb34c28f22e8b96e1ab97ce403110664 -> 
  custom:audio-decoder-ogg-vorbis: bf7c407c2cedff20999df2af8eb42d56 -> 
  custom:scripting/monoscript/fileName/Item.cs: c2b7fc65fe255f985743270ca947d8ec -> edfd25bbe8f561e55c7415f9c3adacfe
  custom:scripting/monoscript/fileName/PlayerMovement.cs: 5c1499cfc43e291157e191fb54bb34f9 -> 42480eed24e61f9d7e7e895933644f96
  custom:audio-encoder-webm-vorbis: bf7c407c2cedff20999df2af8eb42d56 -> 
  custom:scripting/precompiled-assembly-types:Assembly-CSharp: 78ed69d2dae625d2669ac29421a95a9c -> bc112aba0faabf23127df56d2c562dad
========================================================================
Received Import Request.
  Time since last request: 5806.373904 seconds.
  path: Assets/Tiles/Ancient Forest 1.6
  artifactKey: Guid(9df6b3d5f8c6e9c45b043adaf7993ddc) Importer(815301076,1909f56bfc062723c751e8b465ee728b)
Start importing Assets/Tiles/Ancient Forest 1.6 using Guid(9df6b3d5f8c6e9c45b043adaf7993ddc) Importer(815301076,1909f56bfc062723c751e8b465ee728b) [PhysX] Initialized MultithreadedTaskDispatcher with 12 workers.
 -> (artifact id: 'ee9f3bc4369a1cbfbb3148114eae1387') in 0.006912 seconds
Number of updated asset objects reloaded before import = 0
Number of asset objects unloaded after import = 0
========================================================================
Received Import Request.
  Time since last request: 0.314290 seconds.
  path: Assets/Tiles/Ancient Forest 1.6/Tiles 4.png
  artifactKey: Guid(e542853de6de7cf4f96ae80d19861f76) Importer(815301076,1909f56bfc062723c751e8b465ee728b)
Start importing Assets/Tiles/Ancient Forest 1.6/Tiles 4.png using Guid(e542853de6de7cf4f96ae80d19861f76) Importer(815301076,1909f56bfc062723c751e8b465ee728b) [PhysX] Initialized MultithreadedTaskDispatcher with 12 workers.
[PhysX] Initialized MultithreadedTaskDispatcher with 12 workers.
 -> (artifact id: '68d7dd5d6550fc41c46ea143cf56758c') in 0.134530 seconds
Number of updated asset objects reloaded before import = 0
Number of asset objects unloaded after import = 3
========================================================================
Received Import Request.
  Time since last request: 101.315894 seconds.
  path: Assets/Tiles/Ancient Forest 1.6/Tiles 4.png
  artifactKey: Guid(e542853de6de7cf4f96ae80d19861f76) Importer(815301076,1909f56bfc062723c751e8b465ee728b)
Start importing Assets/Tiles/Ancient Forest 1.6/Tiles 4.png using Guid(e542853de6de7cf4f96ae80d19861f76) Importer(815301076,1909f56bfc062723c751e8b465ee728b) [PhysX] Initialized MultithreadedTaskDispatcher with 12 workers.
[PhysX] Initialized MultithreadedTaskDispatcher with 12 workers.
 -> (artifact id: '1f9b7675d7fa2ae98b46b834aeb1ab7d') in 0.031236 seconds
Number of updated asset objects reloaded before import = 0
Number of asset objects unloaded after import = 3
========================================================================
Received Import Request.
  Time since last request: 89.707123 seconds.
  path: Assets/Tiles/Ancient Forest 1.6/Tiles 4.asset
  artifactKey: Guid(d30c18ee068da854883ed0115d954409) Importer(815301076,1909f56bfc062723c751e8b465ee728b)
Start importing Assets/Tiles/Ancient Forest 1.6/Tiles 4.asset using Guid(d30c18ee068da854883ed0115d954409) Importer(815301076,1909f56bfc062723c751e8b465ee728b) [PhysX] Initialized MultithreadedTaskDispatcher with 12 workers.
 -> (artifact id: '094f1d468c5b3e5eef817fe739c23900') in 0.026266 seconds
Number of updated asset objects reloaded before import = 0
Number of asset objects unloaded after import = 1
========================================================================
Received Import Request.
  Time since last request: 94.500047 seconds.
  path: Assets/Tiles/Ancient Forest 1.6/Tiles 4_0.asset
  artifactKey: Guid(8db2948d6c76d5548bc3b5452c5a6fd7) Importer(815301076,1909f56bfc062723c751e8b465ee728b)
Start importing Assets/Tiles/Ancient Forest 1.6/Tiles 4_0.asset using Guid(8db2948d6c76d5548bc3b5452c5a6fd7) Importer(815301076,1909f56bfc062723c751e8b465ee728b) [PhysX] Initialized MultithreadedTaskDispatcher with 12 workers.
 -> (artifact id: 'e313af829e9261e6c8aab9763f659e25') in 0.046985 seconds
Number of updated asset objects reloaded before import = 0
Number of asset objects unloaded after import = 3
========================================================================
Received Import Request.
  Time since last request: 0.335455 seconds.
  path: Assets/Tiles/Ancient Forest 1.6/Tiles 4_1.asset
  artifactKey: Guid(b810274b42d59b4418aa0bf7111578b7) Importer(815301076,1909f56bfc062723c751e8b465ee728b)
Start importing Assets/Tiles/Ancient Forest 1.6/Tiles 4_1.asset using Guid(b810274b42d59b4418aa0bf7111578b7) Importer(815301076,1909f56bfc062723c751e8b465ee728b) [PhysX] Initialized MultithreadedTaskDispatcher with 12 workers.
 -> (artifact id: '1bb2014366ff3fa0300413bb110aaf68') in 0.028700 seconds
Number of updated asset objects reloaded before import = 0
Number of asset objects unloaded after import = 3
========================================================================
Received Import Request.
  Time since last request: 0.000027 seconds.
  path: Assets/Tiles/Ancient Forest 1.6/Tiles 4_17.asset
  artifactKey: Guid(6d58b66e814da564bba8873d11c3471d) Importer(815301076,1909f56bfc062723c751e8b465ee728b)
Start importing Assets/Tiles/Ancient Forest 1.6/Tiles 4_17.asset using Guid(6d58b66e814da564bba8873d11c3471d) Importer(815301076,1909f56bfc062723c751e8b465ee728b) [PhysX] Initialized MultithreadedTaskDispatcher with 12 workers.
 -> (artifact id: '1fa53b0a507efd6107de4ee7e94addb7') in 0.075045 seconds
Number of updated asset objects reloaded before import = 0
Number of asset objects unloaded after import = 3
========================================================================
Received Import Request.
  Time since last request: 0.000035 seconds.
  path: Assets/Tiles/Ancient Forest 1.6/Tiles 4_7.asset
  artifactKey: Guid(40db9cc10d866494fa7fa4c44660b59b) Importer(815301076,1909f56bfc062723c751e8b465ee728b)
Start importing Assets/Tiles/Ancient Forest 1.6/Tiles 4_7.asset using Guid(40db9cc10d866494fa7fa4c44660b59b) Importer(815301076,1909f56bfc062723c751e8b465ee728b) [PhysX] Initialized MultithreadedTaskDispatcher with 12 workers.
 -> (artifact id: 'd62ad2fc6591f1c22a8751bb4e94dfef') in 0.019392 seconds
Number of updated asset objects reloaded before import = 0
Number of asset objects unloaded after import = 3
========================================================================
Received Import Request.
  Time since last request: 0.000033 seconds.
  path: Assets/Tiles/Ancient Forest 1.6/Tiles 4_15.asset
  artifactKey: Guid(bf872fbf8d55b314087cd526483967cc) Importer(815301076,1909f56bfc062723c751e8b465ee728b)
Start importing Assets/Tiles/Ancient Forest 1.6/Tiles 4_15.asset using Guid(bf872fbf8d55b314087cd526483967cc) Importer(815301076,1909f56bfc062723c751e8b465ee728b) [PhysX] Initialized MultithreadedTaskDispatcher with 12 workers.
 -> (artifact id: '9d54ab0dc68cfc32ee2a30183a4025aa') in 0.059984 seconds
Number of updated asset objects reloaded before import = 0
Number of asset objects unloaded after import = 3
========================================================================
Received Import Request.
  Time since last request: 0.000037 seconds.
  path: Assets/Tiles/Ancient Forest 1.6/Tiles 4_28.asset
  artifactKey: Guid(4e1e9d7063417b94d828a4fed4a4b97c) Importer(815301076,1909f56bfc062723c751e8b465ee728b)
Start importing Assets/Tiles/Ancient Forest 1.6/Tiles 4_28.asset using Guid(4e1e9d7063417b94d828a4fed4a4b97c) Importer(815301076,1909f56bfc062723c751e8b465ee728b) [PhysX] Initialized MultithreadedTaskDispatcher with 12 workers.
 -> (artifact id: '3db7567a89f67048c45193a6436db0ba') in 0.020607 seconds
Number of updated asset objects reloaded before import = 0
Number of asset objects unloaded after import = 3
========================================================================
Received Import Request.
  Time since last request: 0.000037 seconds.
  path: Assets/Tiles/Ancient Forest 1.6/Tiles 4_16.asset
  artifactKey: Guid(86fbf2c0fd62b5548b54465258e87eac) Importer(815301076,1909f56bfc062723c751e8b465ee728b)
Start importing Assets/Tiles/Ancient Forest 1.6/Tiles 4_16.asset using Guid(86fbf2c0fd62b5548b54465258e87eac) Importer(815301076,1909f56bfc062723c751e8b465ee728b) [PhysX] Initialized MultithreadedTaskDispatcher with 12 workers.
 -> (artifact id: '32354b281c080ce527e9a50a3e7d9ae4') in 0.028504 seconds
Number of updated asset objects reloaded before import = 0
Number of asset objects unloaded after import = 3
========================================================================
Received Import Request.
  Time since last request: 0.000052 seconds.
  path: Assets/Tiles/Ancient Forest 1.6/Tiles 4_23.asset
  artifactKey: Guid(b04b013d89a10594f8bde67815e09d08) Importer(815301076,1909f56bfc062723c751e8b465ee728b)
Start importing Assets/Tiles/Ancient Forest 1.6/Tiles 4_23.asset using Guid(b04b013d89a10594f8bde67815e09d08) Importer(815301076,1909f56bfc062723c751e8b465ee728b) [PhysX] Initialized MultithreadedTaskDispatcher with 12 workers.
 -> (artifact id: 'fee809dd980297a32ce8859447aa5ae6') in 0.028951 seconds
Number of updated asset objects reloaded before import = 0
Number of asset objects unloaded after import = 3
========================================================================
Received Import Request.
  Time since last request: 0.000033 seconds.
  path: Assets/Tiles/Ancient Forest 1.6/Tiles 4_18.asset
  artifactKey: Guid(26eec0155b9a5294d93fb84f7759dd7b) Importer(815301076,1909f56bfc062723c751e8b465ee728b)
Start importing Assets/Tiles/Ancient Forest 1.6/Tiles 4_18.asset using Guid(26eec0155b9a5294d93fb84f7759dd7b) Importer(815301076,1909f56bfc062723c751e8b465ee728b) [PhysX] Initialized MultithreadedTaskDispatcher with 12 workers.
 -> (artifact id: '13a665b9bb04246736828224f48a4cc5') in 0.047723 seconds
Number of updated asset objects reloaded before import = 0
Number of asset objects unloaded after import = 3
========================================================================
Received Import Request.
  Time since last request: 0.000034 seconds.
  path: Assets/Tiles/Ancient Forest 1.6/Tiles 4_22.asset
  artifactKey: Guid(f3c0700ee5e0dc441836f65552e3ea5f) Importer(815301076,1909f56bfc062723c751e8b465ee728b)
Start importing Assets/Tiles/Ancient Forest 1.6/Tiles 4_22.asset using Guid(f3c0700ee5e0dc441836f65552e3ea5f) Importer(815301076,1909f56bfc062723c751e8b465ee728b) [PhysX] Initialized MultithreadedTaskDispatcher with 12 workers.
 -> (artifact id: 'e45b07b78d9934e73c217694eb123306') in 0.031842 seconds
Number of updated asset objects reloaded before import = 0
Number of asset objects unloaded after import = 3
========================================================================
Received Import Request.
  Time since last request: 0.000027 seconds.
  path: Assets/Tiles/Ancient Forest 1.6/Tiles 4_20.asset
  artifactKey: Guid(ecaf06414d0b4a64e95652dad3e3f08b) Importer(815301076,1909f56bfc062723c751e8b465ee728b)
Start importing Assets/Tiles/Ancient Forest 1.6/Tiles 4_20.asset using Guid(ecaf06414d0b4a64e95652dad3e3f08b) Importer(815301076,1909f56bfc062723c751e8b465ee728b) [PhysX] Initialized MultithreadedTaskDispatcher with 12 workers.
 -> (artifact id: 'b6d545c7b4946bbb941b507a8a5386b8') in 0.024448 seconds
Number of updated asset objects reloaded before import = 0
Number of asset objects unloaded after import = 3
========================================================================
Received Import Request.
  Time since last request: 0.000022 seconds.
  path: Assets/Tiles/Ancient Forest 1.6/Tiles 4_31.asset
  artifactKey: Guid(e3f9224f8f93c924baab1f3cb6b88c78) Importer(815301076,1909f56bfc062723c751e8b465ee728b)
Start importing Assets/Tiles/Ancient Forest 1.6/Tiles 4_31.asset using Guid(e3f9224f8f93c924baab1f3cb6b88c78) Importer(815301076,1909f56bfc062723c751e8b465ee728b) [PhysX] Initialized MultithreadedTaskDispatcher with 12 workers.
 -> (artifact id: '79a8362caed4446aefe30d68f1997e5e') in 0.021158 seconds
Number of updated asset objects reloaded before import = 0
Number of asset objects unloaded after import = 3
========================================================================
Received Import Request.
  Time since last request: 0.000033 seconds.
  path: Assets/Tiles/Ancient Forest 1.6/Tiles 4_8.asset
  artifactKey: Guid(9bdc97bdfcefe2d4cbd57f1ff4050639) Importer(815301076,1909f56bfc062723c751e8b465ee728b)
Start importing Assets/Tiles/Ancient Forest 1.6/Tiles 4_8.asset using Guid(9bdc97bdfcefe2d4cbd57f1ff4050639) Importer(815301076,1909f56bfc062723c751e8b465ee728b) [PhysX] Initialized MultithreadedTaskDispatcher with 12 workers.
 -> (artifact id: 'd68d600b46b2656ec79ae13f0bc645be') in 0.031054 seconds
Number of updated asset objects reloaded before import = 0
Number of asset objects unloaded after import = 3
========================================================================
Received Import Request.
  Time since last request: 0.000026 seconds.
  path: Assets/Tiles/Ancient Forest 1.6/Tiles 4_33.asset
  artifactKey: Guid(37bee7dab33ed9849a25ff51cc8c812c) Importer(815301076,1909f56bfc062723c751e8b465ee728b)
Start importing Assets/Tiles/Ancient Forest 1.6/Tiles 4_33.asset using Guid(37bee7dab33ed9849a25ff51cc8c812c) Importer(815301076,1909f56bfc062723c751e8b465ee728b) [PhysX] Initialized MultithreadedTaskDispatcher with 12 workers.
 -> (artifact id: 'b026c73d2ef7a099710d54574e0ea4af') in 0.041755 seconds
Number of updated asset objects reloaded before import = 0
Number of asset objects unloaded after import = 3
========================================================================
Received Import Request.
  Time since last request: 0.000034 seconds.
  path: Assets/Tiles/Ancient Forest 1.6/Tiles 4_26.asset
  artifactKey: Guid(26dad6c4403636242aa48c70c78f5f56) Importer(815301076,1909f56bfc062723c751e8b465ee728b)
Start importing Assets/Tiles/Ancient Forest 1.6/Tiles 4_26.asset using Guid(26dad6c4403636242aa48c70c78f5f56) Importer(815301076,1909f56bfc062723c751e8b465ee728b) [PhysX] Initialized MultithreadedTaskDispatcher with 12 workers.
 -> (artifact id: '71ae8d96504c32826f72e1f423044727') in 0.027939 seconds
Number of updated asset objects reloaded before import = 0
Number of asset objects unloaded after import = 3
========================================================================
Received Import Request.
  Time since last request: 0.000035 seconds.
  path: Assets/Tiles/Ancient Forest 1.6/Tiles 4_14.asset
  artifactKey: Guid(ccca837dcf69f1b49983f758d3a29f9f) Importer(815301076,1909f56bfc062723c751e8b465ee728b)
Start importing Assets/Tiles/Ancient Forest 1.6/Tiles 4_14.asset using Guid(ccca837dcf69f1b49983f758d3a29f9f) Importer(815301076,1909f56bfc062723c751e8b465ee728b) [PhysX] Initialized MultithreadedTaskDispatcher with 12 workers.
 -> (artifact id: '497f4e6576453140e09b94ed90597a56') in 0.023313 seconds
Number of updated asset objects reloaded before import = 0
Number of asset objects unloaded after import = 3
========================================================================
Received Import Request.
  Time since last request: 0.000036 seconds.
  path: Assets/Tiles/Ancient Forest 1.6/Tiles 4_6.asset
  artifactKey: Guid(9dcc81516008e184b841db5e7bc96522) Importer(815301076,1909f56bfc062723c751e8b465ee728b)
Start importing Assets/Tiles/Ancient Forest 1.6/Tiles 4_6.asset using Guid(9dcc81516008e184b841db5e7bc96522) Importer(815301076,1909f56bfc062723c751e8b465ee728b) [PhysX] Initialized MultithreadedTaskDispatcher with 12 workers.
 -> (artifact id: '6afabe113070aff6c4b3d3717953d500') in 0.030437 seconds
Number of updated asset objects reloaded before import = 0
Number of asset objects unloaded after import = 3
========================================================================
Received Import Request.
  Time since last request: 140.781348 seconds.
  path: Assets/Tiles/Ancient Forest 1.6/Forest.prefab
  artifactKey: Guid(b589cb060fef20a448b7b9226ce6fc90) Importer(815301076,1909f56bfc062723c751e8b465ee728b)
Start importing Assets/Tiles/Ancient Forest 1.6/Forest.prefab using Guid(b589cb060fef20a448b7b9226ce6fc90) Importer(815301076,1909f56bfc062723c751e8b465ee728b) [PhysX] Initialized MultithreadedTaskDispatcher with 12 workers.
[PhysX] Initialized MultithreadedTaskDispatcher with 12 workers.
 -> (artifact id: 'db40635f8bb9d93f70cb6b2af3d99ff8') in 0.134379 seconds
Number of updated asset objects reloaded before import = 0
Number of asset objects unloaded after import = 125
========================================================================
Received Import Request.
  Time since last request: 0.000031 seconds.
  path: Assets/Tiles/Ancient Forest 1.6/Tiles 4_11.asset
  artifactKey: Guid(3bfc9ebcc6e0e5046a02d92bce7a2727) Importer(815301076,1909f56bfc062723c751e8b465ee728b)
Start importing Assets/Tiles/Ancient Forest 1.6/Tiles 4_11.asset using Guid(3bfc9ebcc6e0e5046a02d92bce7a2727) Importer(815301076,1909f56bfc062723c751e8b465ee728b) [PhysX] Initialized MultithreadedTaskDispatcher with 12 workers.
 -> (artifact id: 'bd4b92f5b00b31f033b402ae96b8ae6c') in 0.007397 seconds
Number of updated asset objects reloaded before import = 0
Number of asset objects unloaded after import = 3
========================================================================
Received Import Request.
  Time since last request: 0.000049 seconds.
  path: Assets/Tiles/Ancient Forest 1.6/Tiles 4_17.asset
  artifactKey: Guid(6d58b66e814da564bba8873d11c3471d) Importer(815301076,1909f56bfc062723c751e8b465ee728b)
Start importing Assets/Tiles/Ancient Forest 1.6/Tiles 4_17.asset using Guid(6d58b66e814da564bba8873d11c3471d) Importer(815301076,1909f56bfc062723c751e8b465ee728b) [PhysX] Initialized MultithreadedTaskDispatcher with 12 workers.
 -> (artifact id: '26fcdc09077505de95bcd7ba0309c21a') in 0.021121 seconds
Number of updated asset objects reloaded before import = 0
Number of asset objects unloaded after import = 3
========================================================================
Received Import Request.
  Time since last request: 0.000025 seconds.
  path: Assets/Tiles/Ancient Forest 1.6/Tiles 4_25.asset
  artifactKey: Guid(abc9f965419134c43b62133d413af295) Importer(815301076,1909f56bfc062723c751e8b465ee728b)
Start importing Assets/Tiles/Ancient Forest 1.6/Tiles 4_25.asset using Guid(abc9f965419134c43b62133d413af295) Importer(815301076,1909f56bfc062723c751e8b465ee728b) [PhysX] Initialized MultithreadedTaskDispatcher with 12 workers.
 -> (artifact id: '603cf5a95694d9855304190b0dd9a2b3') in 0.008196 seconds
Number of updated asset objects reloaded before import = 0
Number of asset objects unloaded after import = 3
========================================================================
Received Import Request.
  Time since last request: 0.000027 seconds.
  path: Assets/Tiles/Ancient Forest 1.6/Tiles 4_7.asset
  artifactKey: Guid(40db9cc10d866494fa7fa4c44660b59b) Importer(815301076,1909f56bfc062723c751e8b465ee728b)
Start importing Assets/Tiles/Ancient Forest 1.6/Tiles 4_7.asset using Guid(40db9cc10d866494fa7fa4c44660b59b) Importer(815301076,1909f56bfc062723c751e8b465ee728b) [PhysX] Initialized MultithreadedTaskDispatcher with 12 workers.
 -> (artifact id: '376b1511c253faf1f3127a9c423a2a5b') in 0.006920 seconds
Number of updated asset objects reloaded before import = 0
Number of asset objects unloaded after import = 3
========================================================================
Received Import Request.
  Time since last request: 0.000027 seconds.
  path: Assets/Tiles/Ancient Forest 1.6/Tiles 4_9.asset
  artifactKey: Guid(2f9d8738822ee75488a18497fbab4ba5) Importer(815301076,1909f56bfc062723c751e8b465ee728b)
Start importing Assets/Tiles/Ancient Forest 1.6/Tiles 4_9.asset using Guid(2f9d8738822ee75488a18497fbab4ba5) Importer(815301076,1909f56bfc062723c751e8b465ee728b) [PhysX] Initialized MultithreadedTaskDispatcher with 12 workers.
 -> (artifact id: '7975add37f853262549666de2104d9b1') in 0.019953 seconds
Number of updated asset objects reloaded before import = 0
Number of asset objects unloaded after import = 3
========================================================================
Received Import Request.
  Time since last request: 0.000030 seconds.
  path: Assets/Tiles/Ancient Forest 1.6/Tiles 4_15.asset
  artifactKey: Guid(bf872fbf8d55b314087cd526483967cc) Importer(815301076,1909f56bfc062723c751e8b465ee728b)
Start importing Assets/Tiles/Ancient Forest 1.6/Tiles 4_15.asset using Guid(bf872fbf8d55b314087cd526483967cc) Importer(815301076,1909f56bfc062723c751e8b465ee728b) [PhysX] Initialized MultithreadedTaskDispatcher with 12 workers.
 -> (artifact id: '5d1e39cb411e155787f4a9752a268f3c') in 0.012714 seconds
Number of updated asset objects reloaded before import = 0
Number of asset objects unloaded after import = 3
========================================================================
Received Import Request.
  Time since last request: 0.000027 seconds.
  path: Assets/Tiles/Ancient Forest 1.6/Tiles 4_32.asset
  artifactKey: Guid(6d1c34baf15641a4797b68d88bd02b52) Importer(815301076,1909f56bfc062723c751e8b465ee728b)
Start importing Assets/Tiles/Ancient Forest 1.6/Tiles 4_32.asset using Guid(6d1c34baf15641a4797b68d88bd02b52) Importer(815301076,1909f56bfc062723c751e8b465ee728b) [PhysX] Initialized MultithreadedTaskDispatcher with 12 workers.
 -> (artifact id: '5db1aa2822f3e5f9b12f6dee16336f5b') in 0.023400 seconds
Number of updated asset objects reloaded before import = 0
Number of asset objects unloaded after import = 3
========================================================================
Received Import Request.
  Time since last request: 0.000025 seconds.
  path: Assets/Tiles/Ancient Forest 1.6/Tiles 4_28.asset
  artifactKey: Guid(4e1e9d7063417b94d828a4fed4a4b97c) Importer(815301076,1909f56bfc062723c751e8b465ee728b)
Start importing Assets/Tiles/Ancient Forest 1.6/Tiles 4_28.asset using Guid(4e1e9d7063417b94d828a4fed4a4b97c) Importer(815301076,1909f56bfc062723c751e8b465ee728b) [PhysX] Initialized MultithreadedTaskDispatcher with 12 workers.
 -> (artifact id: 'fa26c85b940d88e7555d8d7e3ac2f89e') in 0.023737 seconds
Number of updated asset objects reloaded before import = 0
Number of asset objects unloaded after import = 3
========================================================================
Received Import Request.
  Time since last request: 0.000040 seconds.
  path: Assets/Tiles/Ancient Forest 1.6/Tiles 4_10.asset
  artifactKey: Guid(01d90d9805083d342b169e14c739dcbf) Importer(815301076,1909f56bfc062723c751e8b465ee728b)
Start importing Assets/Tiles/Ancient Forest 1.6/Tiles 4_10.asset using Guid(01d90d9805083d342b169e14c739dcbf) Importer(815301076,1909f56bfc062723c751e8b465ee728b) [PhysX] Initialized MultithreadedTaskDispatcher with 12 workers.
 -> (artifact id: '8e465214dcf1ccf360025f161c086990') in 0.008336 seconds
Number of updated asset objects reloaded before import = 0
Number of asset objects unloaded after import = 3
========================================================================
Received Import Request.
  Time since last request: 0.000029 seconds.
  path: Assets/Tiles/Ancient Forest 1.6/Tiles 4_5.asset
  artifactKey: Guid(1388299854934a94381977bc81cfb4a6) Importer(815301076,1909f56bfc062723c751e8b465ee728b)
Start importing Assets/Tiles/Ancient Forest 1.6/Tiles 4_5.asset using Guid(1388299854934a94381977bc81cfb4a6) Importer(815301076,1909f56bfc062723c751e8b465ee728b) [PhysX] Initialized MultithreadedTaskDispatcher with 12 workers.
 -> (artifact id: '94f9ff3722bea2e6531a61e8a4a3aa9f') in 0.008749 seconds
Number of updated asset objects reloaded before import = 0
Number of asset objects unloaded after import = 3
========================================================================
Received Import Request.
  Time since last request: 0.000026 seconds.
  path: Assets/Tiles/Ancient Forest 1.6/Tiles 4_16.asset
  artifactKey: Guid(86fbf2c0fd62b5548b54465258e87eac) Importer(815301076,1909f56bfc062723c751e8b465ee728b)
Start importing Assets/Tiles/Ancient Forest 1.6/Tiles 4_16.asset using Guid(86fbf2c0fd62b5548b54465258e87eac) Importer(815301076,1909f56bfc062723c751e8b465ee728b) [PhysX] Initialized MultithreadedTaskDispatcher with 12 workers.
 -> (artifact id: '4197183f3b71e8ad2ad2a83d4d8d9956') in 0.026358 seconds
Number of updated asset objects reloaded before import = 0
Number of asset objects unloaded after import = 3
========================================================================
Received Import Request.
  Time since last request: 0.000029 seconds.
  path: Assets/Tiles/Ancient Forest 1.6/Tiles 4_24.asset
  artifactKey: Guid(eca6b84f8de2f8448952e44295b4dcae) Importer(815301076,1909f56bfc062723c751e8b465ee728b)
Start importing Assets/Tiles/Ancient Forest 1.6/Tiles 4_24.asset using Guid(eca6b84f8de2f8448952e44295b4dcae) Importer(815301076,1909f56bfc062723c751e8b465ee728b) [PhysX] Initialized MultithreadedTaskDispatcher with 12 workers.
 -> (artifact id: 'e8fef9d32f6f67dff32aa59a9bc3b352') in 0.009307 seconds
Number of updated asset objects reloaded before import = 0
Number of asset objects unloaded after import = 3
========================================================================
Received Import Request.
  Time since last request: 0.000032 seconds.
  path: Assets/Tiles/Ancient Forest 1.6/Tiles 4_18.asset
  artifactKey: Guid(26eec0155b9a5294d93fb84f7759dd7b) Importer(815301076,1909f56bfc062723c751e8b465ee728b)
Start importing Assets/Tiles/Ancient Forest 1.6/Tiles 4_18.asset using Guid(26eec0155b9a5294d93fb84f7759dd7b) Importer(815301076,1909f56bfc062723c751e8b465ee728b) [PhysX] Initialized MultithreadedTaskDispatcher with 12 workers.
 -> (artifact id: 'ff00bcf76e58715fd87080f6b43135eb') in 0.024176 seconds
Number of updated asset objects reloaded before import = 0
Number of asset objects unloaded after import = 3
========================================================================
Received Import Request.
  Time since last request: 0.000037 seconds.
  path: Assets/Tiles/Ancient Forest 1.6/Tiles 4_22.asset
  artifactKey: Guid(f3c0700ee5e0dc441836f65552e3ea5f) Importer(815301076,1909f56bfc062723c751e8b465ee728b)
Start importing Assets/Tiles/Ancient Forest 1.6/Tiles 4_22.asset using Guid(f3c0700ee5e0dc441836f65552e3ea5f) Importer(815301076,1909f56bfc062723c751e8b465ee728b) [PhysX] Initialized MultithreadedTaskDispatcher with 12 workers.
 -> (artifact id: '9d8692173240e56f0041028fd73c2bc8') in 0.007577 seconds
Number of updated asset objects reloaded before import = 0
Number of asset objects unloaded after import = 3
========================================================================
Received Import Request.
  Time since last request: 0.000032 seconds.
  path: Assets/Tiles/Ancient Forest 1.6/Tiles 4_20.asset
  artifactKey: Guid(ecaf06414d0b4a64e95652dad3e3f08b) Importer(815301076,1909f56bfc062723c751e8b465ee728b)
Start importing Assets/Tiles/Ancient Forest 1.6/Tiles 4_20.asset using Guid(ecaf06414d0b4a64e95652dad3e3f08b) Importer(815301076,1909f56bfc062723c751e8b465ee728b) [PhysX] Initialized MultithreadedTaskDispatcher with 12 workers.
 -> (artifact id: '7158873100eb6eb5c10ec4e4c7219f65') in 0.008519 seconds
Number of updated asset objects reloaded before import = 0
Number of asset objects unloaded after import = 3
========================================================================
Received Import Request.
  Time since last request: 0.000027 seconds.
  path: Assets/Tiles/Ancient Forest 1.6/Tiles 4_30.asset
  artifactKey: Guid(6d3e8c795ca9dd147814699537555191) Importer(815301076,1909f56bfc062723c751e8b465ee728b)
Start importing Assets/Tiles/Ancient Forest 1.6/Tiles 4_30.asset using Guid(6d3e8c795ca9dd147814699537555191) Importer(815301076,1909f56bfc062723c751e8b465ee728b) [PhysX] Initialized MultithreadedTaskDispatcher with 12 workers.
 -> (artifact id: 'ebddad86e09abe6f1cb8e7b07a8063db') in 0.022007 seconds
Number of updated asset objects reloaded before import = 0
Number of asset objects unloaded after import = 3
========================================================================
Received Import Request.
  Time since last request: 0.000029 seconds.
  path: Assets/Tiles/Ancient Forest 1.6/Tiles 4_8.asset
  artifactKey: Guid(9bdc97bdfcefe2d4cbd57f1ff4050639) Importer(815301076,1909f56bfc062723c751e8b465ee728b)
Start importing Assets/Tiles/Ancient Forest 1.6/Tiles 4_8.asset using Guid(9bdc97bdfcefe2d4cbd57f1ff4050639) Importer(815301076,1909f56bfc062723c751e8b465ee728b) [PhysX] Initialized MultithreadedTaskDispatcher with 12 workers.
 -> (artifact id: '89e209bac0a675d35fa7cc1028aeb890') in 0.011977 seconds
Number of updated asset objects reloaded before import = 0
Number of asset objects unloaded after import = 3
========================================================================
Received Import Request.
  Time since last request: 0.000039 seconds.
  path: Assets/Tiles/Ancient Forest 1.6/Tiles 4_3.asset
  artifactKey: Guid(64cacb6f941fcf145afb97eb281a0ad2) Importer(815301076,1909f56bfc062723c751e8b465ee728b)
Start importing Assets/Tiles/Ancient Forest 1.6/Tiles 4_3.asset using Guid(64cacb6f941fcf145afb97eb281a0ad2) Importer(815301076,1909f56bfc062723c751e8b465ee728b) [PhysX] Initialized MultithreadedTaskDispatcher with 12 workers.
 -> (artifact id: 'feb8e35ed690504b88b6a5c76ef3289e') in 0.009629 seconds
Number of updated asset objects reloaded before import = 0
Number of asset objects unloaded after import = 3
========================================================================
Received Import Request.
  Time since last request: 0.000027 seconds.
  path: Assets/Tiles/Ancient Forest 1.6/Tiles 4_27.asset
  artifactKey: Guid(bca09a02e8ab90f459a67ea5863f8e07) Importer(815301076,1909f56bfc062723c751e8b465ee728b)
Start importing Assets/Tiles/Ancient Forest 1.6/Tiles 4_27.asset using Guid(bca09a02e8ab90f459a67ea5863f8e07) Importer(815301076,1909f56bfc062723c751e8b465ee728b) [PhysX] Initialized MultithreadedTaskDispatcher with 12 workers.
 -> (artifact id: 'ee546edcad252cf8859b92f249875e6f') in 0.009491 seconds
Number of updated asset objects reloaded before import = 0
Number of asset objects unloaded after import = 3
========================================================================
Received Import Request.
  Time since last request: 0.000026 seconds.
  path: Assets/Tiles/Ancient Forest 1.6/Tiles 4_1.asset
  artifactKey: Guid(b810274b42d59b4418aa0bf7111578b7) Importer(815301076,1909f56bfc062723c751e8b465ee728b)
Start importing Assets/Tiles/Ancient Forest 1.6/Tiles 4_1.asset using Guid(b810274b42d59b4418aa0bf7111578b7) Importer(815301076,1909f56bfc062723c751e8b465ee728b) [PhysX] Initialized MultithreadedTaskDispatcher with 12 workers.
 -> (artifact id: 'a9b3b4e1a39584ab1343c298463bc27e') in 0.012355 seconds
Number of updated asset objects reloaded before import = 0
Number of asset objects unloaded after import = 3
========================================================================
Received Import Request.
  Time since last request: 0.000066 seconds.
  path: Assets/Tiles/Ancient Forest 1.6/Tiles 4_6.asset
  artifactKey: Guid(9dcc81516008e184b841db5e7bc96522) Importer(815301076,1909f56bfc062723c751e8b465ee728b)
Start importing Assets/Tiles/Ancient Forest 1.6/Tiles 4_6.asset using Guid(9dcc81516008e184b841db5e7bc96522) Importer(815301076,1909f56bfc062723c751e8b465ee728b) [PhysX] Initialized MultithreadedTaskDispatcher with 12 workers.
 -> (artifact id: '5539fbe66578e4ea4ca507d65420b403') in 0.008953 seconds
Number of updated asset objects reloaded before import = 0
Number of asset objects unloaded after import = 3
========================================================================
Received Import Request.
  Time since last request: 0.000032 seconds.
  path: Assets/Tiles/Ancient Forest 1.6/Tiles 4_2.asset
  artifactKey: Guid(815d10df210294440b2f4bc93626000d) Importer(815301076,1909f56bfc062723c751e8b465ee728b)
Start importing Assets/Tiles/Ancient Forest 1.6/Tiles 4_2.asset using Guid(815d10df210294440b2f4bc93626000d) Importer(815301076,1909f56bfc062723c751e8b465ee728b) [PhysX] Initialized MultithreadedTaskDispatcher with 12 workers.
 -> (artifact id: '935cf173e9f93b3ad120424f31925288') in 0.019945 seconds
Number of updated asset objects reloaded before import = 0
Number of asset objects unloaded after import = 3
========================================================================
Received Import Request.
  Time since last request: 13.944154 seconds.
  path: Assets/Tiles/Tiles 4_1.asset
  artifactKey: Guid(2488c11bbdf23634f80b5dbb3d52baf2) Importer(815301076,1909f56bfc062723c751e8b465ee728b)
Start importing Assets/Tiles/Tiles 4_1.asset using Guid(2488c11bbdf23634f80b5dbb3d52baf2) Importer(815301076,1909f56bfc062723c751e8b465ee728b) [PhysX] Initialized MultithreadedTaskDispatcher with 12 workers.
 -> (artifact id: '549613be6783391c0f07758ce231de9d') in 0.014455 seconds
Number of updated asset objects reloaded before import = 0
Number of asset objects unloaded after import = 3
========================================================================
Received Import Request.
  Time since last request: 0.000027 seconds.
  path: Assets/Tiles/Tiles 4_28.asset
  artifactKey: Guid(bbdecaf80b01fbd42b479f7ef9b7f442) Importer(815301076,1909f56bfc062723c751e8b465ee728b)
Start importing Assets/Tiles/Tiles 4_28.asset using Guid(bbdecaf80b01fbd42b479f7ef9b7f442) Importer(815301076,1909f56bfc062723c751e8b465ee728b) [PhysX] Initialized MultithreadedTaskDispatcher with 12 workers.
 -> (artifact id: 'f0ea1358ab04a25103c719f123e1f6f1') in 0.007648 seconds
Number of updated asset objects reloaded before import = 0
Number of asset objects unloaded after import = 3
========================================================================
Received Import Request.
  Time since last request: 0.000024 seconds.
  path: Assets/Tiles/Tiles 4_27.asset
  artifactKey: Guid(afeb9db8ad765d341853919305bf7dd5) Importer(815301076,1909f56bfc062723c751e8b465ee728b)
Start importing Assets/Tiles/Tiles 4_27.asset using Guid(afeb9db8ad765d341853919305bf7dd5) Importer(815301076,1909f56bfc062723c751e8b465ee728b) [PhysX] Initialized MultithreadedTaskDispatcher with 12 workers.
 -> (artifact id: '4201b04cb95de99677dea0ade7f55aad') in 0.009213 seconds
Number of updated asset objects reloaded before import = 0
Number of asset objects unloaded after import = 3
========================================================================
Received Import Request.
  Time since last request: 0.000024 seconds.
  path: Assets/Tiles/Tiles 4_29.asset
  artifactKey: Guid(f72c3c3b30edd164f871f3ae4e50f401) Importer(815301076,1909f56bfc062723c751e8b465ee728b)
Start importing Assets/Tiles/Tiles 4_29.asset using Guid(f72c3c3b30edd164f871f3ae4e50f401) Importer(815301076,1909f56bfc062723c751e8b465ee728b) [PhysX] Initialized MultithreadedTaskDispatcher with 12 workers.
 -> (artifact id: '5cca9a083fe3cdc40cb3f51f19474417') in 0.007203 seconds
Number of updated asset objects reloaded before import = 0
Number of asset objects unloaded after import = 3
========================================================================
Received Import Request.
  Time since last request: 0.000028 seconds.
  path: Assets/Tiles/Tiles 4_13.asset
  artifactKey: Guid(8f50e7e8ed0d78b4080c989dfb61478e) Importer(815301076,1909f56bfc062723c751e8b465ee728b)
Start importing Assets/Tiles/Tiles 4_13.asset using Guid(8f50e7e8ed0d78b4080c989dfb61478e) Importer(815301076,1909f56bfc062723c751e8b465ee728b) [PhysX] Initialized MultithreadedTaskDispatcher with 12 workers.
 -> (artifact id: '5773461725637db0916e667a059d8d10') in 0.007635 seconds
Number of updated asset objects reloaded before import = 0
Number of asset objects unloaded after import = 3
========================================================================
Received Import Request.
  Time since last request: 0.000044 seconds.
  path: Assets/Tiles/Tiles 4_16.asset
  artifactKey: Guid(e91716eb90d96f540ac422e3f9147bc2) Importer(815301076,1909f56bfc062723c751e8b465ee728b)
Start importing Assets/Tiles/Tiles 4_16.asset using Guid(e91716eb90d96f540ac422e3f9147bc2) Importer(815301076,1909f56bfc062723c751e8b465ee728b) [PhysX] Initialized MultithreadedTaskDispatcher with 12 workers.
 -> (artifact id: '1635f3d06752ac33f8f77fdaef88ef76') in 0.022379 seconds
Number of updated asset objects reloaded before import = 0
Number of asset objects unloaded after import = 3
========================================================================
Received Import Request.
  Time since last request: 0.000026 seconds.
  path: Assets/Tiles/Tiles 4_19.asset
  artifactKey: Guid(fa46a623a63d0ba4f8e02c509486b29e) Importer(815301076,1909f56bfc062723c751e8b465ee728b)
Start importing Assets/Tiles/Tiles 4_19.asset using Guid(fa46a623a63d0ba4f8e02c509486b29e) Importer(815301076,1909f56bfc062723c751e8b465ee728b) [PhysX] Initialized MultithreadedTaskDispatcher with 12 workers.
 -> (artifact id: '7b65ca1ec8ed89e50bd03d0042fa6435') in 0.024405 seconds
Number of updated asset objects reloaded before import = 0
Number of asset objects unloaded after import = 3
========================================================================
Received Import Request.
  Time since last request: 0.000027 seconds.
  path: Assets/Tiles/Tiles 4_24.asset
  artifactKey: Guid(bd5bf9ce0be8b34449483182ac805cf6) Importer(815301076,1909f56bfc062723c751e8b465ee728b)
Start importing Assets/Tiles/Tiles 4_24.asset using Guid(bd5bf9ce0be8b34449483182ac805cf6) Importer(815301076,1909f56bfc062723c751e8b465ee728b) [PhysX] Initialized MultithreadedTaskDispatcher with 12 workers.
 -> (artifact id: 'f82232499bee471574ac945379dce090') in 0.007350 seconds
Number of updated asset objects reloaded before import = 0
Number of asset objects unloaded after import = 3
========================================================================
Received Import Request.
  Time since last request: 0.000028 seconds.
  path: Assets/Tiles/Tiles 4_10.asset
  artifactKey: Guid(3f3f7f60cbb2421419642c9ec2fe2404) Importer(815301076,1909f56bfc062723c751e8b465ee728b)
Start importing Assets/Tiles/Tiles 4_10.asset using Guid(3f3f7f60cbb2421419642c9ec2fe2404) Importer(815301076,1909f56bfc062723c751e8b465ee728b) [PhysX] Initialized MultithreadedTaskDispatcher with 12 workers.
 -> (artifact id: 'c8dc25beb7b1de9f95862c5bc79f67c8') in 0.011823 seconds
Number of updated asset objects reloaded before import = 0
Number of asset objects unloaded after import = 3
========================================================================
Received Import Request.
  Time since last request: 0.000030 seconds.
  path: Assets/Tiles/Tiles 4_6.asset
  artifactKey: Guid(b6f7170f5fa5ad843b0b8aaa3fb3e770) Importer(815301076,1909f56bfc062723c751e8b465ee728b)
Start importing Assets/Tiles/Tiles 4_6.asset using Guid(b6f7170f5fa5ad843b0b8aaa3fb3e770) Importer(815301076,1909f56bfc062723c751e8b465ee728b) [PhysX] Initialized MultithreadedTaskDispatcher with 12 workers.
 -> (artifact id: '0c5c6e0c9bb6db3e7765caa6a1adf1c1') in 0.011055 seconds
Number of updated asset objects reloaded before import = 0
Number of asset objects unloaded after import = 3
========================================================================
Received Import Request.
  Time since last request: 0.000034 seconds.
  path: Assets/Tiles/Tiles 4_22.asset
  artifactKey: Guid(f69c4b1c5b837bd4693216b161b515ec) Importer(815301076,1909f56bfc062723c751e8b465ee728b)
Start importing Assets/Tiles/Tiles 4_22.asset using Guid(f69c4b1c5b837bd4693216b161b515ec) Importer(815301076,1909f56bfc062723c751e8b465ee728b) [PhysX] Initialized MultithreadedTaskDispatcher with 12 workers.
 -> (artifact id: 'ce93cb66cf2145479d4c93861ed06cef') in 0.008523 seconds
Number of updated asset objects reloaded before import = 0
Number of asset objects unloaded after import = 3
========================================================================
Received Import Request.
  Time since last request: 0.000021 seconds.
  path: Assets/Tiles/Tiles 4_20.asset
  artifactKey: Guid(f897fa7b9b29d144fb6b6e1a2ac03a15) Importer(815301076,1909f56bfc062723c751e8b465ee728b)
Start importing Assets/Tiles/Tiles 4_20.asset using Guid(f897fa7b9b29d144fb6b6e1a2ac03a15) Importer(815301076,1909f56bfc062723c751e8b465ee728b) [PhysX] Initialized MultithreadedTaskDispatcher with 12 workers.
 -> (artifact id: '2a6ea1860e0b96f2b4262a63cfefbbd4') in 0.010438 seconds
Number of updated asset objects reloaded before import = 0
Number of asset objects unloaded after import = 3
========================================================================
Received Import Request.
  Time since last request: 0.000033 seconds.
  path: Assets/Tiles/Tiles 4_21.asset
  artifactKey: Guid(ed16d4078e3c4b741abc7c0fa29294c2) Importer(815301076,1909f56bfc062723c751e8b465ee728b)
Start importing Assets/Tiles/Tiles 4_21.asset using Guid(ed16d4078e3c4b741abc7c0fa29294c2) Importer(815301076,1909f56bfc062723c751e8b465ee728b) [PhysX] Initialized MultithreadedTaskDispatcher with 12 workers.
 -> (artifact id: '5d46e593e037b0f7ca742d51764c9202') in 0.010467 seconds
Number of updated asset objects reloaded before import = 0
Number of asset objects unloaded after import = 3
========================================================================
Received Import Request.
  Time since last request: 0.000147 seconds.
  path: Assets/Tiles/Tiles 4_5.asset
  artifactKey: Guid(d27122af93336cf479bf119e0aea5fcb) Importer(815301076,1909f56bfc062723c751e8b465ee728b)
Start importing Assets/Tiles/Tiles 4_5.asset using Guid(d27122af93336cf479bf119e0aea5fcb) Importer(815301076,1909f56bfc062723c751e8b465ee728b) [PhysX] Initialized MultithreadedTaskDispatcher with 12 workers.
 -> (artifact id: '42f0f65bd77d5bfcc8c962d4f8fe3a24') in 0.009054 seconds
Number of updated asset objects reloaded before import = 0
Number of asset objects unloaded after import = 3
========================================================================
Received Import Request.
  Time since last request: 0.000039 seconds.
  path: Assets/Tiles/Tiles 4_11.asset
  artifactKey: Guid(faac67c74167a07498bfac2f2113f1bd) Importer(815301076,1909f56bfc062723c751e8b465ee728b)
Start importing Assets/Tiles/Tiles 4_11.asset using Guid(faac67c74167a07498bfac2f2113f1bd) Importer(815301076,1909f56bfc062723c751e8b465ee728b) [PhysX] Initialized MultithreadedTaskDispatcher with 12 workers.
 -> (artifact id: '466076e621c1bb870cd05fb548a631dc') in 0.010476 seconds
Number of updated asset objects reloaded before import = 0
Number of asset objects unloaded after import = 3
========================================================================
Received Import Request.
  Time since last request: 0.000036 seconds.
  path: Assets/Tiles/Tiles 4_4.asset
  artifactKey: Guid(a8d87883761ccb8438918313e13eea66) Importer(815301076,1909f56bfc062723c751e8b465ee728b)
Start importing Assets/Tiles/Tiles 4_4.asset using Guid(a8d87883761ccb8438918313e13eea66) Importer(815301076,1909f56bfc062723c751e8b465ee728b) [PhysX] Initialized MultithreadedTaskDispatcher with 12 workers.
 -> (artifact id: '5d2c1d23c10a81de69a80ca41bb50474') in 0.009422 seconds
Number of updated asset objects reloaded before import = 0
Number of asset objects unloaded after import = 3
========================================================================
Received Import Request.
  Time since last request: 2.448339 seconds.
  path: Assets/Tiles/Tiles 4_36.asset
  artifactKey: Guid(c381d916f2be2ca4d83f4d498ba6effc) Importer(815301076,1909f56bfc062723c751e8b465ee728b)
Start importing Assets/Tiles/Tiles 4_36.asset using Guid(c381d916f2be2ca4d83f4d498ba6effc) Importer(815301076,1909f56bfc062723c751e8b465ee728b) [PhysX] Initialized MultithreadedTaskDispatcher with 12 workers.
 -> (artifact id: '72146ff00a953fff5142cedb51b00d57') in 0.016723 seconds
Number of updated asset objects reloaded before import = 0
Number of asset objects unloaded after import = 3
========================================================================
Received Import Request.
  Time since last request: 0.000023 seconds.
  path: Assets/Tiles/Tiles 4_42.asset
  artifactKey: Guid(fb562b2d6b435dd42b2697ad6089911b) Importer(815301076,1909f56bfc062723c751e8b465ee728b)
Start importing Assets/Tiles/Tiles 4_42.asset using Guid(fb562b2d6b435dd42b2697ad6089911b) Importer(815301076,1909f56bfc062723c751e8b465ee728b) [PhysX] Initialized MultithreadedTaskDispatcher with 12 workers.
 -> (artifact id: '11222681c1a62642478bf4ae634460f7') in 0.018940 seconds
Number of updated asset objects reloaded before import = 0
Number of asset objects unloaded after import = 3
========================================================================
Received Import Request.
  Time since last request: 0.000028 seconds.
  path: Assets/Tiles/Tiles 4_45.asset
  artifactKey: Guid(c0ffa387ee27758498309743a0a66b9c) Importer(815301076,1909f56bfc062723c751e8b465ee728b)
Start importing Assets/Tiles/Tiles 4_45.asset using Guid(c0ffa387ee27758498309743a0a66b9c) Importer(815301076,1909f56bfc062723c751e8b465ee728b) [PhysX] Initialized MultithreadedTaskDispatcher with 12 workers.
 -> (artifact id: '36a535293fdffc91c63583c4cf18faa6') in 0.022241 seconds
Number of updated asset objects reloaded before import = 0
Number of asset objects unloaded after import = 3
========================================================================
Received Import Request.
  Time since last request: 0.000042 seconds.
  path: Assets/Tiles/Tiles 4_39.asset
  artifactKey: Guid(ae701ab843f988c41b9189ea44dfe5f1) Importer(815301076,1909f56bfc062723c751e8b465ee728b)
Start importing Assets/Tiles/Tiles 4_39.asset using Guid(ae701ab843f988c41b9189ea44dfe5f1) Importer(815301076,1909f56bfc062723c751e8b465ee728b) [PhysX] Initialized MultithreadedTaskDispatcher with 12 workers.
 -> (artifact id: '5fbe0527abd5f4e3d323a330b1efc930') in 0.017505 seconds
Number of updated asset objects reloaded before import = 0
Number of asset objects unloaded after import = 3
========================================================================
Received Import Request.
  Time since last request: 47.996224 seconds.
  path: Assets/Tiles/Ancient Forest 1.6/Tiles 4_0.asset
  artifactKey: Guid(8db2948d6c76d5548bc3b5452c5a6fd7) Importer(815301076,1909f56bfc062723c751e8b465ee728b)
Start importing Assets/Tiles/Ancient Forest 1.6/Tiles 4_0.asset using Guid(8db2948d6c76d5548bc3b5452c5a6fd7) Importer(815301076,1909f56bfc062723c751e8b465ee728b) [PhysX] Initialized MultithreadedTaskDispatcher with 12 workers.
 -> (artifact id: '7d1663bc374bafc04ce195e619403c3b') in 0.038445 seconds
Number of updated asset objects reloaded before import = 0
Number of asset objects unloaded after import = 3
========================================================================
Received Import Request.
  Time since last request: 0.000036 seconds.
  path: Assets/Tiles/Ancient Forest 1.6/Tiles 4_11.asset
  artifactKey: Guid(3bfc9ebcc6e0e5046a02d92bce7a2727) Importer(815301076,1909f56bfc062723c751e8b465ee728b)
Start importing Assets/Tiles/Ancient Forest 1.6/Tiles 4_11.asset using Guid(3bfc9ebcc6e0e5046a02d92bce7a2727) Importer(815301076,1909f56bfc062723c751e8b465ee728b) [PhysX] Initialized MultithreadedTaskDispatcher with 12 workers.
 -> (artifact id: 'd1e7793e39f14dd1df4e83d7d5dacf6b') in 0.026065 seconds
Number of updated asset objects reloaded before import = 0
Number of asset objects unloaded after import = 3
========================================================================
Received Import Request.
  Time since last request: 0.000024 seconds.
  path: Assets/Tiles/Ancient Forest 1.6/Tiles 4_7.asset
  artifactKey: Guid(40db9cc10d866494fa7fa4c44660b59b) Importer(815301076,1909f56bfc062723c751e8b465ee728b)
Start importing Assets/Tiles/Ancient Forest 1.6/Tiles 4_7.asset using Guid(40db9cc10d866494fa7fa4c44660b59b) Importer(815301076,1909f56bfc062723c751e8b465ee728b) [PhysX] Initialized MultithreadedTaskDispatcher with 12 workers.
 -> (artifact id: 'a55a7b4408a061f8a39c002187c253c5') in 0.020846 seconds
Number of updated asset objects reloaded before import = 0
Number of asset objects unloaded after import = 3
========================================================================
Received Import Request.
  Time since last request: 0.000027 seconds.
  path: Assets/Tiles/Ancient Forest 1.6/Tiles 4_9.asset
  artifactKey: Guid(2f9d8738822ee75488a18497fbab4ba5) Importer(815301076,1909f56bfc062723c751e8b465ee728b)
Start importing Assets/Tiles/Ancient Forest 1.6/Tiles 4_9.asset using Guid(2f9d8738822ee75488a18497fbab4ba5) Importer(815301076,1909f56bfc062723c751e8b465ee728b) [PhysX] Initialized MultithreadedTaskDispatcher with 12 workers.
 -> (artifact id: '44ef470690362a8ebd4ac952d43af26b') in 0.022193 seconds
Number of updated asset objects reloaded before import = 0
Number of asset objects unloaded after import = 3
========================================================================
Received Import Request.
  Time since last request: 0.000023 seconds.
  path: Assets/Tiles/Ancient Forest 1.6/Tiles 4_32.asset
  artifactKey: Guid(6d1c34baf15641a4797b68d88bd02b52) Importer(815301076,1909f56bfc062723c751e8b465ee728b)
Start importing Assets/Tiles/Ancient Forest 1.6/Tiles 4_32.asset using Guid(6d1c34baf15641a4797b68d88bd02b52) Importer(815301076,1909f56bfc062723c751e8b465ee728b) [PhysX] Initialized MultithreadedTaskDispatcher with 12 workers.
 -> (artifact id: '872004076af591cc3eff45037da37b61') in 0.022234 seconds
Number of updated asset objects reloaded before import = 0
Number of asset objects unloaded after import = 3
========================================================================
Received Import Request.
  Time since last request: 0.000038 seconds.
  path: Assets/Tiles/Ancient Forest 1.6/Tiles 4_10.asset
  artifactKey: Guid(01d90d9805083d342b169e14c739dcbf) Importer(815301076,1909f56bfc062723c751e8b465ee728b)
Start importing Assets/Tiles/Ancient Forest 1.6/Tiles 4_10.asset using Guid(01d90d9805083d342b169e14c739dcbf) Importer(815301076,1909f56bfc062723c751e8b465ee728b) [PhysX] Initialized MultithreadedTaskDispatcher with 12 workers.
 -> (artifact id: 'c4ea9d44f606922e2d953aec7d26cee0') in 0.021961 seconds
Number of updated asset objects reloaded before import = 0
Number of asset objects unloaded after import = 3
========================================================================
Received Import Request.
  Time since last request: 0.000028 seconds.
  path: Assets/Tiles/Ancient Forest 1.6/Tiles 4_16.asset
  artifactKey: Guid(86fbf2c0fd62b5548b54465258e87eac) Importer(815301076,1909f56bfc062723c751e8b465ee728b)
Start importing Assets/Tiles/Ancient Forest 1.6/Tiles 4_16.asset using Guid(86fbf2c0fd62b5548b54465258e87eac) Importer(815301076,1909f56bfc062723c751e8b465ee728b) [PhysX] Initialized MultithreadedTaskDispatcher with 12 workers.
 -> (artifact id: '6fe6a428247d66d1c7789860d86c40a1') in 0.022218 seconds
Number of updated asset objects reloaded before import = 0
Number of asset objects unloaded after import = 3
========================================================================
Received Import Request.
  Time since last request: 0.000036 seconds.
  path: Assets/Tiles/Ancient Forest 1.6/Tiles 4_24.asset
  artifactKey: Guid(eca6b84f8de2f8448952e44295b4dcae) Importer(815301076,1909f56bfc062723c751e8b465ee728b)
Start importing Assets/Tiles/Ancient Forest 1.6/Tiles 4_24.asset using Guid(eca6b84f8de2f8448952e44295b4dcae) Importer(815301076,1909f56bfc062723c751e8b465ee728b) [PhysX] Initialized MultithreadedTaskDispatcher with 12 workers.
 -> (artifact id: '487d3cf14772ceb20dc1683b587c92bb') in 0.026108 seconds
Number of updated asset objects reloaded before import = 0
Number of asset objects unloaded after import = 3
========================================================================
Received Import Request.
  Time since last request: 0.000025 seconds.
  path: Assets/Tiles/Ancient Forest 1.6/Tiles 4_21.asset
  artifactKey: Guid(f039504b4e1dbde48bb0c0c70be4bbea) Importer(815301076,1909f56bfc062723c751e8b465ee728b)
Start importing Assets/Tiles/Ancient Forest 1.6/Tiles 4_21.asset using Guid(f039504b4e1dbde48bb0c0c70be4bbea) Importer(815301076,1909f56bfc062723c751e8b465ee728b) [PhysX] Initialized MultithreadedTaskDispatcher with 12 workers.
 -> (artifact id: '0153e35e752bdaa10ebab07ffb1eb320') in 0.023611 seconds
Number of updated asset objects reloaded before import = 0
Number of asset objects unloaded after import = 3
========================================================================
Received Import Request.
  Time since last request: 0.000037 seconds.
  path: Assets/Tiles/Ancient Forest 1.6/Tiles 4_4.asset
  artifactKey: Guid(56b705d1039ea4b46ba31c0266ed5f91) Importer(815301076,1909f56bfc062723c751e8b465ee728b)
Start importing Assets/Tiles/Ancient Forest 1.6/Tiles 4_4.asset using Guid(56b705d1039ea4b46ba31c0266ed5f91) Importer(815301076,1909f56bfc062723c751e8b465ee728b) [PhysX] Initialized MultithreadedTaskDispatcher with 12 workers.
 -> (artifact id: 'a1d6084d013ab62bab3408b4ec820672') in 0.018124 seconds
Number of updated asset objects reloaded before import = 0
Number of asset objects unloaded after import = 3
========================================================================
Received Import Request.
  Time since last request: 0.000032 seconds.
  path: Assets/Tiles/Ancient Forest 1.6/Tiles 4_20.asset
  artifactKey: Guid(ecaf06414d0b4a64e95652dad3e3f08b) Importer(815301076,1909f56bfc062723c751e8b465ee728b)
Start importing Assets/Tiles/Ancient Forest 1.6/Tiles 4_20.asset using Guid(ecaf06414d0b4a64e95652dad3e3f08b) Importer(815301076,1909f56bfc062723c751e8b465ee728b) [PhysX] Initialized MultithreadedTaskDispatcher with 12 workers.
 -> (artifact id: '4e5a03cb87809a0f8017ba72b4502191') in 0.022796 seconds
Number of updated asset objects reloaded before import = 0
Number of asset objects unloaded after import = 3
========================================================================
Received Import Request.
  Time since last request: 0.000030 seconds.
  path: Assets/Tiles/Ancient Forest 1.6/Tiles 4_29.asset
  artifactKey: Guid(d68bbf7164662584e8cb977ecd52e5c7) Importer(815301076,1909f56bfc062723c751e8b465ee728b)
Start importing Assets/Tiles/Ancient Forest 1.6/Tiles 4_29.asset using Guid(d68bbf7164662584e8cb977ecd52e5c7) Importer(815301076,1909f56bfc062723c751e8b465ee728b) [PhysX] Initialized MultithreadedTaskDispatcher with 12 workers.
 -> (artifact id: '90c58b2f2645bfd25dea756518532909') in 0.017797 seconds
Number of updated asset objects reloaded before import = 0
Number of asset objects unloaded after import = 3
========================================================================
Received Import Request.
  Time since last request: 0.000036 seconds.
  path: Assets/Tiles/Ancient Forest 1.6/Tiles 4_3.asset
  artifactKey: Guid(64cacb6f941fcf145afb97eb281a0ad2) Importer(815301076,1909f56bfc062723c751e8b465ee728b)
Start importing Assets/Tiles/Ancient Forest 1.6/Tiles 4_3.asset using Guid(64cacb6f941fcf145afb97eb281a0ad2) Importer(815301076,1909f56bfc062723c751e8b465ee728b) [PhysX] Initialized MultithreadedTaskDispatcher with 12 workers.
 -> (artifact id: 'd72e5459e05bcc099e2f6f754c38d293') in 0.021580 seconds
Number of updated asset objects reloaded before import = 0
Number of asset objects unloaded after import = 3
========================================================================
Received Import Request.
  Time since last request: 0.000082 seconds.
  path: Assets/Tiles/Ancient Forest 1.6/Tiles 4_26.asset
  artifactKey: Guid(26dad6c4403636242aa48c70c78f5f56) Importer(815301076,1909f56bfc062723c751e8b465ee728b)
Start importing Assets/Tiles/Ancient Forest 1.6/Tiles 4_26.asset using Guid(26dad6c4403636242aa48c70c78f5f56) Importer(815301076,1909f56bfc062723c751e8b465ee728b) [PhysX] Initialized MultithreadedTaskDispatcher with 12 workers.
 -> (artifact id: '48af1d3463bce403bb9053aa6313707c') in 0.022679 seconds
Number of updated asset objects reloaded before import = 0
Number of asset objects unloaded after import = 3
========================================================================
Received Import Request.
  Time since last request: 0.000035 seconds.
  path: Assets/Tiles/Ancient Forest 1.6/Tiles 4_6.asset
  artifactKey: Guid(9dcc81516008e184b841db5e7bc96522) Importer(815301076,1909f56bfc062723c751e8b465ee728b)
Start importing Assets/Tiles/Ancient Forest 1.6/Tiles 4_6.asset using Guid(9dcc81516008e184b841db5e7bc96522) Importer(815301076,1909f56bfc062723c751e8b465ee728b) [PhysX] Initialized MultithreadedTaskDispatcher with 12 workers.
 -> (artifact id: '8a2d0c5541dc9530eea522f58e9704a7') in 0.019549 seconds
Number of updated asset objects reloaded before import = 0
Number of asset objects unloaded after import = 3
========================================================================
Received Import Request.
  Time since last request: 76.820049 seconds.
  path: Assets/Tiles/Ancient Forest 1.6/Tiles 4_0.asset
  artifactKey: Guid(8db2948d6c76d5548bc3b5452c5a6fd7) Importer(815301076,1909f56bfc062723c751e8b465ee728b)
Start importing Assets/Tiles/Ancient Forest 1.6/Tiles 4_0.asset using Guid(8db2948d6c76d5548bc3b5452c5a6fd7) Importer(815301076,1909f56bfc062723c751e8b465ee728b) [PhysX] Initialized MultithreadedTaskDispatcher with 12 workers.
 -> (artifact id: '1e1a24a37701b5ef39e9017ac5e0391e') in 0.021368 seconds
Number of updated asset objects reloaded before import = 0
Number of asset objects unloaded after import = 3
========================================================================
Received Import Request.
  Time since last request: 0.075733 seconds.
  path: Assets/Tiles/Ancient Forest 1.6/Tiles 4_3.asset
  artifactKey: Guid(64cacb6f941fcf145afb97eb281a0ad2) Importer(815301076,1909f56bfc062723c751e8b465ee728b)
Start importing Assets/Tiles/Ancient Forest 1.6/Tiles 4_3.asset using Guid(64cacb6f941fcf145afb97eb281a0ad2) Importer(815301076,1909f56bfc062723c751e8b465ee728b) [PhysX] Initialized MultithreadedTaskDispatcher with 12 workers.
 -> (artifact id: 'cad49331f5eda36ab790d087fa9d0f8d') in 0.008090 seconds
Number of updated asset objects reloaded before import = 0
Number of asset objects unloaded after import = 3
========================================================================
Received Import Request.
  Time since last request: 0.000033 seconds.
  path: Assets/Tiles/Ancient Forest 1.6/Tiles 4_11.asset
  artifactKey: Guid(3bfc9ebcc6e0e5046a02d92bce7a2727) Importer(815301076,1909f56bfc062723c751e8b465ee728b)
Start importing Assets/Tiles/Ancient Forest 1.6/Tiles 4_11.asset using Guid(3bfc9ebcc6e0e5046a02d92bce7a2727) Importer(815301076,1909f56bfc062723c751e8b465ee728b) [PhysX] Initialized MultithreadedTaskDispatcher with 12 workers.
 -> (artifact id: 'a13b87440ce214c1823fce08f54db2cd') in 0.007838 seconds
Number of updated asset objects reloaded before import = 0
Number of asset objects unloaded after import = 3
========================================================================
Received Import Request.
  Time since last request: 0.000024 seconds.
  path: Assets/Tiles/Ancient Forest 1.6/Tiles 4_32.asset
  artifactKey: Guid(6d1c34baf15641a4797b68d88bd02b52) Importer(815301076,1909f56bfc062723c751e8b465ee728b)
Start importing Assets/Tiles/Ancient Forest 1.6/Tiles 4_32.asset using Guid(6d1c34baf15641a4797b68d88bd02b52) Importer(815301076,1909f56bfc062723c751e8b465ee728b) [PhysX] Initialized MultithreadedTaskDispatcher with 12 workers.
 -> (artifact id: '708aa085b3cf61d868d74072773ad25f') in 0.007308 seconds
Number of updated asset objects reloaded before import = 0
Number of asset objects unloaded after import = 3
========================================================================
Received Import Request.
  Time since last request: 0.000031 seconds.
  path: Assets/Tiles/Ancient Forest 1.6/Tiles 4_17.asset
  artifactKey: Guid(6d58b66e814da564bba8873d11c3471d) Importer(815301076,1909f56bfc062723c751e8b465ee728b)
Start importing Assets/Tiles/Ancient Forest 1.6/Tiles 4_17.asset using Guid(6d58b66e814da564bba8873d11c3471d) Importer(815301076,1909f56bfc062723c751e8b465ee728b) [PhysX] Initialized MultithreadedTaskDispatcher with 12 workers.
 -> (artifact id: '611a05a1de9dbd82bbc82bc60dd090d1') in 0.020973 seconds
Number of updated asset objects reloaded before import = 0
Number of asset objects unloaded after import = 3
========================================================================
Received Import Request.
  Time since last request: 0.000026 seconds.
  path: Assets/Tiles/Ancient Forest 1.6/Tiles 4_25.asset
  artifactKey: Guid(abc9f965419134c43b62133d413af295) Importer(815301076,1909f56bfc062723c751e8b465ee728b)
Start importing Assets/Tiles/Ancient Forest 1.6/Tiles 4_25.asset using Guid(abc9f965419134c43b62133d413af295) Importer(815301076,1909f56bfc062723c751e8b465ee728b) [PhysX] Initialized MultithreadedTaskDispatcher with 12 workers.
 -> (artifact id: 'd0591be79be8b8951c8660fa592e0d14') in 0.007623 seconds
Number of updated asset objects reloaded before import = 0
Number of asset objects unloaded after import = 3
========================================================================
Received Import Request.
  Time since last request: 0.000027 seconds.
  path: Assets/Tiles/Ancient Forest 1.6/Tiles 4_7.asset
  artifactKey: Guid(40db9cc10d866494fa7fa4c44660b59b) Importer(815301076,1909f56bfc062723c751e8b465ee728b)
Start importing Assets/Tiles/Ancient Forest 1.6/Tiles 4_7.asset using Guid(40db9cc10d866494fa7fa4c44660b59b) Importer(815301076,1909f56bfc062723c751e8b465ee728b) [PhysX] Initialized MultithreadedTaskDispatcher with 12 workers.
 -> (artifact id: '6c4ea7729efd1576c7105b24a347db64') in 0.008131 seconds
Number of updated asset objects reloaded before import = 0
Number of asset objects unloaded after import = 3
========================================================================
Received Import Request.
  Time since last request: 0.000042 seconds.
  path: Assets/Tiles/Ancient Forest 1.6/Tiles 4_9.asset
  artifactKey: Guid(2f9d8738822ee75488a18497fbab4ba5) Importer(815301076,1909f56bfc062723c751e8b465ee728b)
Start importing Assets/Tiles/Ancient Forest 1.6/Tiles 4_9.asset using Guid(2f9d8738822ee75488a18497fbab4ba5) Importer(815301076,1909f56bfc062723c751e8b465ee728b) [PhysX] Initialized MultithreadedTaskDispatcher with 12 workers.
 -> (artifact id: '8987810bbbdd1c0c8bf1c1717fecf528') in 0.019322 seconds
Number of updated asset objects reloaded before import = 0
Number of asset objects unloaded after import = 3
========================================================================
Received Import Request.
  Time since last request: 0.000026 seconds.
  path: Assets/Tiles/Ancient Forest 1.6/Tiles 4_15.asset
  artifactKey: Guid(bf872fbf8d55b314087cd526483967cc) Importer(815301076,1909f56bfc062723c751e8b465ee728b)
Start importing Assets/Tiles/Ancient Forest 1.6/Tiles 4_15.asset using Guid(bf872fbf8d55b314087cd526483967cc) Importer(815301076,1909f56bfc062723c751e8b465ee728b) [PhysX] Initialized MultithreadedTaskDispatcher with 12 workers.
 -> (artifact id: '2d63f63bfbfd143a979134ac43af3394') in 0.008247 seconds
Number of updated asset objects reloaded before import = 0
Number of asset objects unloaded after import = 3
========================================================================
Received Import Request.
  Time since last request: 0.000023 seconds.
  path: Assets/Tiles/Ancient Forest 1.6/Tiles 4_10.asset
  artifactKey: Guid(01d90d9805083d342b169e14c739dcbf) Importer(815301076,1909f56bfc062723c751e8b465ee728b)
Start importing Assets/Tiles/Ancient Forest 1.6/Tiles 4_10.asset using Guid(01d90d9805083d342b169e14c739dcbf) Importer(815301076,1909f56bfc062723c751e8b465ee728b) [PhysX] Initialized MultithreadedTaskDispatcher with 12 workers.
 -> (artifact id: '4f57a178fb4b86c1754eba05a195570b') in 0.015266 seconds
Number of updated asset objects reloaded before import = 0
Number of asset objects unloaded after import = 3
========================================================================
Received Import Request.
  Time since last request: 0.000026 seconds.
  path: Assets/Tiles/Ancient Forest 1.6/Tiles 4_5.asset
  artifactKey: Guid(1388299854934a94381977bc81cfb4a6) Importer(815301076,1909f56bfc062723c751e8b465ee728b)
Start importing Assets/Tiles/Ancient Forest 1.6/Tiles 4_5.asset using Guid(1388299854934a94381977bc81cfb4a6) Importer(815301076,1909f56bfc062723c751e8b465ee728b) [PhysX] Initialized MultithreadedTaskDispatcher with 12 workers.
 -> (artifact id: 'e777702964da824da2c4ed8085718868') in 0.006889 seconds
Number of updated asset objects reloaded before import = 0
Number of asset objects unloaded after import = 3
========================================================================
Received Import Request.
  Time since last request: 0.000027 seconds.
  path: Assets/Tiles/Ancient Forest 1.6/Tiles 4_23.asset
  artifactKey: Guid(b04b013d89a10594f8bde67815e09d08) Importer(815301076,1909f56bfc062723c751e8b465ee728b)
Start importing Assets/Tiles/Ancient Forest 1.6/Tiles 4_23.asset using Guid(b04b013d89a10594f8bde67815e09d08) Importer(815301076,1909f56bfc062723c751e8b465ee728b) [PhysX] Initialized MultithreadedTaskDispatcher with 12 workers.
 -> (artifact id: 'cf9f707f09f22701d086047c21f2cedb') in 0.019208 seconds
Number of updated asset objects reloaded before import = 0
Number of asset objects unloaded after import = 3
========================================================================
Received Import Request.
  Time since last request: 0.000023 seconds.
  path: Assets/Tiles/Ancient Forest 1.6/Tiles 4_18.asset
  artifactKey: Guid(26eec0155b9a5294d93fb84f7759dd7b) Importer(815301076,1909f56bfc062723c751e8b465ee728b)
Start importing Assets/Tiles/Ancient Forest 1.6/Tiles 4_18.asset using Guid(26eec0155b9a5294d93fb84f7759dd7b) Importer(815301076,1909f56bfc062723c751e8b465ee728b) [PhysX] Initialized MultithreadedTaskDispatcher with 12 workers.
 -> (artifact id: 'e10661449662ebaf1d3a3086fe5be1f7') in 0.018922 seconds
Number of updated asset objects reloaded before import = 0
Number of asset objects unloaded after import = 3
========================================================================
Received Import Request.
  Time since last request: 0.000034 seconds.
  path: Assets/Tiles/Ancient Forest 1.6/Tiles 4_4.asset
  artifactKey: Guid(56b705d1039ea4b46ba31c0266ed5f91) Importer(815301076,1909f56bfc062723c751e8b465ee728b)
Start importing Assets/Tiles/Ancient Forest 1.6/Tiles 4_4.asset using Guid(56b705d1039ea4b46ba31c0266ed5f91) Importer(815301076,1909f56bfc062723c751e8b465ee728b) [PhysX] Initialized MultithreadedTaskDispatcher with 12 workers.
 -> (artifact id: '47386d5875e302e9958195d9f264ca18') in 0.008515 seconds
Number of updated asset objects reloaded before import = 0
Number of asset objects unloaded after import = 3
========================================================================
Received Import Request.
  Time since last request: 0.000025 seconds.
  path: Assets/Tiles/Ancient Forest 1.6/Tiles 4_20.asset
  artifactKey: Guid(ecaf06414d0b4a64e95652dad3e3f08b) Importer(815301076,1909f56bfc062723c751e8b465ee728b)
Start importing Assets/Tiles/Ancient Forest 1.6/Tiles 4_20.asset using Guid(ecaf06414d0b4a64e95652dad3e3f08b) Importer(815301076,1909f56bfc062723c751e8b465ee728b) [PhysX] Initialized MultithreadedTaskDispatcher with 12 workers.
 -> (artifact id: '0b56ae19f7fa66cf476228eb005bce12') in 0.006932 seconds
Number of updated asset objects reloaded before import = 0
Number of asset objects unloaded after import = 3
========================================================================
Received Import Request.
  Time since last request: 0.000027 seconds.
  path: Assets/Tiles/Ancient Forest 1.6/Tiles 4_31.asset
  artifactKey: Guid(e3f9224f8f93c924baab1f3cb6b88c78) Importer(815301076,1909f56bfc062723c751e8b465ee728b)
Start importing Assets/Tiles/Ancient Forest 1.6/Tiles 4_31.asset using Guid(e3f9224f8f93c924baab1f3cb6b88c78) Importer(815301076,1909f56bfc062723c751e8b465ee728b) [PhysX] Initialized MultithreadedTaskDispatcher with 12 workers.
 -> (artifact id: '7c2a4b1462a999e6a32bd44341b34cfb') in 0.006169 seconds
Number of updated asset objects reloaded before import = 0
Number of asset objects unloaded after import = 3
========================================================================
Received Import Request.
  Time since last request: 0.000024 seconds.
  path: Assets/Tiles/Ancient Forest 1.6/Tiles 4_8.asset
  artifactKey: Guid(9bdc97bdfcefe2d4cbd57f1ff4050639) Importer(815301076,1909f56bfc062723c751e8b465ee728b)
Start importing Assets/Tiles/Ancient Forest 1.6/Tiles 4_8.asset using Guid(9bdc97bdfcefe2d4cbd57f1ff4050639) Importer(815301076,1909f56bfc062723c751e8b465ee728b) [PhysX] Initialized MultithreadedTaskDispatcher with 12 workers.
 -> (artifact id: '61d9ff1c5c7b10b181691e3e5b7a967b') in 0.007020 seconds
Number of updated asset objects reloaded before import = 0
Number of asset objects unloaded after import = 3
========================================================================
Received Import Request.
  Time since last request: 0.000027 seconds.
  path: Assets/Tiles/Ancient Forest 1.6/Tiles 4_33.asset
  artifactKey: Guid(37bee7dab33ed9849a25ff51cc8c812c) Importer(815301076,1909f56bfc062723c751e8b465ee728b)
Start importing Assets/Tiles/Ancient Forest 1.6/Tiles 4_33.asset using Guid(37bee7dab33ed9849a25ff51cc8c812c) Importer(815301076,1909f56bfc062723c751e8b465ee728b) [PhysX] Initialized MultithreadedTaskDispatcher with 12 workers.
 -> (artifact id: 'b78ac2095ab71731e1aa5ea24c2f248c') in 0.007863 seconds
Number of updated asset objects reloaded before import = 0
Number of asset objects unloaded after import = 3
========================================================================
Received Import Request.
  Time since last request: 0.000019 seconds.
  path: Assets/Tiles/Ancient Forest 1.6/Tiles 4_27.asset
  artifactKey: Guid(bca09a02e8ab90f459a67ea5863f8e07) Importer(815301076,1909f56bfc062723c751e8b465ee728b)
Start importing Assets/Tiles/Ancient Forest 1.6/Tiles 4_27.asset using Guid(bca09a02e8ab90f459a67ea5863f8e07) Importer(815301076,1909f56bfc062723c751e8b465ee728b) [PhysX] Initialized MultithreadedTaskDispatcher with 12 workers.
 -> (artifact id: '61bf38c0af8d8e66b52c97fd1d25bb86') in 0.006593 seconds
Number of updated asset objects reloaded before import = 0
Number of asset objects unloaded after import = 3
========================================================================
Received Import Request.
  Time since last request: 0.000023 seconds.
  path: Assets/Tiles/Ancient Forest 1.6/Tiles 4_1.asset
  artifactKey: Guid(b810274b42d59b4418aa0bf7111578b7) Importer(815301076,1909f56bfc062723c751e8b465ee728b)
Start importing Assets/Tiles/Ancient Forest 1.6/Tiles 4_1.asset using Guid(b810274b42d59b4418aa0bf7111578b7) Importer(815301076,1909f56bfc062723c751e8b465ee728b) [PhysX] Initialized MultithreadedTaskDispatcher with 12 workers.
 -> (artifact id: '0312aaefc3525fe3b12f332dd8f0b0d6') in 0.006792 seconds
Number of updated asset objects reloaded before import = 0
Number of asset objects unloaded after import = 3
========================================================================
Received Import Request.
  Time since last request: 0.000021 seconds.
  path: Assets/Tiles/Ancient Forest 1.6/Tiles 4_19.asset
  artifactKey: Guid(9a03061d8d88d414389a46f1d217b48d) Importer(815301076,1909f56bfc062723c751e8b465ee728b)
Start importing Assets/Tiles/Ancient Forest 1.6/Tiles 4_19.asset using Guid(9a03061d8d88d414389a46f1d217b48d) Importer(815301076,1909f56bfc062723c751e8b465ee728b) [PhysX] Initialized MultithreadedTaskDispatcher with 12 workers.
 -> (artifact id: 'f802ebde98f7049973079cd3a71022c7') in 0.018433 seconds
Number of updated asset objects reloaded before import = 0
Number of asset objects unloaded after import = 3
========================================================================
Received Import Request.
  Time since last request: 5.426238 seconds.
  path: Assets/Tiles/Ancient Forest 1.6/Tiles 4_36.asset
  artifactKey: Guid(ecf062d871d304041a33819122de27f2) Importer(815301076,1909f56bfc062723c751e8b465ee728b)
Start importing Assets/Tiles/Ancient Forest 1.6/Tiles 4_36.asset using Guid(ecf062d871d304041a33819122de27f2) Importer(815301076,1909f56bfc062723c751e8b465ee728b) [PhysX] Initialized MultithreadedTaskDispatcher with 12 workers.
 -> (artifact id: '85cc28b15f4cae5b92bb952fb1c8ce09') in 0.010051 seconds
Number of updated asset objects reloaded before import = 0
Number of asset objects unloaded after import = 3
========================================================================
Received Import Request.
  Time since last request: 0.000030 seconds.
  path: Assets/Tiles/Ancient Forest 1.6/Tiles 4_42.asset
  artifactKey: Guid(40ea322b2bef0cb4385e6edabc14f0d4) Importer(815301076,1909f56bfc062723c751e8b465ee728b)
Start importing Assets/Tiles/Ancient Forest 1.6/Tiles 4_42.asset using Guid(40ea322b2bef0cb4385e6edabc14f0d4) Importer(815301076,1909f56bfc062723c751e8b465ee728b) [PhysX] Initialized MultithreadedTaskDispatcher with 12 workers.
 -> (artifact id: '700413e21b741475c8dbb9e6ff2f2919') in 0.011140 seconds
Number of updated asset objects reloaded before import = 0
Number of asset objects unloaded after import = 3
========================================================================
Received Import Request.
  Time since last request: 0.000030 seconds.
  path: Assets/Tiles/Ancient Forest 1.6/Tiles 4_37.asset
  artifactKey: Guid(510028a4a7b8e9541938040ad518686a) Importer(815301076,1909f56bfc062723c751e8b465ee728b)
Start importing Assets/Tiles/Ancient Forest 1.6/Tiles 4_37.asset using Guid(510028a4a7b8e9541938040ad518686a) Importer(815301076,1909f56bfc062723c751e8b465ee728b) [PhysX] Initialized MultithreadedTaskDispatcher with 12 workers.
 -> (artifact id: '405fa279c4ad36ba324bf6f5b2806a29') in 0.020910 seconds
Number of updated asset objects reloaded before import = 0
Number of asset objects unloaded after import = 3
========================================================================
Received Import Request.
  Time since last request: 0.000040 seconds.
  path: Assets/Tiles/Ancient Forest 1.6/Tiles 4_38.asset
  artifactKey: Guid(0831068771346d944a8f063546d37eed) Importer(815301076,1909f56bfc062723c751e8b465ee728b)
Start importing Assets/Tiles/Ancient Forest 1.6/Tiles 4_38.asset using Guid(0831068771346d944a8f063546d37eed) Importer(815301076,1909f56bfc062723c751e8b465ee728b) [PhysX] Initialized MultithreadedTaskDispatcher with 12 workers.
 -> (artifact id: '4a2c84be4364d4e20948582d367376eb') in 0.020047 seconds
Number of updated asset objects reloaded before import = 0
Number of asset objects unloaded after import = 3
========================================================================
Received Import Request.
  Time since last request: 0.000021 seconds.
  path: Assets/Tiles/Ancient Forest 1.6/Tiles 4_43.asset
  artifactKey: Guid(37d893b793b199a43b04f2e480e40d66) Importer(815301076,1909f56bfc062723c751e8b465ee728b)
Start importing Assets/Tiles/Ancient Forest 1.6/Tiles 4_43.asset using Guid(37d893b793b199a43b04f2e480e40d66) Importer(815301076,1909f56bfc062723c751e8b465ee728b) [PhysX] Initialized MultithreadedTaskDispatcher with 12 workers.
 -> (artifact id: '934eb75b34c4d4b5baa1c0b8ad2ef6f2') in 0.015568 seconds
Number of updated asset objects reloaded before import = 0
Number of asset objects unloaded after import = 3
========================================================================
Received Import Request.
  Time since last request: 0.000034 seconds.
  path: Assets/Tiles/Ancient Forest 1.6/Tiles 4_46.asset
  artifactKey: Guid(b5406fdf38d8d6447b7d1ad4455c0350) Importer(815301076,1909f56bfc062723c751e8b465ee728b)
Start importing Assets/Tiles/Ancient Forest 1.6/Tiles 4_46.asset using Guid(b5406fdf38d8d6447b7d1ad4455c0350) Importer(815301076,1909f56bfc062723c751e8b465ee728b) [PhysX] Initialized MultithreadedTaskDispatcher with 12 workers.
 -> (artifact id: '97c804c3c8dc68008357637ca3e239c0') in 0.006384 seconds
Number of updated asset objects reloaded before import = 0
Number of asset objects unloaded after import = 3
========================================================================
Received Import Request.
  Time since last request: 0.512787 seconds.
  path: Assets/Tiles/Ancient Forest 1.6/Tiles 4_48.asset
  artifactKey: Guid(e08277bf559e69448948d87dadfa6347) Importer(815301076,1909f56bfc062723c751e8b465ee728b)
Start importing Assets/Tiles/Ancient Forest 1.6/Tiles 4_48.asset using Guid(e08277bf559e69448948d87dadfa6347) Importer(815301076,1909f56bfc062723c751e8b465ee728b) [PhysX] Initialized MultithreadedTaskDispatcher with 12 workers.
 -> (artifact id: '49e207c5afea7cec01877fd57d18d621') in 0.034456 seconds
Number of updated asset objects reloaded before import = 0
Number of asset objects unloaded after import = 3
========================================================================
Received Import Request.
  Time since last request: 0.000020 seconds.
  path: Assets/Tiles/Ancient Forest 1.6/Tiles 4_49.asset
  artifactKey: Guid(18beeda0322c49645877289f28491472) Importer(815301076,1909f56bfc062723c751e8b465ee728b)
Start importing Assets/Tiles/Ancient Forest 1.6/Tiles 4_49.asset using Guid(18beeda0322c49645877289f28491472) Importer(815301076,1909f56bfc062723c751e8b465ee728b) [PhysX] Initialized MultithreadedTaskDispatcher with 12 workers.
 -> (artifact id: '558ca852384e6484e40ab1664671bd3a') in 0.023432 seconds
Number of updated asset objects reloaded before import = 0
Number of asset objects unloaded after import = 3
========================================================================
Received Import Request.
  Time since last request: 0.000024 seconds.
  path: Assets/Tiles/Ancient Forest 1.6/Tiles 4_54.asset
  artifactKey: Guid(726a0800b8a5bb34dbf6f8da952d5538) Importer(815301076,1909f56bfc062723c751e8b465ee728b)
Start importing Assets/Tiles/Ancient Forest 1.6/Tiles 4_54.asset using Guid(726a0800b8a5bb34dbf6f8da952d5538) Importer(815301076,1909f56bfc062723c751e8b465ee728b) [PhysX] Initialized MultithreadedTaskDispatcher with 12 workers.
 -> (artifact id: 'e8a3fe370e689f5d4694b88eeea2f5b1') in 0.004969 seconds
Number of updated asset objects reloaded before import = 0
Number of asset objects unloaded after import = 1
========================================================================
Received Import Request.
  Time since last request: 0.000024 seconds.
  path: Assets/Tiles/Ancient Forest 1.6/Tiles 4_51.asset
  artifactKey: Guid(ee6fbafe43cc6be44a09301d02373cf7) Importer(815301076,1909f56bfc062723c751e8b465ee728b)
Start importing Assets/Tiles/Ancient Forest 1.6/Tiles 4_51.asset using Guid(ee6fbafe43cc6be44a09301d02373cf7) Importer(815301076,1909f56bfc062723c751e8b465ee728b) [PhysX] Initialized MultithreadedTaskDispatcher with 12 workers.
 -> (artifact id: '2db535c079c1f9bd5aa758e40c463aa3') in 0.005855 seconds
Number of updated asset objects reloaded before import = 0
Number of asset objects unloaded after import = 1
========================================================================
Received Import Request.
  Time since last request: 88.150593 seconds.
  path: Assets/Tiles/Tiles 4_0.asset
  artifactKey: Guid(56686384e9dbbd04887c1049a307384f) Importer(815301076,1909f56bfc062723c751e8b465ee728b)
Start importing Assets/Tiles/Tiles 4_0.asset using Guid(56686384e9dbbd04887c1049a307384f) Importer(815301076,1909f56bfc062723c751e8b465ee728b) [PhysX] Initialized MultithreadedTaskDispatcher with 12 workers.
 -> (artifact id: '37236a3b61430a94fa1d565f6776370a') in 0.017006 seconds
Number of updated asset objects reloaded before import = 0
Number of asset objects unloaded after import = 3
========================================================================
Received Import Request.
  Time since last request: 0.001357 seconds.
  path: Assets/Tiles/Tiles 4_1.asset
  artifactKey: Guid(2488c11bbdf23634f80b5dbb3d52baf2) Importer(815301076,1909f56bfc062723c751e8b465ee728b)
Start importing Assets/Tiles/Tiles 4_1.asset using Guid(2488c11bbdf23634f80b5dbb3d52baf2) Importer(815301076,1909f56bfc062723c751e8b465ee728b) [PhysX] Initialized MultithreadedTaskDispatcher with 12 workers.
 -> (artifact id: 'ed552c6ca363036742b7ba2fdf804988') in 0.010267 seconds
Number of updated asset objects reloaded before import = 0
Number of asset objects unloaded after import = 3
========================================================================
Received Import Request.
  Time since last request: 0.000024 seconds.
  path: Assets/Tiles/Tiles 4_3.asset
  artifactKey: Guid(2a476f99ddfbb264abb002bbc14de6b1) Importer(815301076,1909f56bfc062723c751e8b465ee728b)
Start importing Assets/Tiles/Tiles 4_3.asset using Guid(2a476f99ddfbb264abb002bbc14de6b1) Importer(815301076,1909f56bfc062723c751e8b465ee728b) [PhysX] Initialized MultithreadedTaskDispatcher with 12 workers.
 -> (artifact id: 'c098051047c4ecbd7a61c04374021b14') in 0.007065 seconds
Number of updated asset objects reloaded before import = 0
Number of asset objects unloaded after import = 3
========================================================================
Received Import Request.
  Time since last request: 0.000029 seconds.
  path: Assets/Tiles/Tiles 4_28.asset
  artifactKey: Guid(bbdecaf80b01fbd42b479f7ef9b7f442) Importer(815301076,1909f56bfc062723c751e8b465ee728b)
Start importing Assets/Tiles/Tiles 4_28.asset using Guid(bbdecaf80b01fbd42b479f7ef9b7f442) Importer(815301076,1909f56bfc062723c751e8b465ee728b) [PhysX] Initialized MultithreadedTaskDispatcher with 12 workers.
 -> (artifact id: 'f7a27cdf02952d75b6d89f932341bd2f') in 0.006327 seconds
Number of updated asset objects reloaded before import = 0
Number of asset objects unloaded after import = 3
========================================================================
Received Import Request.
  Time since last request: 0.000026 seconds.
  path: Assets/Tiles/Tiles 4_33.asset
  artifactKey: Guid(e25be955d31fa7b4492809b68933b3c8) Importer(815301076,1909f56bfc062723c751e8b465ee728b)
Start importing Assets/Tiles/Tiles 4_33.asset using Guid(e25be955d31fa7b4492809b68933b3c8) Importer(815301076,1909f56bfc062723c751e8b465ee728b) [PhysX] Initialized MultithreadedTaskDispatcher with 12 workers.
 -> (artifact id: '1ab69e924d6b0620756ae36be950201f') in 0.023226 seconds
Number of updated asset objects reloaded before import = 0
Number of asset objects unloaded after import = 3
========================================================================
Received Import Request.
  Time since last request: 0.000021 seconds.
  path: Assets/Tiles/Tiles 4_13.asset
  artifactKey: Guid(8f50e7e8ed0d78b4080c989dfb61478e) Importer(815301076,1909f56bfc062723c751e8b465ee728b)
Start importing Assets/Tiles/Tiles 4_13.asset using Guid(8f50e7e8ed0d78b4080c989dfb61478e) Importer(815301076,1909f56bfc062723c751e8b465ee728b) [PhysX] Initialized MultithreadedTaskDispatcher with 12 workers.
 -> (artifact id: '8253bc5ca495d6bda345ed7c9f74e04f') in 0.006812 seconds
Number of updated asset objects reloaded before import = 0
Number of asset objects unloaded after import = 3
========================================================================
Received Import Request.
  Time since last request: 0.000024 seconds.
  path: Assets/Tiles/Tiles 4_16.asset
  artifactKey: Guid(e91716eb90d96f540ac422e3f9147bc2) Importer(815301076,1909f56bfc062723c751e8b465ee728b)
Start importing Assets/Tiles/Tiles 4_16.asset using Guid(e91716eb90d96f540ac422e3f9147bc2) Importer(815301076,1909f56bfc062723c751e8b465ee728b) [PhysX] Initialized MultithreadedTaskDispatcher with 12 workers.
 -> (artifact id: 'd8d7f734728baa71b0df568e6e8038e1') in 0.019091 seconds
Number of updated asset objects reloaded before import = 0
Number of asset objects unloaded after import = 3
========================================================================
Received Import Request.
  Time since last request: 0.000022 seconds.
  path: Assets/Tiles/Tiles 4_19.asset
  artifactKey: Guid(fa46a623a63d0ba4f8e02c509486b29e) Importer(815301076,1909f56bfc062723c751e8b465ee728b)
Start importing Assets/Tiles/Tiles 4_19.asset using Guid(fa46a623a63d0ba4f8e02c509486b29e) Importer(815301076,1909f56bfc062723c751e8b465ee728b) [PhysX] Initialized MultithreadedTaskDispatcher with 12 workers.
 -> (artifact id: '9a1e5749989e2517b2c3f689b4be08f4') in 0.017839 seconds
Number of updated asset objects reloaded before import = 0
Number of asset objects unloaded after import = 3
========================================================================
Received Import Request.
  Time since last request: 0.000037 seconds.
  path: Assets/Tiles/Tiles 4_24.asset
  artifactKey: Guid(bd5bf9ce0be8b34449483182ac805cf6) Importer(815301076,1909f56bfc062723c751e8b465ee728b)
Start importing Assets/Tiles/Tiles 4_24.asset using Guid(bd5bf9ce0be8b34449483182ac805cf6) Importer(815301076,1909f56bfc062723c751e8b465ee728b) [PhysX] Initialized MultithreadedTaskDispatcher with 12 workers.
 -> (artifact id: 'a0106159a2d187601e9a91191fb80626') in 0.007344 seconds
Number of updated asset objects reloaded before import = 0
Number of asset objects unloaded after import = 3
========================================================================
Received Import Request.
  Time since last request: 0.000041 seconds.
  path: Assets/Tiles/Tiles 4_17.asset
  artifactKey: Guid(9bd9e01e34494e6419412cb6f2c25cad) Importer(815301076,1909f56bfc062723c751e8b465ee728b)
Start importing Assets/Tiles/Tiles 4_17.asset using Guid(9bd9e01e34494e6419412cb6f2c25cad) Importer(815301076,1909f56bfc062723c751e8b465ee728b) [PhysX] Initialized MultithreadedTaskDispatcher with 12 workers.
 -> (artifact id: '08aaa6b2ee00d78ef1d67a74468f406d') in 0.017741 seconds
Number of updated asset objects reloaded before import = 0
Number of asset objects unloaded after import = 3
========================================================================
Received Import Request.
  Time since last request: 0.000021 seconds.
  path: Assets/Tiles/Tiles 4_7.asset
  artifactKey: Guid(ee3baf3b27ee76c4d969ffafee8fd727) Importer(815301076,1909f56bfc062723c751e8b465ee728b)
Start importing Assets/Tiles/Tiles 4_7.asset using Guid(ee3baf3b27ee76c4d969ffafee8fd727) Importer(815301076,1909f56bfc062723c751e8b465ee728b) [PhysX] Initialized MultithreadedTaskDispatcher with 12 workers.
 -> (artifact id: 'cbbec3c4c12e9e27b85a086d08dbd135') in 0.006267 seconds
Number of updated asset objects reloaded before import = 0
Number of asset objects unloaded after import = 3
========================================================================
Received Import Request.
  Time since last request: 0.000017 seconds.
  path: Assets/Tiles/Tiles 4_25.asset
  artifactKey: Guid(cc912288b607c2043a4a6dba4910ced5) Importer(815301076,1909f56bfc062723c751e8b465ee728b)
Start importing Assets/Tiles/Tiles 4_25.asset using Guid(cc912288b607c2043a4a6dba4910ced5) Importer(815301076,1909f56bfc062723c751e8b465ee728b) [PhysX] Initialized MultithreadedTaskDispatcher with 12 workers.
 -> (artifact id: '92f5f6075c112b1f456236f0d8b447b0') in 0.008197 seconds
Number of updated asset objects reloaded before import = 0
Number of asset objects unloaded after import = 3
========================================================================
Received Import Request.
  Time since last request: 0.000019 seconds.
  path: Assets/Tiles/Tiles 4_20.asset
  artifactKey: Guid(f897fa7b9b29d144fb6b6e1a2ac03a15) Importer(815301076,1909f56bfc062723c751e8b465ee728b)
Start importing Assets/Tiles/Tiles 4_20.asset using Guid(f897fa7b9b29d144fb6b6e1a2ac03a15) Importer(815301076,1909f56bfc062723c751e8b465ee728b) [PhysX] Initialized MultithreadedTaskDispatcher with 12 workers.
 -> (artifact id: '04eae14efcb2cc94777c9c171159cb3f') in 0.014074 seconds
Number of updated asset objects reloaded before import = 0
Number of asset objects unloaded after import = 3
========================================================================
Received Import Request.
  Time since last request: 0.000023 seconds.
  path: Assets/Tiles/Tiles 4_15.asset
  artifactKey: Guid(01f8135a2468c7a4e97ae2377b8692f5) Importer(815301076,1909f56bfc062723c751e8b465ee728b)
Start importing Assets/Tiles/Tiles 4_15.asset using Guid(01f8135a2468c7a4e97ae2377b8692f5) Importer(815301076,1909f56bfc062723c751e8b465ee728b) [PhysX] Initialized MultithreadedTaskDispatcher with 12 workers.
 -> (artifact id: '5c7932f163aa7f6aab6dd0e369bfbcd2') in 0.007425 seconds
Number of updated asset objects reloaded before import = 0
Number of asset objects unloaded after import = 3
========================================================================
Received Import Request.
  Time since last request: 0.000026 seconds.
  path: Assets/Tiles/Tiles 4_32.asset
  artifactKey: Guid(0c35019705fcbe44e9a151b1552eeafd) Importer(815301076,1909f56bfc062723c751e8b465ee728b)
Start importing Assets/Tiles/Tiles 4_32.asset using Guid(0c35019705fcbe44e9a151b1552eeafd) Importer(815301076,1909f56bfc062723c751e8b465ee728b) [PhysX] Initialized MultithreadedTaskDispatcher with 12 workers.
 -> (artifact id: '1e7565b2af37bf221de7fe1a8b433573') in 0.007360 seconds
Number of updated asset objects reloaded before import = 0
Number of asset objects unloaded after import = 3
========================================================================
Received Import Request.
  Time since last request: 0.000027 seconds.
  path: Assets/Tiles/Tiles 4_31.asset
  artifactKey: Guid(fba583913b37fc640bf92277a2432362) Importer(815301076,1909f56bfc062723c751e8b465ee728b)
Start importing Assets/Tiles/Tiles 4_31.asset using Guid(fba583913b37fc640bf92277a2432362) Importer(815301076,1909f56bfc062723c751e8b465ee728b) [PhysX] Initialized MultithreadedTaskDispatcher with 12 workers.
 -> (artifact id: 'b2462e96e8b24c714d87198779b45e25') in 0.008655 seconds
Number of updated asset objects reloaded before import = 0
Number of asset objects unloaded after import = 3
========================================================================
Received Import Request.
  Time since last request: 0.000022 seconds.
  path: Assets/Tiles/Tiles 4_26.asset
  artifactKey: Guid(80165690dcde9b24db9df13f38ea915a) Importer(815301076,1909f56bfc062723c751e8b465ee728b)
Start importing Assets/Tiles/Tiles 4_26.asset using Guid(80165690dcde9b24db9df13f38ea915a) Importer(815301076,1909f56bfc062723c751e8b465ee728b) [PhysX] Initialized MultithreadedTaskDispatcher with 12 workers.
 -> (artifact id: 'bd98756e69d53a8b15a649e52f2dcdde') in 0.008019 seconds
Number of updated asset objects reloaded before import = 0
Number of asset objects unloaded after import = 3
========================================================================
Received Import Request.
  Time since last request: 0.000017 seconds.
  path: Assets/Tiles/Tiles 4_4.asset
  artifactKey: Guid(a8d87883761ccb8438918313e13eea66) Importer(815301076,1909f56bfc062723c751e8b465ee728b)
Start importing Assets/Tiles/Tiles 4_4.asset using Guid(a8d87883761ccb8438918313e13eea66) Importer(815301076,1909f56bfc062723c751e8b465ee728b) [PhysX] Initialized MultithreadedTaskDispatcher with 12 workers.
 -> (artifact id: '82157bfdab2ad666639a6be697ba35f8') in 0.006435 seconds
Number of updated asset objects reloaded before import = 0
Number of asset objects unloaded after import = 3
========================================================================
Received Import Request.
  Time since last request: 0.000021 seconds.
  path: Assets/Tiles/Tiles 4_30.asset
  artifactKey: Guid(a7d8c63c0516ea446addd2595d3d85f0) Importer(815301076,1909f56bfc062723c751e8b465ee728b)
Start importing Assets/Tiles/Tiles 4_30.asset using Guid(a7d8c63c0516ea446addd2595d3d85f0) Importer(815301076,1909f56bfc062723c751e8b465ee728b) [PhysX] Initialized MultithreadedTaskDispatcher with 12 workers.
 -> (artifact id: '069badf6da5140f23e870fd1b0018e71') in 0.019072 seconds
Number of updated asset objects reloaded before import = 0
Number of asset objects unloaded after import = 3
========================================================================
Received Import Request.
  Time since last request: 102.442196 seconds.
  path: Assets/Tiles/Ancient Forest 1.6/Tiles 4.png
  artifactKey: Guid(e542853de6de7cf4f96ae80d19861f76) Importer(815301076,1909f56bfc062723c751e8b465ee728b)
Start importing Assets/Tiles/Ancient Forest 1.6/Tiles 4.png using Guid(e542853de6de7cf4f96ae80d19861f76) Importer(815301076,1909f56bfc062723c751e8b465ee728b) [PhysX] Initialized MultithreadedTaskDispatcher with 12 workers.
[PhysX] Initialized MultithreadedTaskDispatcher with 12 workers.
 -> (artifact id: '70dd350a57460432e13634fc25d80529') in 0.225595 seconds
Number of updated asset objects reloaded before import = 0
Number of asset objects unloaded after import = 67
========================================================================
Received Import Request.
  Time since last request: 0.000033 seconds.
  path: Assets/Tiles/Ancient Forest 1.6/Tiles 4_28.asset
  artifactKey: Guid(4e1e9d7063417b94d828a4fed4a4b97c) Importer(815301076,1909f56bfc062723c751e8b465ee728b)
Start importing Assets/Tiles/Ancient Forest 1.6/Tiles 4_28.asset using Guid(4e1e9d7063417b94d828a4fed4a4b97c) Importer(815301076,1909f56bfc062723c751e8b465ee728b) [PhysX] Initialized MultithreadedTaskDispatcher with 12 workers.
 -> (artifact id: '0fabe1e1a433d03cc885696ffbf6ff58') in 0.007144 seconds
Number of updated asset objects reloaded before import = 0
Number of asset objects unloaded after import = 3
========================================================================
Received Import Request.
  Time since last request: 0.000046 seconds.
  path: Assets/Tiles/Ancient Forest 1.6/Tiles 4_5.asset
  artifactKey: Guid(1388299854934a94381977bc81cfb4a6) Importer(815301076,1909f56bfc062723c751e8b465ee728b)
Start importing Assets/Tiles/Ancient Forest 1.6/Tiles 4_5.asset using Guid(1388299854934a94381977bc81cfb4a6) Importer(815301076,1909f56bfc062723c751e8b465ee728b) [PhysX] Initialized MultithreadedTaskDispatcher with 12 workers.
 -> (artifact id: 'ad9478cf97d339f299c57ebcf4456a28') in 0.009505 seconds
Number of updated asset objects reloaded before import = 0
Number of asset objects unloaded after import = 3
========================================================================
Received Import Request.
  Time since last request: 0.000026 seconds.
  path: Assets/Tiles/Ancient Forest 1.6/Tiles 4_23.asset
  artifactKey: Guid(b04b013d89a10594f8bde67815e09d08) Importer(815301076,1909f56bfc062723c751e8b465ee728b)
Start importing Assets/Tiles/Ancient Forest 1.6/Tiles 4_23.asset using Guid(b04b013d89a10594f8bde67815e09d08) Importer(815301076,1909f56bfc062723c751e8b465ee728b) [PhysX] Initialized MultithreadedTaskDispatcher with 12 workers.
 -> (artifact id: 'a30a36e8a789580f9905a05395e6c353') in 0.017218 seconds
Number of updated asset objects reloaded before import = 0
Number of asset objects unloaded after import = 3
========================================================================
Received Import Request.
  Time since last request: 0.000028 seconds.
  path: Assets/Tiles/Ancient Forest 1.6/Tiles 4_18.asset
  artifactKey: Guid(26eec0155b9a5294d93fb84f7759dd7b) Importer(815301076,1909f56bfc062723c751e8b465ee728b)
Start importing Assets/Tiles/Ancient Forest 1.6/Tiles 4_18.asset using Guid(26eec0155b9a5294d93fb84f7759dd7b) Importer(815301076,1909f56bfc062723c751e8b465ee728b) [PhysX] Initialized MultithreadedTaskDispatcher with 12 workers.
 -> (artifact id: '398394d1224bc3ded7ea646e4baa40bd') in 0.020923 seconds
Number of updated asset objects reloaded before import = 0
Number of asset objects unloaded after import = 3
========================================================================
Received Import Request.
  Time since last request: 0.000033 seconds.
  path: Assets/Tiles/Ancient Forest 1.6/Tiles 4_22.asset
  artifactKey: Guid(f3c0700ee5e0dc441836f65552e3ea5f) Importer(815301076,1909f56bfc062723c751e8b465ee728b)
Start importing Assets/Tiles/Ancient Forest 1.6/Tiles 4_22.asset using Guid(f3c0700ee5e0dc441836f65552e3ea5f) Importer(815301076,1909f56bfc062723c751e8b465ee728b) [PhysX] Initialized MultithreadedTaskDispatcher with 12 workers.
 -> (artifact id: '3933e7244140d32b407f53d01d5e3ad6') in 0.007428 seconds
Number of updated asset objects reloaded before import = 0
Number of asset objects unloaded after import = 3
========================================================================
Received Import Request.
  Time since last request: 0.000022 seconds.
  path: Assets/Tiles/Ancient Forest 1.6/Tiles 4_4.asset
  artifactKey: Guid(56b705d1039ea4b46ba31c0266ed5f91) Importer(815301076,1909f56bfc062723c751e8b465ee728b)
Start importing Assets/Tiles/Ancient Forest 1.6/Tiles 4_4.asset using Guid(56b705d1039ea4b46ba31c0266ed5f91) Importer(815301076,1909f56bfc062723c751e8b465ee728b) [PhysX] Initialized MultithreadedTaskDispatcher with 12 workers.
 -> (artifact id: '99c97cd6ba423bfceb14fa12bb80f3c2') in 0.017637 seconds
Number of updated asset objects reloaded before import = 0
Number of asset objects unloaded after import = 3
========================================================================
Received Import Request.
  Time since last request: 0.000021 seconds.
  path: Assets/Tiles/Ancient Forest 1.6/Tiles 4_31.asset
  artifactKey: Guid(e3f9224f8f93c924baab1f3cb6b88c78) Importer(815301076,1909f56bfc062723c751e8b465ee728b)
Start importing Assets/Tiles/Ancient Forest 1.6/Tiles 4_31.asset using Guid(e3f9224f8f93c924baab1f3cb6b88c78) Importer(815301076,1909f56bfc062723c751e8b465ee728b) [PhysX] Initialized MultithreadedTaskDispatcher with 12 workers.
 -> (artifact id: 'a22eb6f8ec444d9e248d638a1bdaae58') in 0.007649 seconds
Number of updated asset objects reloaded before import = 0
Number of asset objects unloaded after import = 3
========================================================================
Received Import Request.
  Time since last request: 0.000025 seconds.
  path: Assets/Tiles/Ancient Forest 1.6/Tiles 4_8.asset
  artifactKey: Guid(9bdc97bdfcefe2d4cbd57f1ff4050639) Importer(815301076,1909f56bfc062723c751e8b465ee728b)
Start importing Assets/Tiles/Ancient Forest 1.6/Tiles 4_8.asset using Guid(9bdc97bdfcefe2d4cbd57f1ff4050639) Importer(815301076,1909f56bfc062723c751e8b465ee728b) [PhysX] Initialized MultithreadedTaskDispatcher with 12 workers.
 -> (artifact id: '2fa31a1ce42248cdc7f1252db4c8a316') in 0.008178 seconds
Number of updated asset objects reloaded before import = 0
Number of asset objects unloaded after import = 3
========================================================================
Received Import Request.
  Time since last request: 0.000026 seconds.
  path: Assets/Tiles/Ancient Forest 1.6/Tiles 4_29.asset
  artifactKey: Guid(d68bbf7164662584e8cb977ecd52e5c7) Importer(815301076,1909f56bfc062723c751e8b465ee728b)
Start importing Assets/Tiles/Ancient Forest 1.6/Tiles 4_29.asset using Guid(d68bbf7164662584e8cb977ecd52e5c7) Importer(815301076,1909f56bfc062723c751e8b465ee728b) [PhysX] Initialized MultithreadedTaskDispatcher with 12 workers.
 -> (artifact id: 'd7df357fa211e2c98e22b16b4b3b7fca') in 0.007884 seconds
Number of updated asset objects reloaded before import = 0
Number of asset objects unloaded after import = 3
========================================================================
Received Import Request.
  Time since last request: 0.000030 seconds.
  path: Assets/Tiles/Ancient Forest 1.6/Tiles 4_3.asset
  artifactKey: Guid(64cacb6f941fcf145afb97eb281a0ad2) Importer(815301076,1909f56bfc062723c751e8b465ee728b)
Start importing Assets/Tiles/Ancient Forest 1.6/Tiles 4_3.asset using Guid(64cacb6f941fcf145afb97eb281a0ad2) Importer(815301076,1909f56bfc062723c751e8b465ee728b) [PhysX] Initialized MultithreadedTaskDispatcher with 12 workers.
 -> (artifact id: '21b210ce9fa58f13fff66d68036e9b4b') in 0.009011 seconds
Number of updated asset objects reloaded before import = 0
Number of asset objects unloaded after import = 3
========================================================================
Received Import Request.
  Time since last request: 0.000038 seconds.
  path: Assets/Tiles/Ancient Forest 1.6/Tiles 4_27.asset
  artifactKey: Guid(bca09a02e8ab90f459a67ea5863f8e07) Importer(815301076,1909f56bfc062723c751e8b465ee728b)
Start importing Assets/Tiles/Ancient Forest 1.6/Tiles 4_27.asset using Guid(bca09a02e8ab90f459a67ea5863f8e07) Importer(815301076,1909f56bfc062723c751e8b465ee728b) [PhysX] Initialized MultithreadedTaskDispatcher with 12 workers.
 -> (artifact id: '268d076f400ec0a9e7b517980071ce56') in 0.008578 seconds
Number of updated asset objects reloaded before import = 0
Number of asset objects unloaded after import = 3
========================================================================
Received Import Request.
  Time since last request: 0.000032 seconds.
  path: Assets/Tiles/Ancient Forest 1.6/Tiles 4_1.asset
  artifactKey: Guid(b810274b42d59b4418aa0bf7111578b7) Importer(815301076,1909f56bfc062723c751e8b465ee728b)
Start importing Assets/Tiles/Ancient Forest 1.6/Tiles 4_1.asset using Guid(b810274b42d59b4418aa0bf7111578b7) Importer(815301076,1909f56bfc062723c751e8b465ee728b) [PhysX] Initialized MultithreadedTaskDispatcher with 12 workers.
 -> (artifact id: '33d78211915100406c0f3d41b63c70f5') in 0.008051 seconds
Number of updated asset objects reloaded before import = 0
Number of asset objects unloaded after import = 3
========================================================================
Received Import Request.
  Time since last request: 0.000025 seconds.
  path: Assets/Tiles/Ancient Forest 1.6/Tiles 4_19.asset
  artifactKey: Guid(9a03061d8d88d414389a46f1d217b48d) Importer(815301076,1909f56bfc062723c751e8b465ee728b)
Start importing Assets/Tiles/Ancient Forest 1.6/Tiles 4_19.asset using Guid(9a03061d8d88d414389a46f1d217b48d) Importer(815301076,1909f56bfc062723c751e8b465ee728b) [PhysX] Initialized MultithreadedTaskDispatcher with 12 workers.
 -> (artifact id: '620f1d53fc3e8ca8915f7c92be038164') in 0.020147 seconds
Number of updated asset objects reloaded before import = 0
Number of asset objects unloaded after import = 3
========================================================================
Received Import Request.
  Time since last request: 1.515901 seconds.
  path: Assets/Tiles/Ancient Forest 1.6/Tiles 4_35.asset
  artifactKey: Guid(26b29f93b5f5203489f3febbac467e0e) Importer(815301076,1909f56bfc062723c751e8b465ee728b)
Start importing Assets/Tiles/Ancient Forest 1.6/Tiles 4_35.asset using Guid(26b29f93b5f5203489f3febbac467e0e) Importer(815301076,1909f56bfc062723c751e8b465ee728b) [PhysX] Initialized MultithreadedTaskDispatcher with 12 workers.
 -> (artifact id: 'cf02f3ebae58232c9152aa21435027bf') in 0.008528 seconds
Number of updated asset objects reloaded before import = 0
Number of asset objects unloaded after import = 3
========================================================================
Received Import Request.
  Time since last request: 0.000033 seconds.
  path: Assets/Tiles/Ancient Forest 1.6/Tiles 4_42.asset
  artifactKey: Guid(40ea322b2bef0cb4385e6edabc14f0d4) Importer(815301076,1909f56bfc062723c751e8b465ee728b)
Start importing Assets/Tiles/Ancient Forest 1.6/Tiles 4_42.asset using Guid(40ea322b2bef0cb4385e6edabc14f0d4) Importer(815301076,1909f56bfc062723c751e8b465ee728b) [PhysX] Initialized MultithreadedTaskDispatcher with 12 workers.
 -> (artifact id: '17572d37ce47181a44418dc4c6c07980') in 0.008411 seconds
Number of updated asset objects reloaded before import = 0
Number of asset objects unloaded after import = 3
========================================================================
Received Import Request.
  Time since last request: 0.000040 seconds.
  path: Assets/Tiles/Ancient Forest 1.6/Tiles 4_40.asset
  artifactKey: Guid(c3d3659f662bbde4686abe99848b54e7) Importer(815301076,1909f56bfc062723c751e8b465ee728b)
Start importing Assets/Tiles/Ancient Forest 1.6/Tiles 4_40.asset using Guid(c3d3659f662bbde4686abe99848b54e7) Importer(815301076,1909f56bfc062723c751e8b465ee728b) [PhysX] Initialized MultithreadedTaskDispatcher with 12 workers.
 -> (artifact id: 'cd57c4cdb1e05c4320586210eef12e63') in 0.008064 seconds
Number of updated asset objects reloaded before import = 0
Number of asset objects unloaded after import = 3
========================================================================
Received Import Request.
  Time since last request: 0.000030 seconds.
  path: Assets/Tiles/Ancient Forest 1.6/Tiles 4_41.asset
  artifactKey: Guid(90b5bf11942be6b40bc18cbe37a46a08) Importer(815301076,1909f56bfc062723c751e8b465ee728b)
Start importing Assets/Tiles/Ancient Forest 1.6/Tiles 4_41.asset using Guid(90b5bf11942be6b40bc18cbe37a46a08) Importer(815301076,1909f56bfc062723c751e8b465ee728b) [PhysX] Initialized MultithreadedTaskDispatcher with 12 workers.
 -> (artifact id: '33edde9b2202f31cdd8a426185f0997f') in 0.008178 seconds
Number of updated asset objects reloaded before import = 0
Number of asset objects unloaded after import = 3
========================================================================
Received Import Request.
  Time since last request: 0.000032 seconds.
  path: Assets/Tiles/Ancient Forest 1.6/Tiles 4_44.asset
  artifactKey: Guid(a4d7a704fd1df154b893cc3236e6e20e) Importer(815301076,1909f56bfc062723c751e8b465ee728b)
Start importing Assets/Tiles/Ancient Forest 1.6/Tiles 4_44.asset using Guid(a4d7a704fd1df154b893cc3236e6e20e) Importer(815301076,1909f56bfc062723c751e8b465ee728b) [PhysX] Initialized MultithreadedTaskDispatcher with 12 workers.
 -> (artifact id: '8a420997e63dc4bfdcf34987f64936c5') in 0.008770 seconds
Number of updated asset objects reloaded before import = 0
Number of asset objects unloaded after import = 3
========================================================================
Received Import Request.
  Time since last request: 0.000033 seconds.
  path: Assets/Tiles/Ancient Forest 1.6/Tiles 4_39.asset
  artifactKey: Guid(852b5686a3021f04d9bc005d3bd4c49a) Importer(815301076,1909f56bfc062723c751e8b465ee728b)
Start importing Assets/Tiles/Ancient Forest 1.6/Tiles 4_39.asset using Guid(852b5686a3021f04d9bc005d3bd4c49a) Importer(815301076,1909f56bfc062723c751e8b465ee728b) [PhysX] Initialized MultithreadedTaskDispatcher with 12 workers.
 -> (artifact id: 'b35a4a6dd2ca5fefd774581826ada392') in 0.008452 seconds
Number of updated asset objects reloaded before import = 0
Number of asset objects unloaded after import = 3
========================================================================
Received Import Request.
  Time since last request: 0.000029 seconds.
  path: Assets/Tiles/Ancient Forest 1.6/Tiles 4_45.asset
  artifactKey: Guid(514acf2a82879694d8452e5b1f9e97b3) Importer(815301076,1909f56bfc062723c751e8b465ee728b)
Start importing Assets/Tiles/Ancient Forest 1.6/Tiles 4_45.asset using Guid(514acf2a82879694d8452e5b1f9e97b3) Importer(815301076,1909f56bfc062723c751e8b465ee728b) [PhysX] Initialized MultithreadedTaskDispatcher with 12 workers.
 -> (artifact id: '9c0c0de195ff92191912440f674d1367') in 0.008348 seconds
Number of updated asset objects reloaded before import = 0
Number of asset objects unloaded after import = 3
========================================================================
Received Import Request.
  Time since last request: 0.000028 seconds.
  path: Assets/Tiles/Ancient Forest 1.6/Tiles 4_46.asset
  artifactKey: Guid(b5406fdf38d8d6447b7d1ad4455c0350) Importer(815301076,1909f56bfc062723c751e8b465ee728b)
Start importing Assets/Tiles/Ancient Forest 1.6/Tiles 4_46.asset using Guid(b5406fdf38d8d6447b7d1ad4455c0350) Importer(815301076,1909f56bfc062723c751e8b465ee728b) [PhysX] Initialized MultithreadedTaskDispatcher with 12 workers.
 -> (artifact id: 'b3f679e86fb1002f5b7f1d25d2e0a6ba') in 0.010814 seconds
Number of updated asset objects reloaded before import = 0
Number of asset objects unloaded after import = 3
========================================================================
Received Import Request.
  Time since last request: 1.301367 seconds.
  path: Assets/Tiles/New Palette 1.prefab
  artifactKey: Guid(2ae5f8728f5103843a5a07f4b86c6869) Importer(815301076,1909f56bfc062723c751e8b465ee728b)
Start importing Assets/Tiles/New Palette 1.prefab using Guid(2ae5f8728f5103843a5a07f4b86c6869) Importer(815301076,1909f56bfc062723c751e8b465ee728b) [PhysX] Initialized MultithreadedTaskDispatcher with 12 workers.
[PhysX] Initialized MultithreadedTaskDispatcher with 12 workers.
 -> (artifact id: '044e74866c346e174756f95bee8420e1') in 0.047923 seconds
Number of updated asset objects reloaded before import = 0
Number of asset objects unloaded after import = 118
========================================================================
Received Import Request.
  Time since last request: 0.000027 seconds.
  path: Assets/Tiles/Tiles 4_29.asset
  artifactKey: Guid(f72c3c3b30edd164f871f3ae4e50f401) Importer(815301076,1909f56bfc062723c751e8b465ee728b)
Start importing Assets/Tiles/Tiles 4_29.asset using Guid(f72c3c3b30edd164f871f3ae4e50f401) Importer(815301076,1909f56bfc062723c751e8b465ee728b) [PhysX] Initialized MultithreadedTaskDispatcher with 12 workers.
 -> (artifact id: '186907f3fddd43549934364050c4e344') in 0.008775 seconds
Number of updated asset objects reloaded before import = 0
Number of asset objects unloaded after import = 3
========================================================================
Received Import Request.
  Time since last request: 0.000043 seconds.
  path: Assets/Tiles/Tiles 4_13.asset
  artifactKey: Guid(8f50e7e8ed0d78b4080c989dfb61478e) Importer(815301076,1909f56bfc062723c751e8b465ee728b)
Start importing Assets/Tiles/Tiles 4_13.asset using Guid(8f50e7e8ed0d78b4080c989dfb61478e) Importer(815301076,1909f56bfc062723c751e8b465ee728b) [PhysX] Initialized MultithreadedTaskDispatcher with 12 workers.
 -> (artifact id: '7d21111c95a608856c46af81d8e31e11') in 0.008925 seconds
Number of updated asset objects reloaded before import = 0
Number of asset objects unloaded after import = 3
========================================================================
Received Import Request.
  Time since last request: 0.000036 seconds.
  path: Assets/Tiles/Tiles 4_14.asset
  artifactKey: Guid(c3b861e69b531aa4388e0a72f25fc945) Importer(815301076,1909f56bfc062723c751e8b465ee728b)
Start importing Assets/Tiles/Tiles 4_14.asset using Guid(c3b861e69b531aa4388e0a72f25fc945) Importer(815301076,1909f56bfc062723c751e8b465ee728b) [PhysX] Initialized MultithreadedTaskDispatcher with 12 workers.
 -> (artifact id: '3444e53b5bd665d21ff695c8ab937bc8') in 0.007744 seconds
Number of updated asset objects reloaded before import = 0
Number of asset objects unloaded after import = 3
========================================================================
Received Import Request.
  Time since last request: 0.000024 seconds.
  path: Assets/Tiles/Tiles 4_9.asset
  artifactKey: Guid(320c35fef8a9ffa409ecce5aa074c597) Importer(815301076,1909f56bfc062723c751e8b465ee728b)
Start importing Assets/Tiles/Tiles 4_9.asset using Guid(320c35fef8a9ffa409ecce5aa074c597) Importer(815301076,1909f56bfc062723c751e8b465ee728b) [PhysX] Initialized MultithreadedTaskDispatcher with 12 workers.
 -> (artifact id: '8bdaeca467ea45622f072a7818882a74') in 0.021504 seconds
Number of updated asset objects reloaded before import = 0
Number of asset objects unloaded after import = 3
========================================================================
Received Import Request.
  Time since last request: 0.000032 seconds.
  path: Assets/Tiles/Tiles 4_23.asset
  artifactKey: Guid(1c2738a4fbc6e1f48b7d0b3baa8bd2b4) Importer(815301076,1909f56bfc062723c751e8b465ee728b)
Start importing Assets/Tiles/Tiles 4_23.asset using Guid(1c2738a4fbc6e1f48b7d0b3baa8bd2b4) Importer(815301076,1909f56bfc062723c751e8b465ee728b) [PhysX] Initialized MultithreadedTaskDispatcher with 12 workers.
 -> (artifact id: '5966b0aaac2fde8b26c65e4817315a57') in 0.009264 seconds
Number of updated asset objects reloaded before import = 0
Number of asset objects unloaded after import = 3
========================================================================
Received Import Request.
  Time since last request: 0.000028 seconds.
  path: Assets/Tiles/Tiles 4_24.asset
  artifactKey: Guid(bd5bf9ce0be8b34449483182ac805cf6) Importer(815301076,1909f56bfc062723c751e8b465ee728b)
Start importing Assets/Tiles/Tiles 4_24.asset using Guid(bd5bf9ce0be8b34449483182ac805cf6) Importer(815301076,1909f56bfc062723c751e8b465ee728b) [PhysX] Initialized MultithreadedTaskDispatcher with 12 workers.
 -> (artifact id: 'a2e859a23c2c3ed8f0a86628ff5f1eef') in 0.007679 seconds
Number of updated asset objects reloaded before import = 0
Number of asset objects unloaded after import = 3
========================================================================
Received Import Request.
  Time since last request: 0.000031 seconds.
  path: Assets/Tiles/Tiles 4_2.asset
  artifactKey: Guid(060f00908cc42ff4090777e83d8e3870) Importer(815301076,1909f56bfc062723c751e8b465ee728b)
Start importing Assets/Tiles/Tiles 4_2.asset using Guid(060f00908cc42ff4090777e83d8e3870) Importer(815301076,1909f56bfc062723c751e8b465ee728b) [PhysX] Initialized MultithreadedTaskDispatcher with 12 workers.
 -> (artifact id: '19a4ebb3c284ee02fd5658e5ecf90c35') in 0.007925 seconds
Number of updated asset objects reloaded before import = 0
Number of asset objects unloaded after import = 3
========================================================================
Received Import Request.
  Time since last request: 0.000037 seconds.
  path: Assets/Tiles/Tiles 4_10.asset
  artifactKey: Guid(3f3f7f60cbb2421419642c9ec2fe2404) Importer(815301076,1909f56bfc062723c751e8b465ee728b)
Start importing Assets/Tiles/Tiles 4_10.asset using Guid(3f3f7f60cbb2421419642c9ec2fe2404) Importer(815301076,1909f56bfc062723c751e8b465ee728b) [PhysX] Initialized MultithreadedTaskDispatcher with 12 workers.
 -> (artifact id: '34e76c2e2338d1579fa1aa2a126062ba') in 0.007918 seconds
Number of updated asset objects reloaded before import = 0
Number of asset objects unloaded after import = 3
========================================================================
Received Import Request.
  Time since last request: 0.000032 seconds.
  path: Assets/Tiles/Tiles 4_7.asset
  artifactKey: Guid(ee3baf3b27ee76c4d969ffafee8fd727) Importer(815301076,1909f56bfc062723c751e8b465ee728b)
Start importing Assets/Tiles/Tiles 4_7.asset using Guid(ee3baf3b27ee76c4d969ffafee8fd727) Importer(815301076,1909f56bfc062723c751e8b465ee728b) [PhysX] Initialized MultithreadedTaskDispatcher with 12 workers.
 -> (artifact id: '6de92ed595c6549b003e35f331f51eff') in 0.007661 seconds
Number of updated asset objects reloaded before import = 0
Number of asset objects unloaded after import = 3
========================================================================
Received Import Request.
  Time since last request: 0.000021 seconds.
  path: Assets/Tiles/Tiles 4_25.asset
  artifactKey: Guid(cc912288b607c2043a4a6dba4910ced5) Importer(815301076,1909f56bfc062723c751e8b465ee728b)
Start importing Assets/Tiles/Tiles 4_25.asset using Guid(cc912288b607c2043a4a6dba4910ced5) Importer(815301076,1909f56bfc062723c751e8b465ee728b) [PhysX] Initialized MultithreadedTaskDispatcher with 12 workers.
 -> (artifact id: '4a9e0c4a52d88bc62a82330de1fc0175') in 0.008727 seconds
Number of updated asset objects reloaded before import = 0
Number of asset objects unloaded after import = 3
========================================================================
Received Import Request.
  Time since last request: 0.000026 seconds.
  path: Assets/Tiles/Tiles 4_20.asset
  artifactKey: Guid(f897fa7b9b29d144fb6b6e1a2ac03a15) Importer(815301076,1909f56bfc062723c751e8b465ee728b)
Start importing Assets/Tiles/Tiles 4_20.asset using Guid(f897fa7b9b29d144fb6b6e1a2ac03a15) Importer(815301076,1909f56bfc062723c751e8b465ee728b) [PhysX] Initialized MultithreadedTaskDispatcher with 12 workers.
 -> (artifact id: '7f9d58d411a2f37c5e054530d3bff869') in 0.008530 seconds
Number of updated asset objects reloaded before import = 0
Number of asset objects unloaded after import = 3
========================================================================
Received Import Request.
  Time since last request: 0.000027 seconds.
  path: Assets/Tiles/Tiles 4_21.asset
  artifactKey: Guid(ed16d4078e3c4b741abc7c0fa29294c2) Importer(815301076,1909f56bfc062723c751e8b465ee728b)
Start importing Assets/Tiles/Tiles 4_21.asset using Guid(ed16d4078e3c4b741abc7c0fa29294c2) Importer(815301076,1909f56bfc062723c751e8b465ee728b) [PhysX] Initialized MultithreadedTaskDispatcher with 12 workers.
 -> (artifact id: '63a663c3fd35c551b465f912c5970325') in 0.009526 seconds
Number of updated asset objects reloaded before import = 0
Number of asset objects unloaded after import = 3
========================================================================
Received Import Request.
  Time since last request: 0.000021 seconds.
  path: Assets/Tiles/Tiles 4_5.asset
  artifactKey: Guid(d27122af93336cf479bf119e0aea5fcb) Importer(815301076,1909f56bfc062723c751e8b465ee728b)
Start importing Assets/Tiles/Tiles 4_5.asset using Guid(d27122af93336cf479bf119e0aea5fcb) Importer(815301076,1909f56bfc062723c751e8b465ee728b) [PhysX] Initialized MultithreadedTaskDispatcher with 12 workers.
 -> (artifact id: '1944ed11d1d86d8703dd230c120f009e') in 0.007994 seconds
Number of updated asset objects reloaded before import = 0
Number of asset objects unloaded after import = 3
========================================================================
Received Import Request.
  Time since last request: 0.000025 seconds.
  path: Assets/Tiles/Tiles 4_11.asset
  artifactKey: Guid(faac67c74167a07498bfac2f2113f1bd) Importer(815301076,1909f56bfc062723c751e8b465ee728b)
Start importing Assets/Tiles/Tiles 4_11.asset using Guid(faac67c74167a07498bfac2f2113f1bd) Importer(815301076,1909f56bfc062723c751e8b465ee728b) [PhysX] Initialized MultithreadedTaskDispatcher with 12 workers.
 -> (artifact id: '7b3e3da7508201e84a4b193b5bc90ec2') in 0.008067 seconds
Number of updated asset objects reloaded before import = 0
Number of asset objects unloaded after import = 3
========================================================================
Received Import Request.
  Time since last request: 0.000025 seconds.
  path: Assets/Tiles/Tiles 4_8.asset
  artifactKey: Guid(50466f0d6e59c7546b0c15965c08a23e) Importer(815301076,1909f56bfc062723c751e8b465ee728b)
Start importing Assets/Tiles/Tiles 4_8.asset using Guid(50466f0d6e59c7546b0c15965c08a23e) Importer(815301076,1909f56bfc062723c751e8b465ee728b) [PhysX] Initialized MultithreadedTaskDispatcher with 12 workers.
 -> (artifact id: '81f5e3cb5ca15095aee3b7fce2bcd70a') in 0.007664 seconds
Number of updated asset objects reloaded before import = 0
Number of asset objects unloaded after import = 3
========================================================================
Received Import Request.
  Time since last request: 0.000040 seconds.
  path: Assets/Tiles/Tiles 4_4.asset
  artifactKey: Guid(a8d87883761ccb8438918313e13eea66) Importer(815301076,1909f56bfc062723c751e8b465ee728b)
Start importing Assets/Tiles/Tiles 4_4.asset using Guid(a8d87883761ccb8438918313e13eea66) Importer(815301076,1909f56bfc062723c751e8b465ee728b) [PhysX] Initialized MultithreadedTaskDispatcher with 12 workers.
 -> (artifact id: '9175b890964a465ded07729d4ae3324b') in 0.007980 seconds
Number of updated asset objects reloaded before import = 0
Number of asset objects unloaded after import = 3
========================================================================
Received Import Request.
  Time since last request: 0.613781 seconds.
  path: Assets/Tiles/Tiles 4_34.asset
  artifactKey: Guid(5ccb6ead13a9c274596ca2701c06be89) Importer(815301076,1909f56bfc062723c751e8b465ee728b)
Start importing Assets/Tiles/Tiles 4_34.asset using Guid(5ccb6ead13a9c274596ca2701c06be89) Importer(815301076,1909f56bfc062723c751e8b465ee728b) [PhysX] Initialized MultithreadedTaskDispatcher with 12 workers.
 -> (artifact id: 'c73f87290fda03db96417de764052c0a') in 0.012174 seconds
Number of updated asset objects reloaded before import = 0
Number of asset objects unloaded after import = 3
========================================================================
Received Import Request.
  Time since last request: 0.000027 seconds.
  path: Assets/Tiles/Tiles 4_42.asset
  artifactKey: Guid(fb562b2d6b435dd42b2697ad6089911b) Importer(815301076,1909f56bfc062723c751e8b465ee728b)
Start importing Assets/Tiles/Tiles 4_42.asset using Guid(fb562b2d6b435dd42b2697ad6089911b) Importer(815301076,1909f56bfc062723c751e8b465ee728b) [PhysX] Initialized MultithreadedTaskDispatcher with 12 workers.
 -> (artifact id: '1f6ff6e7c50f715e5d73169d35f73d87') in 0.009720 seconds
Number of updated asset objects reloaded before import = 0
Number of asset objects unloaded after import = 3
========================================================================
Received Import Request.
  Time since last request: 0.000032 seconds.
  path: Assets/Tiles/Tiles 4_43.asset
  artifactKey: Guid(1d2daac4379e95443807c8e64d87e335) Importer(815301076,1909f56bfc062723c751e8b465ee728b)
Start importing Assets/Tiles/Tiles 4_43.asset using Guid(1d2daac4379e95443807c8e64d87e335) Importer(815301076,1909f56bfc062723c751e8b465ee728b) [PhysX] Initialized MultithreadedTaskDispatcher with 12 workers.
 -> (artifact id: '1edc303868ae2e82ce65452a03040c07') in 0.009680 seconds
Number of updated asset objects reloaded before import = 0
Number of asset objects unloaded after import = 3
========================================================================
Received Import Request.
  Time since last request: 0.000025 seconds.
  path: Assets/Tiles/Tiles 4_36.asset
  artifactKey: Guid(c381d916f2be2ca4d83f4d498ba6effc) Importer(815301076,1909f56bfc062723c751e8b465ee728b)
Start importing Assets/Tiles/Tiles 4_36.asset using Guid(c381d916f2be2ca4d83f4d498ba6effc) Importer(815301076,1909f56bfc062723c751e8b465ee728b) [PhysX] Initialized MultithreadedTaskDispatcher with 12 workers.
 -> (artifact id: 'bab709e053ed409baf3bc1f2a1d73cc2') in 0.007878 seconds
Number of updated asset objects reloaded before import = 0
Number of asset objects unloaded after import = 3
========================================================================
Received Import Request.
  Time since last request: 0.000025 seconds.
  path: Assets/Tiles/Tiles 4_41.asset
  artifactKey: Guid(89e7588ba1cfd374c950ebb3a2350b49) Importer(815301076,1909f56bfc062723c751e8b465ee728b)
Start importing Assets/Tiles/Tiles 4_41.asset using Guid(89e7588ba1cfd374c950ebb3a2350b49) Importer(815301076,1909f56bfc062723c751e8b465ee728b) [PhysX] Initialized MultithreadedTaskDispatcher with 12 workers.
 -> (artifact id: '2303ce68d26e1b79fe032c8b1cd75859') in 0.008398 seconds
Number of updated asset objects reloaded before import = 0
Number of asset objects unloaded after import = 3
========================================================================
Received Import Request.
  Time since last request: 0.000025 seconds.
  path: Assets/Tiles/Tiles 4_44.asset
  artifactKey: Guid(650a4ddc3675727469bdebdc40817664) Importer(815301076,1909f56bfc062723c751e8b465ee728b)
Start importing Assets/Tiles/Tiles 4_44.asset using Guid(650a4ddc3675727469bdebdc40817664) Importer(815301076,1909f56bfc062723c751e8b465ee728b) [PhysX] Initialized MultithreadedTaskDispatcher with 12 workers.
 -> (artifact id: 'd06a5a24f738452b1601b40818ec4451') in 0.020875 seconds
Number of updated asset objects reloaded before import = 0
Number of asset objects unloaded after import = 3
========================================================================
Received Import Request.
  Time since last request: 0.311953 seconds.
  path: Assets/Tiles/Tiles 4_46.asset
  artifactKey: Guid(a10c751d37d402d4fbad5a55cae527e2) Importer(815301076,1909f56bfc062723c751e8b465ee728b)
Start importing Assets/Tiles/Tiles 4_46.asset using Guid(a10c751d37d402d4fbad5a55cae527e2) Importer(815301076,1909f56bfc062723c751e8b465ee728b) [PhysX] Initialized MultithreadedTaskDispatcher with 12 workers.
 -> (artifact id: '088c5735e9f259f0721a988059390f91') in 0.009080 seconds
Number of updated asset objects reloaded before import = 0
Number of asset objects unloaded after import = 3
========================================================================
Received Import Request.
  Time since last request: 0.000030 seconds.
  path: Assets/Tiles/Tiles 4_54.asset
  artifactKey: Guid(1d087b79900fb7d4db6114eeb483f87b) Importer(815301076,1909f56bfc062723c751e8b465ee728b)
Start importing Assets/Tiles/Tiles 4_54.asset using Guid(1d087b79900fb7d4db6114eeb483f87b) Importer(815301076,1909f56bfc062723c751e8b465ee728b) [PhysX] Initialized MultithreadedTaskDispatcher with 12 workers.
 -> (artifact id: '2f662df839040c205bb887a2eeab3454') in 0.002978 seconds
Number of updated asset objects reloaded before import = 0
Number of asset objects unloaded after import = 1
========================================================================
Received Import Request.
  Time since last request: 0.000021 seconds.
  path: Assets/Tiles/Tiles 4_49.asset
  artifactKey: Guid(7acb1959716d4c940a1182d0d81e1503) Importer(815301076,1909f56bfc062723c751e8b465ee728b)
Start importing Assets/Tiles/Tiles 4_49.asset using Guid(7acb1959716d4c940a1182d0d81e1503) Importer(815301076,1909f56bfc062723c751e8b465ee728b) [PhysX] Initialized MultithreadedTaskDispatcher with 12 workers.
 -> (artifact id: '7cbe0ab4fd69c45e3990987c0f899ed2') in 0.006388 seconds
Number of updated asset objects reloaded before import = 0
Number of asset objects unloaded after import = 3
========================================================================
Received Import Request.
  Time since last request: 0.000029 seconds.
  path: Assets/Tiles/Tiles 4_51.asset
  artifactKey: Guid(ee9b5a2d88f495e449ac94f7c35def08) Importer(815301076,1909f56bfc062723c751e8b465ee728b)
Start importing Assets/Tiles/Tiles 4_51.asset using Guid(ee9b5a2d88f495e449ac94f7c35def08) Importer(815301076,1909f56bfc062723c751e8b465ee728b) [PhysX] Initialized MultithreadedTaskDispatcher with 12 workers.
 -> (artifact id: 'c78c3061f99151c5d6dfe118d61396df') in 0.004145 seconds
Number of updated asset objects reloaded before import = 0
Number of asset objects unloaded after import = 1
========================================================================
Received Import Request.
  Time since last request: 0.000023 seconds.
  path: Assets/Tiles/Tiles 4_56.asset
  artifactKey: Guid(bc878e8844735ce45a81f47b9f5f66ff) Importer(815301076,1909f56bfc062723c751e8b465ee728b)
Start importing Assets/Tiles/Tiles 4_56.asset using Guid(bc878e8844735ce45a81f47b9f5f66ff) Importer(815301076,1909f56bfc062723c751e8b465ee728b) [PhysX] Initialized MultithreadedTaskDispatcher with 12 workers.
 -> (artifact id: '67c13752c278a5ac018aff08752309b4') in 0.003075 seconds
Number of updated asset objects reloaded before import = 0
Number of asset objects unloaded after import = 1
========================================================================
Received Import Request.
  Time since last request: 0.000020 seconds.
  path: Assets/Tiles/Tiles 4_52.asset
  artifactKey: Guid(4c7c40c11e62c4c4d984407d6911c714) Importer(815301076,1909f56bfc062723c751e8b465ee728b)
Start importing Assets/Tiles/Tiles 4_52.asset using Guid(4c7c40c11e62c4c4d984407d6911c714) Importer(815301076,1909f56bfc062723c751e8b465ee728b) [PhysX] Initialized MultithreadedTaskDispatcher with 12 workers.
 -> (artifact id: 'c1fc788808c861f6f5fab8bec139e410') in 0.003383 seconds
Number of updated asset objects reloaded before import = 0
Number of asset objects unloaded after import = 1
========================================================================
Received Import Request.
  Time since last request: 9.296868 seconds.
  path: Assets/Scripts/Item.cs
  artifactKey: Guid(d63734103d2041f4e8445b867f591877) Importer(815301076,1909f56bfc062723c751e8b465ee728b)
Start importing Assets/Scripts/Item.cs using Guid(d63734103d2041f4e8445b867f591877) Importer(815301076,1909f56bfc062723c751e8b465ee728b) [PhysX] Initialized MultithreadedTaskDispatcher with 12 workers.
 -> (artifact id: '2e0067b7696641bce108399796479cdb') in 0.000525 seconds
Number of updated asset objects reloaded before import = 0
Number of asset objects unloaded after import = 0
========================================================================
Received Prepare
Caller must complete domain reload
Begin MonoManager ReloadAssembly
- Loaded All Assemblies, in  1.067 seconds
Native extension for WindowsStandalone target not found
Native extension for Android target not found
Mono: successfully reloaded assembly
- Finished resetting the current domain, in  1.984 seconds
Domain Reload Profiling: 3050ms
	BeginReloadAssembly (289ms)
		ExecutionOrderSort (0ms)
		DisableScriptedObjects (25ms)
		BackupInstance (0ms)
		ReleaseScriptingObjects (0ms)
		CreateAndSetChildDomain (60ms)
	RebuildCommonClasses (79ms)
	RebuildNativeTypeToScriptingClass (32ms)
	initialDomainReloadingComplete (177ms)
	LoadAllAssembliesAndSetupDomain (488ms)
		LoadAssemblies (620ms)
		RebuildTransferFunctionScriptingTraits (0ms)
		AnalyzeDomain (25ms)
			TypeCache.Refresh (9ms)
				TypeCache.ScanAssembly (0ms)
			ScanForSourceGeneratedMonoScriptInfo (0ms)
			ResolveRequiredComponents (14ms)
	FinalizeReload (1986ms)
		ReleaseScriptCaches (0ms)
		RebuildScriptCaches (0ms)
		SetupLoadedEditorAssemblies (875ms)
			LogAssemblyErrors (0ms)
			InitializePlatformSupportModulesInManaged (28ms)
			SetLoadedEditorAssemblies (7ms)
			RefreshPlugins (0ms)
			BeforeProcessingInitializeOnLoad (117ms)
			ProcessInitializeOnLoadAttributes (652ms)
			ProcessInitializeOnLoadMethodAttributes (65ms)
			AfterProcessingInitializeOnLoad (6ms)
			EditorAssembliesLoaded (1ms)
		ExecutionOrderSort2 (0ms)
		AwakeInstancesAfterBackupRestoration (28ms)
Refreshing native plugins compatible for Editor in 4.99 ms, found 4 plugins.
Preloading 0 native plugins for Editor in 0.00 ms.
Unloading 4282 Unused Serialized files (Serialized files now loaded: 0)
Unloading 38 unused Assets / (0.9 MB). Loaded Objects now: 6081.
Memory consumption went from 154.3 MB to 153.4 MB.
Total: 5.675000 ms (FindLiveObjects: 0.648700 ms CreateObjectMapping: 0.226300 ms MarkObjects: 4.028900 ms  DeleteObjects: 0.770000 ms)

Prepare: number of updated asset objects reloaded= 0
AssetImportParameters requested are different than current active one (requested -> active):
  custom:container-demuxer-ogg: 62fdf1f143b41e24485cea50d1cbac27 -> 
  custom:video-decoder-ogg-theora: a1e56fd34408186e4bbccfd4996cb3dc -> 
  custom:framework-win-MediaFoundation: 216162199b28c13a410421893ffa2e32 -> 
  custom:scripting/monoscript/fileName/InventoryUI.cs: a51eed18ec49e69d87a737edf5ea607f -> 
  custom:CustomObjectIndexerAttribute: 9a22284fe3817be447336de3de66b15e -> 
  custom:scripting/monoscript/fileName/PauseManager.cs: 0396bd8b7e1a9bd823e7dab64ce9caf2 -> 
  custom:scripting/monoscript/fileName/UIManager.cs: 619f5747dc184f3577c898ec321c40d4 -> 
  custom:scripting/monoscript/fileName/Inventory.cs: 9e763594ef7e0ab7d608bf03e4de17b5 -> 8040a54c9928a06ca68d2588af0de046
  custom:container-demuxer-webm: 4f35f7cbe854078d1ac9338744f61a02 -> 
  custom:scripting/monoscript/fileName/Door.cs: 06c8567cd8937d8d56232f3de9b2d377 -> 89da75c00dd875a160d70ad71da9a2a1
  custom:container-muxer-webm: aa71ff27fc2769a1b78a27578f13a17b -> 
  custom:video-decoder-webm-vp8: 9c59270c3fd7afecdb556c50c9e8de78 -> 
  custom:SearchIndexIgnoredProperties: e643bd26f0fe6173181afceb89e7c659 -> 
  custom:AudioImporter_EditorPlatform: d09bf68614088b80899f8185d706f6e7 -> 
  custom:scripting/monoscript/fileName/PickupItem.cs: d1c0b8648b7d22ff1c12f52229084f6a -> 71d901a7943673c26b0527ad8f269cee
  custom:scripting/monoscript/fileName/Room.cs: d1c87f5a00c96902b5884b56b22265d6 -> 80712595f8242fc9e86128d3188cd0f1
  custom:scripting/monoscript/fileName/RoomManager.cs: 70017efd1ccd640cc235ecbd5526ad30 -> 579c8f6d2c175182baea4cac812896a0
  custom:video-encoder-webm-vp8: eb34c28f22e8b96e1ab97ce403110664 -> 
  custom:audio-decoder-ogg-vorbis: bf7c407c2cedff20999df2af8eb42d56 -> 
  custom:scripting/monoscript/fileName/Item.cs: c2b7fc65fe255f985743270ca947d8ec -> edfd25bbe8f561e55c7415f9c3adacfe
  custom:scripting/monoscript/fileName/PlayerMovement.cs: 5c1499cfc43e291157e191fb54bb34f9 -> 42480eed24e61f9d7e7e895933644f96
  custom:audio-encoder-webm-vorbis: bf7c407c2cedff20999df2af8eb42d56 -> 
  custom:scripting/precompiled-assembly-types:Assembly-CSharp: 78ed69d2dae625d2669ac29421a95a9c -> bc112aba0faabf23127df56d2c562dad
========================================================================
Received Prepare
Caller must complete domain reload
Begin MonoManager ReloadAssembly
- Loaded All Assemblies, in  0.678 seconds
Native extension for WindowsStandalone target not found
Native extension for Android target not found
Mono: successfully reloaded assembly
- Finished resetting the current domain, in  1.643 seconds
Domain Reload Profiling: 2319ms
	BeginReloadAssembly (250ms)
		ExecutionOrderSort (0ms)
		DisableScriptedObjects (18ms)
		BackupInstance (0ms)
		ReleaseScriptingObjects (0ms)
		CreateAndSetChildDomain (50ms)
	RebuildCommonClasses (51ms)
	RebuildNativeTypeToScriptingClass (26ms)
	initialDomainReloadingComplete (40ms)
	LoadAllAssembliesAndSetupDomain (308ms)
		LoadAssemblies (427ms)
		RebuildTransferFunctionScriptingTraits (0ms)
		AnalyzeDomain (19ms)
			TypeCache.Refresh (7ms)
				TypeCache.ScanAssembly (0ms)
			ScanForSourceGeneratedMonoScriptInfo (0ms)
			ResolveRequiredComponents (10ms)
	FinalizeReload (1644ms)
		ReleaseScriptCaches (0ms)
		RebuildScriptCaches (0ms)
		SetupLoadedEditorAssemblies (737ms)
			LogAssemblyErrors (0ms)
			InitializePlatformSupportModulesInManaged (25ms)
			SetLoadedEditorAssemblies (6ms)
			RefreshPlugins (0ms)
			BeforeProcessingInitializeOnLoad (106ms)
			ProcessInitializeOnLoadAttributes (537ms)
			ProcessInitializeOnLoadMethodAttributes (57ms)
			AfterProcessingInitializeOnLoad (5ms)
			EditorAssembliesLoaded (0ms)
		ExecutionOrderSort2 (0ms)
		AwakeInstancesAfterBackupRestoration (20ms)
Refreshing native plugins compatible for Editor in 6.02 ms, found 4 plugins.
Preloading 0 native plugins for Editor in 0.00 ms.
Unloading 4283 Unused Serialized files (Serialized files now loaded: 0)
Unloading 38 unused Assets / (0.9 MB). Loaded Objects now: 6098.
Memory consumption went from 154.6 MB to 153.7 MB.
Total: 5.650000 ms (FindLiveObjects: 0.683200 ms CreateObjectMapping: 0.446300 ms MarkObjects: 3.804900 ms  DeleteObjects: 0.714100 ms)

Prepare: number of updated asset objects reloaded= 0
AssetImportParameters requested are different than current active one (requested -> active):
  custom:container-demuxer-ogg: 62fdf1f143b41e24485cea50d1cbac27 -> 
  custom:video-decoder-ogg-theora: a1e56fd34408186e4bbccfd4996cb3dc -> 
  custom:framework-win-MediaFoundation: 216162199b28c13a410421893ffa2e32 -> 
  custom:scripting/monoscript/fileName/InventoryUI.cs: a51eed18ec49e69d87a737edf5ea607f -> 
  custom:CustomObjectIndexerAttribute: 9a22284fe3817be447336de3de66b15e -> 
  custom:scripting/monoscript/fileName/PauseManager.cs: 0396bd8b7e1a9bd823e7dab64ce9caf2 -> 
  custom:scripting/monoscript/fileName/UIManager.cs: 619f5747dc184f3577c898ec321c40d4 -> 
  custom:scripting/monoscript/fileName/Inventory.cs: 9e763594ef7e0ab7d608bf03e4de17b5 -> 8040a54c9928a06ca68d2588af0de046
  custom:container-demuxer-webm: 4f35f7cbe854078d1ac9338744f61a02 -> 
  custom:scripting/monoscript/fileName/Door.cs: 06c8567cd8937d8d56232f3de9b2d377 -> 89da75c00dd875a160d70ad71da9a2a1
  custom:container-muxer-webm: aa71ff27fc2769a1b78a27578f13a17b -> 
  custom:video-decoder-webm-vp8: 9c59270c3fd7afecdb556c50c9e8de78 -> 
  custom:SearchIndexIgnoredProperties: e643bd26f0fe6173181afceb89e7c659 -> 
  custom:AudioImporter_EditorPlatform: d09bf68614088b80899f8185d706f6e7 -> 
  custom:scripting/monoscript/fileName/PickupItem.cs: d1c0b8648b7d22ff1c12f52229084f6a -> 71d901a7943673c26b0527ad8f269cee
  custom:scripting/monoscript/fileName/Room.cs: d1c87f5a00c96902b5884b56b22265d6 -> 80712595f8242fc9e86128d3188cd0f1
  custom:scripting/monoscript/fileName/RoomManager.cs: 70017efd1ccd640cc235ecbd5526ad30 -> 579c8f6d2c175182baea4cac812896a0
  custom:video-encoder-webm-vp8: eb34c28f22e8b96e1ab97ce403110664 -> 
  custom:audio-decoder-ogg-vorbis: bf7c407c2cedff20999df2af8eb42d56 -> 
  custom:scripting/monoscript/fileName/Item.cs: c2b7fc65fe255f985743270ca947d8ec -> edfd25bbe8f561e55c7415f9c3adacfe
  custom:scripting/monoscript/fileName/PlayerMovement.cs: 5c1499cfc43e291157e191fb54bb34f9 -> 42480eed24e61f9d7e7e895933644f96
  custom:audio-encoder-webm-vorbis: bf7c407c2cedff20999df2af8eb42d56 -> 
  custom:scripting/precompiled-assembly-types:Assembly-CSharp: 78ed69d2dae625d2669ac29421a95a9c -> bc112aba0faabf23127df56d2c562dad
========================================================================
Received Import Request.
  Time since last request: 137.502897 seconds.
  path: Packages/com.unity.2d.sprite/Editor/ObjectMenuCreation/DefaultAssets/Textures/v2/Square.png
  artifactKey: Guid(311925a002f4447b3a28927169b83ea6) Importer(815301076,1909f56bfc062723c751e8b465ee728b)
Start importing Packages/com.unity.2d.sprite/Editor/ObjectMenuCreation/DefaultAssets/Textures/v2/Square.png using Guid(311925a002f4447b3a28927169b83ea6) Importer(815301076,1909f56bfc062723c751e8b465ee728b) [PhysX] Initialized MultithreadedTaskDispatcher with 12 workers.
[PhysX] Initialized MultithreadedTaskDispatcher with 12 workers.
 -> (artifact id: 'c54223a076f8120d9a80fb3fad448f25') in 0.105041 seconds
Number of updated asset objects reloaded before import = 0
Number of asset objects unloaded after import = 3
========================================================================
Received Prepare
Caller must complete domain reload
Begin MonoManager ReloadAssembly
- Loaded All Assemblies, in  0.717 seconds
Native extension for WindowsStandalone target not found
Native extension for Android target not found
Mono: successfully reloaded assembly
- Finished resetting the current domain, in  1.877 seconds
Domain Reload Profiling: 2593ms
	BeginReloadAssembly (239ms)
		ExecutionOrderSort (0ms)
		DisableScriptedObjects (15ms)
		BackupInstance (0ms)
		ReleaseScriptingObjects (0ms)
		CreateAndSetChildDomain (47ms)
	RebuildCommonClasses (60ms)
	RebuildNativeTypeToScriptingClass (27ms)
	initialDomainReloadingComplete (51ms)
	LoadAllAssembliesAndSetupDomain (338ms)
		LoadAssemblies (455ms)
		RebuildTransferFunctionScriptingTraits (0ms)
		AnalyzeDomain (21ms)
			TypeCache.Refresh (7ms)
				TypeCache.ScanAssembly (0ms)
			ScanForSourceGeneratedMonoScriptInfo (0ms)
			ResolveRequiredComponents (12ms)
	FinalizeReload (1878ms)
		ReleaseScriptCaches (0ms)
		RebuildScriptCaches (0ms)
		SetupLoadedEditorAssemblies (753ms)
			LogAssemblyErrors (0ms)
			InitializePlatformSupportModulesInManaged (25ms)
			SetLoadedEditorAssemblies (7ms)
			RefreshPlugins (0ms)
			BeforeProcessingInitializeOnLoad (116ms)
			ProcessInitializeOnLoadAttributes (550ms)
			ProcessInitializeOnLoadMethodAttributes (50ms)
			AfterProcessingInitializeOnLoad (5ms)
			EditorAssembliesLoaded (1ms)
		ExecutionOrderSort2 (0ms)
		AwakeInstancesAfterBackupRestoration (21ms)
Refreshing native plugins compatible for Editor in 6.35 ms, found 4 plugins.
Preloading 0 native plugins for Editor in 0.00 ms.
Unloading 4282 Unused Serialized files (Serialized files now loaded: 0)
Unloading 38 unused Assets / (0.9 MB). Loaded Objects now: 6116.
Memory consumption went from 154.4 MB to 153.4 MB.
Total: 9.176700 ms (FindLiveObjects: 0.859200 ms CreateObjectMapping: 0.538300 ms MarkObjects: 6.895800 ms  DeleteObjects: 0.881400 ms)

Prepare: number of updated asset objects reloaded= 0
AssetImportParameters requested are different than current active one (requested -> active):
  custom:container-demuxer-ogg: 62fdf1f143b41e24485cea50d1cbac27 -> 
  custom:video-decoder-ogg-theora: a1e56fd34408186e4bbccfd4996cb3dc -> 
  custom:framework-win-MediaFoundation: 216162199b28c13a410421893ffa2e32 -> 
  custom:scripting/monoscript/fileName/InventoryUI.cs: a51eed18ec49e69d87a737edf5ea607f -> 
  custom:CustomObjectIndexerAttribute: 9a22284fe3817be447336de3de66b15e -> 
  custom:scripting/monoscript/fileName/PauseManager.cs: 0396bd8b7e1a9bd823e7dab64ce9caf2 -> 
  custom:scripting/monoscript/fileName/UIManager.cs: 619f5747dc184f3577c898ec321c40d4 -> 
  custom:scripting/monoscript/fileName/Inventory.cs: 9e763594ef7e0ab7d608bf03e4de17b5 -> 8040a54c9928a06ca68d2588af0de046
  custom:container-demuxer-webm: 4f35f7cbe854078d1ac9338744f61a02 -> 
  custom:scripting/monoscript/fileName/Door.cs: 06c8567cd8937d8d56232f3de9b2d377 -> 89da75c00dd875a160d70ad71da9a2a1
  custom:container-muxer-webm: aa71ff27fc2769a1b78a27578f13a17b -> 
  custom:video-decoder-webm-vp8: 9c59270c3fd7afecdb556c50c9e8de78 -> 
  custom:SearchIndexIgnoredProperties: e643bd26f0fe6173181afceb89e7c659 -> 
  custom:AudioImporter_EditorPlatform: d09bf68614088b80899f8185d706f6e7 -> 
  custom:scripting/monoscript/fileName/PickupItem.cs: d1c0b8648b7d22ff1c12f52229084f6a -> 71d901a7943673c26b0527ad8f269cee
  custom:scripting/monoscript/fileName/Room.cs: d1c87f5a00c96902b5884b56b22265d6 -> 80712595f8242fc9e86128d3188cd0f1
  custom:scripting/monoscript/fileName/RoomManager.cs: 70017efd1ccd640cc235ecbd5526ad30 -> 579c8f6d2c175182baea4cac812896a0
  custom:video-encoder-webm-vp8: eb34c28f22e8b96e1ab97ce403110664 -> 
  custom:audio-decoder-ogg-vorbis: bf7c407c2cedff20999df2af8eb42d56 -> 
  custom:scripting/monoscript/fileName/Item.cs: c2b7fc65fe255f985743270ca947d8ec -> edfd25bbe8f561e55c7415f9c3adacfe
  custom:scripting/monoscript/fileName/PlayerMovement.cs: 5c1499cfc43e291157e191fb54bb34f9 -> 42480eed24e61f9d7e7e895933644f96
  custom:audio-encoder-webm-vorbis: bf7c407c2cedff20999df2af8eb42d56 -> 
  custom:scripting/precompiled-assembly-types:Assembly-CSharp: 78ed69d2dae625d2669ac29421a95a9c -> bc112aba0faabf23127df56d2c562dad
========================================================================
Received Prepare
Caller must complete domain reload
Begin MonoManager ReloadAssembly
- Loaded All Assemblies, in  0.728 seconds
Native extension for WindowsStandalone target not found
Native extension for Android target not found
Mono: successfully reloaded assembly
- Finished resetting the current domain, in  1.700 seconds
Domain Reload Profiling: 2428ms
	BeginReloadAssembly (277ms)
		ExecutionOrderSort (0ms)
		DisableScriptedObjects (17ms)
		BackupInstance (0ms)
		ReleaseScriptingObjects (0ms)
		CreateAndSetChildDomain (51ms)
	RebuildCommonClasses (69ms)
	RebuildNativeTypeToScriptingClass (17ms)
	initialDomainReloadingComplete (49ms)
	LoadAllAssembliesAndSetupDomain (315ms)
		LoadAssemblies (463ms)
		RebuildTransferFunctionScriptingTraits (0ms)
		AnalyzeDomain (24ms)
			TypeCache.Refresh (9ms)
				TypeCache.ScanAssembly (0ms)
			ScanForSourceGeneratedMonoScriptInfo (0ms)
			ResolveRequiredComponents (12ms)
	FinalizeReload (1701ms)
		ReleaseScriptCaches (0ms)
		RebuildScriptCaches (0ms)
		SetupLoadedEditorAssemblies (803ms)
			LogAssemblyErrors (0ms)
			InitializePlatformSupportModulesInManaged (27ms)
			SetLoadedEditorAssemblies (5ms)
			RefreshPlugins (0ms)
			BeforeProcessingInitializeOnLoad (143ms)
			ProcessInitializeOnLoadAttributes (568ms)
			ProcessInitializeOnLoadMethodAttributes (55ms)
			AfterProcessingInitializeOnLoad (4ms)
			EditorAssembliesLoaded (0ms)
		ExecutionOrderSort2 (0ms)
		AwakeInstancesAfterBackupRestoration (22ms)
Refreshing native plugins compatible for Editor in 5.57 ms, found 4 plugins.
Preloading 0 native plugins for Editor in 0.00 ms.
Unloading 4283 Unused Serialized files (Serialized files now loaded: 0)
Unloading 38 unused Assets / (0.9 MB). Loaded Objects now: 6133.
Memory consumption went from 154.6 MB to 153.7 MB.
Total: 5.535500 ms (FindLiveObjects: 0.576300 ms CreateObjectMapping: 0.182800 ms MarkObjects: 4.111500 ms  DeleteObjects: 0.663200 ms)

Prepare: number of updated asset objects reloaded= 0
AssetImportParameters requested are different than current active one (requested -> active):
  custom:container-demuxer-ogg: 62fdf1f143b41e24485cea50d1cbac27 -> 
  custom:video-decoder-ogg-theora: a1e56fd34408186e4bbccfd4996cb3dc -> 
  custom:framework-win-MediaFoundation: 216162199b28c13a410421893ffa2e32 -> 
  custom:scripting/monoscript/fileName/InventoryUI.cs: a51eed18ec49e69d87a737edf5ea607f -> 
  custom:CustomObjectIndexerAttribute: 9a22284fe3817be447336de3de66b15e -> 
  custom:scripting/monoscript/fileName/PauseManager.cs: 0396bd8b7e1a9bd823e7dab64ce9caf2 -> 
  custom:scripting/monoscript/fileName/UIManager.cs: 619f5747dc184f3577c898ec321c40d4 -> 
  custom:scripting/monoscript/fileName/Inventory.cs: 9e763594ef7e0ab7d608bf03e4de17b5 -> 8040a54c9928a06ca68d2588af0de046
  custom:container-demuxer-webm: 4f35f7cbe854078d1ac9338744f61a02 -> 
  custom:scripting/monoscript/fileName/Door.cs: 06c8567cd8937d8d56232f3de9b2d377 -> 89da75c00dd875a160d70ad71da9a2a1
  custom:container-muxer-webm: aa71ff27fc2769a1b78a27578f13a17b -> 
  custom:video-decoder-webm-vp8: 9c59270c3fd7afecdb556c50c9e8de78 -> 
  custom:SearchIndexIgnoredProperties: e643bd26f0fe6173181afceb89e7c659 -> 
  custom:AudioImporter_EditorPlatform: d09bf68614088b80899f8185d706f6e7 -> 
  custom:scripting/monoscript/fileName/PickupItem.cs: d1c0b8648b7d22ff1c12f52229084f6a -> 71d901a7943673c26b0527ad8f269cee
  custom:scripting/monoscript/fileName/Room.cs: d1c87f5a00c96902b5884b56b22265d6 -> 80712595f8242fc9e86128d3188cd0f1
  custom:scripting/monoscript/fileName/RoomManager.cs: 70017efd1ccd640cc235ecbd5526ad30 -> 579c8f6d2c175182baea4cac812896a0
  custom:video-encoder-webm-vp8: eb34c28f22e8b96e1ab97ce403110664 -> 
  custom:audio-decoder-ogg-vorbis: bf7c407c2cedff20999df2af8eb42d56 -> 
  custom:scripting/monoscript/fileName/Item.cs: c2b7fc65fe255f985743270ca947d8ec -> edfd25bbe8f561e55c7415f9c3adacfe
  custom:scripting/monoscript/fileName/PlayerMovement.cs: 5c1499cfc43e291157e191fb54bb34f9 -> 42480eed24e61f9d7e7e895933644f96
  custom:audio-encoder-webm-vorbis: bf7c407c2cedff20999df2af8eb42d56 -> 
  custom:scripting/precompiled-assembly-types:Assembly-CSharp: 78ed69d2dae625d2669ac29421a95a9c -> bc112aba0faabf23127df56d2c562dad
========================================================================
Received Prepare
Caller must complete domain reload
Begin MonoManager ReloadAssembly
- Loaded All Assemblies, in  0.700 seconds
Native extension for WindowsStandalone target not found
Native extension for Android target not found
Mono: successfully reloaded assembly
- Finished resetting the current domain, in  1.678 seconds
Domain Reload Profiling: 2376ms
	BeginReloadAssembly (230ms)
		ExecutionOrderSort (0ms)
		DisableScriptedObjects (18ms)
		BackupInstance (0ms)
		ReleaseScriptingObjects (0ms)
		CreateAndSetChildDomain (45ms)
	RebuildCommonClasses (61ms)
	RebuildNativeTypeToScriptingClass (19ms)
	initialDomainReloadingComplete (41ms)
	LoadAllAssembliesAndSetupDomain (345ms)
		LoadAssemblies (451ms)
		RebuildTransferFunctionScriptingTraits (0ms)
		AnalyzeDomain (21ms)
			TypeCache.Refresh (7ms)
				TypeCache.ScanAssembly (0ms)
			ScanForSourceGeneratedMonoScriptInfo (0ms)
			ResolveRequiredComponents (12ms)
	FinalizeReload (1679ms)
		ReleaseScriptCaches (0ms)
		RebuildScriptCaches (0ms)
		SetupLoadedEditorAssemblies (713ms)
			LogAssemblyErrors (0ms)
			InitializePlatformSupportModulesInManaged (23ms)
			SetLoadedEditorAssemblies (6ms)
			RefreshPlugins (0ms)
			BeforeProcessingInitializeOnLoad (99ms)
			ProcessInitializeOnLoadAttributes (520ms)
			ProcessInitializeOnLoadMethodAttributes (58ms)
			AfterProcessingInitializeOnLoad (6ms)
			EditorAssembliesLoaded (1ms)
		ExecutionOrderSort2 (0ms)
		AwakeInstancesAfterBackupRestoration (20ms)
Refreshing native plugins compatible for Editor in 5.52 ms, found 4 plugins.
Preloading 0 native plugins for Editor in 0.00 ms.
Unloading 4283 Unused Serialized files (Serialized files now loaded: 0)
Unloading 38 unused Assets / (0.9 MB). Loaded Objects now: 6150.
Memory consumption went from 154.7 MB to 153.7 MB.
Total: 5.491800 ms (FindLiveObjects: 0.654700 ms CreateObjectMapping: 0.259600 ms MarkObjects: 3.920400 ms  DeleteObjects: 0.655600 ms)

Prepare: number of updated asset objects reloaded= 0
AssetImportParameters requested are different than current active one (requested -> active):
  custom:container-demuxer-ogg: 62fdf1f143b41e24485cea50d1cbac27 -> 
  custom:video-decoder-ogg-theora: a1e56fd34408186e4bbccfd4996cb3dc -> 
  custom:framework-win-MediaFoundation: 216162199b28c13a410421893ffa2e32 -> 
  custom:scripting/monoscript/fileName/InventoryUI.cs: a51eed18ec49e69d87a737edf5ea607f -> 
  custom:CustomObjectIndexerAttribute: 9a22284fe3817be447336de3de66b15e -> 
  custom:scripting/monoscript/fileName/PauseManager.cs: 0396bd8b7e1a9bd823e7dab64ce9caf2 -> 
  custom:scripting/monoscript/fileName/UIManager.cs: 619f5747dc184f3577c898ec321c40d4 -> 
  custom:scripting/monoscript/fileName/Inventory.cs: 9e763594ef7e0ab7d608bf03e4de17b5 -> 8040a54c9928a06ca68d2588af0de046
  custom:container-demuxer-webm: 4f35f7cbe854078d1ac9338744f61a02 -> 
  custom:scripting/monoscript/fileName/Door.cs: 06c8567cd8937d8d56232f3de9b2d377 -> 89da75c00dd875a160d70ad71da9a2a1
  custom:container-muxer-webm: aa71ff27fc2769a1b78a27578f13a17b -> 
  custom:video-decoder-webm-vp8: 9c59270c3fd7afecdb556c50c9e8de78 -> 
  custom:SearchIndexIgnoredProperties: e643bd26f0fe6173181afceb89e7c659 -> 
  custom:AudioImporter_EditorPlatform: d09bf68614088b80899f8185d706f6e7 -> 
  custom:scripting/monoscript/fileName/PickupItem.cs: d1c0b8648b7d22ff1c12f52229084f6a -> 71d901a7943673c26b0527ad8f269cee
  custom:scripting/monoscript/fileName/Room.cs: d1c87f5a00c96902b5884b56b22265d6 -> 80712595f8242fc9e86128d3188cd0f1
  custom:scripting/monoscript/fileName/RoomManager.cs: 70017efd1ccd640cc235ecbd5526ad30 -> 579c8f6d2c175182baea4cac812896a0
  custom:video-encoder-webm-vp8: eb34c28f22e8b96e1ab97ce403110664 -> 
  custom:audio-decoder-ogg-vorbis: bf7c407c2cedff20999df2af8eb42d56 -> 
  custom:scripting/monoscript/fileName/Item.cs: c2b7fc65fe255f985743270ca947d8ec -> edfd25bbe8f561e55c7415f9c3adacfe
  custom:scripting/monoscript/fileName/PlayerMovement.cs: 5c1499cfc43e291157e191fb54bb34f9 -> 42480eed24e61f9d7e7e895933644f96
  custom:audio-encoder-webm-vorbis: bf7c407c2cedff20999df2af8eb42d56 -> 
  custom:scripting/precompiled-assembly-types:Assembly-CSharp: 78ed69d2dae625d2669ac29421a95a9c -> bc112aba0faabf23127df56d2c562dad
========================================================================
Received Prepare
Caller must complete domain reload
Begin MonoManager ReloadAssembly
- Loaded All Assemblies, in  0.675 seconds
Native extension for WindowsStandalone target not found
Native extension for Android target not found
Mono: successfully reloaded assembly
- Finished resetting the current domain, in  1.816 seconds
Domain Reload Profiling: 2490ms
	BeginReloadAssembly (229ms)
		ExecutionOrderSort (0ms)
		DisableScriptedObjects (18ms)
		BackupInstance (0ms)
		ReleaseScriptingObjects (0ms)
		CreateAndSetChildDomain (43ms)
	RebuildCommonClasses (56ms)
	RebuildNativeTypeToScriptingClass (19ms)
	initialDomainReloadingComplete (46ms)
	LoadAllAssembliesAndSetupDomain (324ms)
		LoadAssemblies (436ms)
		RebuildTransferFunctionScriptingTraits (0ms)
		AnalyzeDomain (20ms)
			TypeCache.Refresh (7ms)
				TypeCache.ScanAssembly (0ms)
			ScanForSourceGeneratedMonoScriptInfo (0ms)
			ResolveRequiredComponents (11ms)
	FinalizeReload (1816ms)
		ReleaseScriptCaches (0ms)
		RebuildScriptCaches (0ms)
		SetupLoadedEditorAssemblies (782ms)
			LogAssemblyErrors (0ms)
			InitializePlatformSupportModulesInManaged (25ms)
			SetLoadedEditorAssemblies (4ms)
			RefreshPlugins (0ms)
			BeforeProcessingInitializeOnLoad (113ms)
			ProcessInitializeOnLoadAttributes (577ms)
			ProcessInitializeOnLoadMethodAttributes (55ms)
			AfterProcessingInitializeOnLoad (7ms)
			EditorAssembliesLoaded (1ms)
		ExecutionOrderSort2 (0ms)
		AwakeInstancesAfterBackupRestoration (23ms)
Refreshing native plugins compatible for Editor in 6.82 ms, found 4 plugins.
Preloading 0 native plugins for Editor in 0.00 ms.
Unloading 4283 Unused Serialized files (Serialized files now loaded: 0)
Unloading 38 unused Assets / (0.9 MB). Loaded Objects now: 6167.
Memory consumption went from 154.7 MB to 153.7 MB.
Total: 6.829100 ms (FindLiveObjects: 0.662900 ms CreateObjectMapping: 0.421400 ms MarkObjects: 5.033800 ms  DeleteObjects: 0.709600 ms)

Prepare: number of updated asset objects reloaded= 0
AssetImportParameters requested are different than current active one (requested -> active):
  custom:container-demuxer-ogg: 62fdf1f143b41e24485cea50d1cbac27 -> 
  custom:video-decoder-ogg-theora: a1e56fd34408186e4bbccfd4996cb3dc -> 
  custom:framework-win-MediaFoundation: 216162199b28c13a410421893ffa2e32 -> 
  custom:scripting/monoscript/fileName/InventoryUI.cs: a51eed18ec49e69d87a737edf5ea607f -> 
  custom:CustomObjectIndexerAttribute: 9a22284fe3817be447336de3de66b15e -> 
  custom:scripting/monoscript/fileName/PauseManager.cs: 0396bd8b7e1a9bd823e7dab64ce9caf2 -> 
  custom:scripting/monoscript/fileName/UIManager.cs: 619f5747dc184f3577c898ec321c40d4 -> 
  custom:scripting/monoscript/fileName/Inventory.cs: 9e763594ef7e0ab7d608bf03e4de17b5 -> 8040a54c9928a06ca68d2588af0de046
  custom:container-demuxer-webm: 4f35f7cbe854078d1ac9338744f61a02 -> 
  custom:scripting/monoscript/fileName/Door.cs: 06c8567cd8937d8d56232f3de9b2d377 -> 89da75c00dd875a160d70ad71da9a2a1
  custom:container-muxer-webm: aa71ff27fc2769a1b78a27578f13a17b -> 
  custom:video-decoder-webm-vp8: 9c59270c3fd7afecdb556c50c9e8de78 -> 
  custom:SearchIndexIgnoredProperties: e643bd26f0fe6173181afceb89e7c659 -> 
  custom:AudioImporter_EditorPlatform: d09bf68614088b80899f8185d706f6e7 -> 
  custom:scripting/monoscript/fileName/PickupItem.cs: d1c0b8648b7d22ff1c12f52229084f6a -> 71d901a7943673c26b0527ad8f269cee
  custom:scripting/monoscript/fileName/Room.cs: d1c87f5a00c96902b5884b56b22265d6 -> 80712595f8242fc9e86128d3188cd0f1
  custom:scripting/monoscript/fileName/RoomManager.cs: 70017efd1ccd640cc235ecbd5526ad30 -> 579c8f6d2c175182baea4cac812896a0
  custom:video-encoder-webm-vp8: eb34c28f22e8b96e1ab97ce403110664 -> 
  custom:audio-decoder-ogg-vorbis: bf7c407c2cedff20999df2af8eb42d56 -> 
  custom:scripting/monoscript/fileName/Item.cs: c2b7fc65fe255f985743270ca947d8ec -> edfd25bbe8f561e55c7415f9c3adacfe
  custom:scripting/monoscript/fileName/PlayerMovement.cs: 5c1499cfc43e291157e191fb54bb34f9 -> 42480eed24e61f9d7e7e895933644f96
  custom:audio-encoder-webm-vorbis: bf7c407c2cedff20999df2af8eb42d56 -> 
  custom:scripting/precompiled-assembly-types:Assembly-CSharp: 78ed69d2dae625d2669ac29421a95a9c -> bc112aba0faabf23127df56d2c562dad
========================================================================
Received Prepare
Caller must complete domain reload
Begin MonoManager ReloadAssembly
- Loaded All Assemblies, in  0.662 seconds
Native extension for WindowsStandalone target not found
Native extension for Android target not found
Mono: successfully reloaded assembly
- Finished resetting the current domain, in  1.644 seconds
Domain Reload Profiling: 2304ms
	BeginReloadAssembly (230ms)
		ExecutionOrderSort (0ms)
		DisableScriptedObjects (19ms)
		BackupInstance (0ms)
		ReleaseScriptingObjects (0ms)
		CreateAndSetChildDomain (44ms)
	RebuildCommonClasses (58ms)
	RebuildNativeTypeToScriptingClass (16ms)
	initialDomainReloadingComplete (42ms)
	LoadAllAssembliesAndSetupDomain (314ms)
		LoadAssemblies (422ms)
		RebuildTransferFunctionScriptingTraits (0ms)
		AnalyzeDomain (21ms)
			TypeCache.Refresh (7ms)
				TypeCache.ScanAssembly (0ms)
			ScanForSourceGeneratedMonoScriptInfo (0ms)
			ResolveRequiredComponents (11ms)
	FinalizeReload (1644ms)
		ReleaseScriptCaches (0ms)
		RebuildScriptCaches (0ms)
		SetupLoadedEditorAssemblies (770ms)
			LogAssemblyErrors (0ms)
			InitializePlatformSupportModulesInManaged (30ms)
			SetLoadedEditorAssemblies (4ms)
			RefreshPlugins (0ms)
			BeforeProcessingInitializeOnLoad (105ms)
			ProcessInitializeOnLoadAttributes (566ms)
			ProcessInitializeOnLoadMethodAttributes (58ms)
			AfterProcessingInitializeOnLoad (6ms)
			EditorAssembliesLoaded (1ms)
		ExecutionOrderSort2 (0ms)
		AwakeInstancesAfterBackupRestoration (21ms)
Refreshing native plugins compatible for Editor in 6.82 ms, found 4 plugins.
Preloading 0 native plugins for Editor in 0.00 ms.
Unloading 4283 Unused Serialized files (Serialized files now loaded: 0)
Unloading 38 unused Assets / (0.9 MB). Loaded Objects now: 6184.
Memory consumption went from 154.7 MB to 153.8 MB.
Total: 6.260500 ms (FindLiveObjects: 0.677000 ms CreateObjectMapping: 0.428100 ms MarkObjects: 4.420200 ms  DeleteObjects: 0.733900 ms)

Prepare: number of updated asset objects reloaded= 0
AssetImportParameters requested are different than current active one (requested -> active):
  custom:container-demuxer-ogg: 62fdf1f143b41e24485cea50d1cbac27 -> 
  custom:video-decoder-ogg-theora: a1e56fd34408186e4bbccfd4996cb3dc -> 
  custom:framework-win-MediaFoundation: 216162199b28c13a410421893ffa2e32 -> 
  custom:scripting/monoscript/fileName/InventoryUI.cs: a51eed18ec49e69d87a737edf5ea607f -> 
  custom:CustomObjectIndexerAttribute: 9a22284fe3817be447336de3de66b15e -> 
  custom:scripting/monoscript/fileName/PauseManager.cs: 0396bd8b7e1a9bd823e7dab64ce9caf2 -> 
  custom:scripting/monoscript/fileName/UIManager.cs: 619f5747dc184f3577c898ec321c40d4 -> 
  custom:scripting/monoscript/fileName/Inventory.cs: 9e763594ef7e0ab7d608bf03e4de17b5 -> 8040a54c9928a06ca68d2588af0de046
  custom:container-demuxer-webm: 4f35f7cbe854078d1ac9338744f61a02 -> 
  custom:scripting/monoscript/fileName/Door.cs: 06c8567cd8937d8d56232f3de9b2d377 -> 89da75c00dd875a160d70ad71da9a2a1
  custom:container-muxer-webm: aa71ff27fc2769a1b78a27578f13a17b -> 
  custom:video-decoder-webm-vp8: 9c59270c3fd7afecdb556c50c9e8de78 -> 
  custom:SearchIndexIgnoredProperties: e643bd26f0fe6173181afceb89e7c659 -> 
  custom:AudioImporter_EditorPlatform: d09bf68614088b80899f8185d706f6e7 -> 
  custom:scripting/monoscript/fileName/PickupItem.cs: d1c0b8648b7d22ff1c12f52229084f6a -> 71d901a7943673c26b0527ad8f269cee
  custom:scripting/monoscript/fileName/Room.cs: d1c87f5a00c96902b5884b56b22265d6 -> 80712595f8242fc9e86128d3188cd0f1
  custom:scripting/monoscript/fileName/RoomManager.cs: 70017efd1ccd640cc235ecbd5526ad30 -> 579c8f6d2c175182baea4cac812896a0
  custom:video-encoder-webm-vp8: eb34c28f22e8b96e1ab97ce403110664 -> 
  custom:audio-decoder-ogg-vorbis: bf7c407c2cedff20999df2af8eb42d56 -> 
  custom:scripting/monoscript/fileName/Item.cs: c2b7fc65fe255f985743270ca947d8ec -> edfd25bbe8f561e55c7415f9c3adacfe
  custom:scripting/monoscript/fileName/PlayerMovement.cs: 5c1499cfc43e291157e191fb54bb34f9 -> 42480eed24e61f9d7e7e895933644f96
  custom:audio-encoder-webm-vorbis: bf7c407c2cedff20999df2af8eb42d56 -> 
  custom:scripting/precompiled-assembly-types:Assembly-CSharp: 78ed69d2dae625d2669ac29421a95a9c -> bc112aba0faabf23127df56d2c562dad
========================================================================
Received Prepare
Caller must complete domain reload
Begin MonoManager ReloadAssembly
- Loaded All Assemblies, in  0.634 seconds
Native extension for WindowsStandalone target not found
Native extension for Android target not found
Mono: successfully reloaded assembly
- Finished resetting the current domain, in  1.563 seconds
Domain Reload Profiling: 2196ms
	BeginReloadAssembly (215ms)
		ExecutionOrderSort (0ms)
		DisableScriptedObjects (17ms)
		BackupInstance (0ms)
		ReleaseScriptingObjects (0ms)
		CreateAndSetChildDomain (38ms)
	RebuildCommonClasses (64ms)
	RebuildNativeTypeToScriptingClass (28ms)
	initialDomainReloadingComplete (39ms)
	LoadAllAssembliesAndSetupDomain (286ms)
		LoadAssemblies (392ms)
		RebuildTransferFunctionScriptingTraits (0ms)
		AnalyzeDomain (19ms)
			TypeCache.Refresh (9ms)
				TypeCache.ScanAssembly (0ms)
			ScanForSourceGeneratedMonoScriptInfo (0ms)
			ResolveRequiredComponents (9ms)
	FinalizeReload (1564ms)
		ReleaseScriptCaches (0ms)
		RebuildScriptCaches (0ms)
		SetupLoadedEditorAssemblies (713ms)
			LogAssemblyErrors (0ms)
			InitializePlatformSupportModulesInManaged (21ms)
			SetLoadedEditorAssemblies (4ms)
			RefreshPlugins (0ms)
			BeforeProcessingInitializeOnLoad (104ms)
			ProcessInitializeOnLoadAttributes (522ms)
			ProcessInitializeOnLoadMethodAttributes (56ms)
			AfterProcessingInitializeOnLoad (5ms)
			EditorAssembliesLoaded (0ms)
		ExecutionOrderSort2 (0ms)
		AwakeInstancesAfterBackupRestoration (20ms)
Refreshing native plugins compatible for Editor in 6.98 ms, found 4 plugins.
Preloading 0 native plugins for Editor in 0.00 ms.
Unloading 4283 Unused Serialized files (Serialized files now loaded: 0)
Unloading 38 unused Assets / (0.9 MB). Loaded Objects now: 6201.
Memory consumption went from 154.7 MB to 153.8 MB.
Total: 6.280200 ms (FindLiveObjects: 0.670300 ms CreateObjectMapping: 0.208000 ms MarkObjects: 4.486500 ms  DeleteObjects: 0.913900 ms)

Prepare: number of updated asset objects reloaded= 0
AssetImportParameters requested are different than current active one (requested -> active):
  custom:container-demuxer-ogg: 62fdf1f143b41e24485cea50d1cbac27 -> 
  custom:video-decoder-ogg-theora: a1e56fd34408186e4bbccfd4996cb3dc -> 
  custom:framework-win-MediaFoundation: 216162199b28c13a410421893ffa2e32 -> 
  custom:scripting/monoscript/fileName/InventoryUI.cs: a51eed18ec49e69d87a737edf5ea607f -> 
  custom:CustomObjectIndexerAttribute: 9a22284fe3817be447336de3de66b15e -> 
  custom:scripting/monoscript/fileName/PauseManager.cs: 0396bd8b7e1a9bd823e7dab64ce9caf2 -> 
  custom:scripting/monoscript/fileName/UIManager.cs: 619f5747dc184f3577c898ec321c40d4 -> 
  custom:scripting/monoscript/fileName/Inventory.cs: 9e763594ef7e0ab7d608bf03e4de17b5 -> 8040a54c9928a06ca68d2588af0de046
  custom:container-demuxer-webm: 4f35f7cbe854078d1ac9338744f61a02 -> 
  custom:scripting/monoscript/fileName/Door.cs: 06c8567cd8937d8d56232f3de9b2d377 -> 89da75c00dd875a160d70ad71da9a2a1
  custom:container-muxer-webm: aa71ff27fc2769a1b78a27578f13a17b -> 
  custom:video-decoder-webm-vp8: 9c59270c3fd7afecdb556c50c9e8de78 -> 
  custom:SearchIndexIgnoredProperties: e643bd26f0fe6173181afceb89e7c659 -> 
  custom:AudioImporter_EditorPlatform: d09bf68614088b80899f8185d706f6e7 -> 
  custom:scripting/monoscript/fileName/PickupItem.cs: d1c0b8648b7d22ff1c12f52229084f6a -> 71d901a7943673c26b0527ad8f269cee
  custom:scripting/monoscript/fileName/Room.cs: d1c87f5a00c96902b5884b56b22265d6 -> 80712595f8242fc9e86128d3188cd0f1
  custom:scripting/monoscript/fileName/RoomManager.cs: 70017efd1ccd640cc235ecbd5526ad30 -> 579c8f6d2c175182baea4cac812896a0
  custom:video-encoder-webm-vp8: eb34c28f22e8b96e1ab97ce403110664 -> 
  custom:audio-decoder-ogg-vorbis: bf7c407c2cedff20999df2af8eb42d56 -> 
  custom:scripting/monoscript/fileName/Item.cs: c2b7fc65fe255f985743270ca947d8ec -> edfd25bbe8f561e55c7415f9c3adacfe
  custom:scripting/monoscript/fileName/PlayerMovement.cs: 5c1499cfc43e291157e191fb54bb34f9 -> 42480eed24e61f9d7e7e895933644f96
  custom:audio-encoder-webm-vorbis: bf7c407c2cedff20999df2af8eb42d56 -> 
  custom:scripting/precompiled-assembly-types:Assembly-CSharp: 78ed69d2dae625d2669ac29421a95a9c -> bc112aba0faabf23127df56d2c562dad
========================================================================
Received Prepare
Caller must complete domain reload
Begin MonoManager ReloadAssembly
- Loaded All Assemblies, in  0.646 seconds
Native extension for WindowsStandalone target not found
Native extension for Android target not found
Mono: successfully reloaded assembly
- Finished resetting the current domain, in  1.537 seconds
Domain Reload Profiling: 2183ms
	BeginReloadAssembly (228ms)
		ExecutionOrderSort (0ms)
		DisableScriptedObjects (17ms)
		BackupInstance (0ms)
		ReleaseScriptingObjects (0ms)
		CreateAndSetChildDomain (43ms)
	RebuildCommonClasses (55ms)
	RebuildNativeTypeToScriptingClass (18ms)
	initialDomainReloadingComplete (38ms)
	LoadAllAssembliesAndSetupDomain (305ms)
		LoadAssemblies (416ms)
		RebuildTransferFunctionScriptingTraits (0ms)
		AnalyzeDomain (22ms)
			TypeCache.Refresh (7ms)
				TypeCache.ScanAssembly (0ms)
			ScanForSourceGeneratedMonoScriptInfo (0ms)
			ResolveRequiredComponents (12ms)
	FinalizeReload (1538ms)
		ReleaseScriptCaches (0ms)
		RebuildScriptCaches (0ms)
		SetupLoadedEditorAssemblies (690ms)
			LogAssemblyErrors (0ms)
			InitializePlatformSupportModulesInManaged (21ms)
			SetLoadedEditorAssemblies (4ms)
			RefreshPlugins (0ms)
			BeforeProcessingInitializeOnLoad (87ms)
			ProcessInitializeOnLoadAttributes (520ms)
			ProcessInitializeOnLoadMethodAttributes (54ms)
			AfterProcessingInitializeOnLoad (5ms)
			EditorAssembliesLoaded (1ms)
		ExecutionOrderSort2 (0ms)
		AwakeInstancesAfterBackupRestoration (20ms)
Refreshing native plugins compatible for Editor in 4.93 ms, found 4 plugins.
Preloading 0 native plugins for Editor in 0.00 ms.
Unloading 4283 Unused Serialized files (Serialized files now loaded: 0)
Unloading 38 unused Assets / (0.9 MB). Loaded Objects now: 6218.
Memory consumption went from 154.7 MB to 153.8 MB.
Total: 4.916500 ms (FindLiveObjects: 0.591300 ms CreateObjectMapping: 0.209500 ms MarkObjects: 3.536100 ms  DeleteObjects: 0.578400 ms)

Prepare: number of updated asset objects reloaded= 0
AssetImportParameters requested are different than current active one (requested -> active):
  custom:container-demuxer-ogg: 62fdf1f143b41e24485cea50d1cbac27 -> 
  custom:video-decoder-ogg-theora: a1e56fd34408186e4bbccfd4996cb3dc -> 
  custom:framework-win-MediaFoundation: 216162199b28c13a410421893ffa2e32 -> 
  custom:scripting/monoscript/fileName/InventoryUI.cs: a51eed18ec49e69d87a737edf5ea607f -> 
  custom:CustomObjectIndexerAttribute: 9a22284fe3817be447336de3de66b15e -> 
  custom:scripting/monoscript/fileName/PauseManager.cs: 0396bd8b7e1a9bd823e7dab64ce9caf2 -> 
  custom:scripting/monoscript/fileName/UIManager.cs: 619f5747dc184f3577c898ec321c40d4 -> 
  custom:scripting/monoscript/fileName/Inventory.cs: 9e763594ef7e0ab7d608bf03e4de17b5 -> 8040a54c9928a06ca68d2588af0de046
  custom:container-demuxer-webm: 4f35f7cbe854078d1ac9338744f61a02 -> 
  custom:scripting/monoscript/fileName/Door.cs: 06c8567cd8937d8d56232f3de9b2d377 -> 89da75c00dd875a160d70ad71da9a2a1
  custom:container-muxer-webm: aa71ff27fc2769a1b78a27578f13a17b -> 
  custom:video-decoder-webm-vp8: 9c59270c3fd7afecdb556c50c9e8de78 -> 
  custom:SearchIndexIgnoredProperties: e643bd26f0fe6173181afceb89e7c659 -> 
  custom:AudioImporter_EditorPlatform: d09bf68614088b80899f8185d706f6e7 -> 
  custom:scripting/monoscript/fileName/PickupItem.cs: d1c0b8648b7d22ff1c12f52229084f6a -> 71d901a7943673c26b0527ad8f269cee
  custom:scripting/monoscript/fileName/Room.cs: d1c87f5a00c96902b5884b56b22265d6 -> 80712595f8242fc9e86128d3188cd0f1
  custom:scripting/monoscript/fileName/RoomManager.cs: 70017efd1ccd640cc235ecbd5526ad30 -> 579c8f6d2c175182baea4cac812896a0
  custom:video-encoder-webm-vp8: eb34c28f22e8b96e1ab97ce403110664 -> 
  custom:audio-decoder-ogg-vorbis: bf7c407c2cedff20999df2af8eb42d56 -> 
  custom:scripting/monoscript/fileName/Item.cs: c2b7fc65fe255f985743270ca947d8ec -> edfd25bbe8f561e55c7415f9c3adacfe
  custom:scripting/monoscript/fileName/PlayerMovement.cs: 5c1499cfc43e291157e191fb54bb34f9 -> 42480eed24e61f9d7e7e895933644f96
  custom:audio-encoder-webm-vorbis: bf7c407c2cedff20999df2af8eb42d56 -> 
  custom:scripting/precompiled-assembly-types:Assembly-CSharp: 78ed69d2dae625d2669ac29421a95a9c -> bc112aba0faabf23127df56d2c562dad
========================================================================
Received Prepare
Caller must complete domain reload
Begin MonoManager ReloadAssembly
- Loaded All Assemblies, in  1.623 seconds
Native extension for WindowsStandalone target not found
Native extension for Android target not found
Mono: successfully reloaded assembly
- Finished resetting the current domain, in 10.833 seconds
Domain Reload Profiling: 12454ms
	BeginReloadAssembly (217ms)
		ExecutionOrderSort (0ms)
		DisableScriptedObjects (17ms)
		BackupInstance (0ms)
		ReleaseScriptingObjects (0ms)
		CreateAndSetChildDomain (49ms)
	RebuildCommonClasses (57ms)
	RebuildNativeTypeToScriptingClass (17ms)
	initialDomainReloadingComplete (44ms)
	LoadAllAssembliesAndSetupDomain (1286ms)
		LoadAssemblies (1383ms)
		RebuildTransferFunctionScriptingTraits (0ms)
		AnalyzeDomain (20ms)
			TypeCache.Refresh (7ms)
				TypeCache.ScanAssembly (0ms)
			ScanForSourceGeneratedMonoScriptInfo (0ms)
			ResolveRequiredComponents (11ms)
	FinalizeReload (10833ms)
		ReleaseScriptCaches (0ms)
		RebuildScriptCaches (0ms)
		SetupLoadedEditorAssemblies (684ms)
			LogAssemblyErrors (0ms)
			InitializePlatformSupportModulesInManaged (27ms)
			SetLoadedEditorAssemblies (6ms)
			RefreshPlugins (0ms)
			BeforeProcessingInitializeOnLoad (99ms)
			ProcessInitializeOnLoadAttributes (493ms)
			ProcessInitializeOnLoadMethodAttributes (55ms)
			AfterProcessingInitializeOnLoad (4ms)
			EditorAssembliesLoaded (0ms)
		ExecutionOrderSort2 (0ms)
		AwakeInstancesAfterBackupRestoration (17ms)
Refreshing native plugins compatible for Editor in 5.11 ms, found 4 plugins.
Preloading 0 native plugins for Editor in 0.00 ms.
Unloading 4283 Unused Serialized files (Serialized files now loaded: 0)
Unloading 38 unused Assets / (0.9 MB). Loaded Objects now: 6235.
Memory consumption went from 154.7 MB to 153.8 MB.
Total: 4.824900 ms (FindLiveObjects: 0.563500 ms CreateObjectMapping: 0.161000 ms MarkObjects: 3.529200 ms  DeleteObjects: 0.570100 ms)

Prepare: number of updated asset objects reloaded= 0
AssetImportParameters requested are different than current active one (requested -> active):
  custom:container-demuxer-ogg: 62fdf1f143b41e24485cea50d1cbac27 -> 
  custom:video-decoder-ogg-theora: a1e56fd34408186e4bbccfd4996cb3dc -> 
  custom:framework-win-MediaFoundation: 216162199b28c13a410421893ffa2e32 -> 
  custom:scripting/monoscript/fileName/InventoryUI.cs: a51eed18ec49e69d87a737edf5ea607f -> 
  custom:CustomObjectIndexerAttribute: 9a22284fe3817be447336de3de66b15e -> 
  custom:scripting/monoscript/fileName/PauseManager.cs: 0396bd8b7e1a9bd823e7dab64ce9caf2 -> 
  custom:scripting/monoscript/fileName/UIManager.cs: 619f5747dc184f3577c898ec321c40d4 -> 
  custom:scripting/monoscript/fileName/Inventory.cs: 9e763594ef7e0ab7d608bf03e4de17b5 -> 8040a54c9928a06ca68d2588af0de046
  custom:container-demuxer-webm: 4f35f7cbe854078d1ac9338744f61a02 -> 
  custom:scripting/monoscript/fileName/Door.cs: 06c8567cd8937d8d56232f3de9b2d377 -> 89da75c00dd875a160d70ad71da9a2a1
  custom:container-muxer-webm: aa71ff27fc2769a1b78a27578f13a17b -> 
  custom:video-decoder-webm-vp8: 9c59270c3fd7afecdb556c50c9e8de78 -> 
  custom:SearchIndexIgnoredProperties: e643bd26f0fe6173181afceb89e7c659 -> 
  custom:AudioImporter_EditorPlatform: d09bf68614088b80899f8185d706f6e7 -> 
  custom:scripting/monoscript/fileName/PickupItem.cs: d1c0b8648b7d22ff1c12f52229084f6a -> 71d901a7943673c26b0527ad8f269cee
  custom:scripting/monoscript/fileName/Room.cs: d1c87f5a00c96902b5884b56b22265d6 -> 80712595f8242fc9e86128d3188cd0f1
  custom:scripting/monoscript/fileName/RoomManager.cs: 70017efd1ccd640cc235ecbd5526ad30 -> 579c8f6d2c175182baea4cac812896a0
  custom:video-encoder-webm-vp8: eb34c28f22e8b96e1ab97ce403110664 -> 
  custom:audio-decoder-ogg-vorbis: bf7c407c2cedff20999df2af8eb42d56 -> 
  custom:scripting/monoscript/fileName/Item.cs: c2b7fc65fe255f985743270ca947d8ec -> edfd25bbe8f561e55c7415f9c3adacfe
  custom:scripting/monoscript/fileName/PlayerMovement.cs: 5c1499cfc43e291157e191fb54bb34f9 -> 42480eed24e61f9d7e7e895933644f96
  custom:audio-encoder-webm-vorbis: bf7c407c2cedff20999df2af8eb42d56 -> 
  custom:scripting/precompiled-assembly-types:Assembly-CSharp: 78ed69d2dae625d2669ac29421a95a9c -> bc112aba0faabf23127df56d2c562dad
========================================================================
Received Prepare
Caller must complete domain reload
Begin MonoManager ReloadAssembly
- Loaded All Assemblies, in 10.548 seconds
Native extension for WindowsStandalone target not found
Native extension for Android target not found
Mono: successfully reloaded assembly
- Finished resetting the current domain, in 35.169 seconds
Domain Reload Profiling: 45720ms
	BeginReloadAssembly (1257ms)
		ExecutionOrderSort (0ms)
		DisableScriptedObjects (132ms)
		BackupInstance (0ms)
		ReleaseScriptingObjects (0ms)
		CreateAndSetChildDomain (570ms)
	RebuildCommonClasses (104ms)
	RebuildNativeTypeToScriptingClass (19ms)
	initialDomainReloadingComplete (67ms)
	LoadAllAssembliesAndSetupDomain (9102ms)
		LoadAssemblies (9485ms)
		RebuildTransferFunctionScriptingTraits (0ms)
		AnalyzeDomain (58ms)
			TypeCache.Refresh (28ms)
				TypeCache.ScanAssembly (0ms)
			ScanForSourceGeneratedMonoScriptInfo (0ms)
			ResolveRequiredComponents (28ms)
	FinalizeReload (35170ms)
		ReleaseScriptCaches (0ms)
		RebuildScriptCaches (0ms)
		SetupLoadedEditorAssemblies (1139ms)
			LogAssemblyErrors (0ms)
			InitializePlatformSupportModulesInManaged (41ms)
			SetLoadedEditorAssemblies (28ms)
			RefreshPlugins (0ms)
			BeforeProcessingInitializeOnLoad (173ms)
			ProcessInitializeOnLoadAttributes (824ms)
			ProcessInitializeOnLoadMethodAttributes (67ms)
			AfterProcessingInitializeOnLoad (5ms)
			EditorAssembliesLoaded (1ms)
		ExecutionOrderSort2 (0ms)
		AwakeInstancesAfterBackupRestoration (21ms)
Refreshing native plugins compatible for Editor in 6.19 ms, found 4 plugins.
Preloading 0 native plugins for Editor in 0.00 ms.
Unloading 4283 Unused Serialized files (Serialized files now loaded: 0)
Unloading 38 unused Assets / (0.9 MB). Loaded Objects now: 6252.
Memory consumption went from 154.7 MB to 153.8 MB.
Total: 11.025100 ms (FindLiveObjects: 0.998400 ms CreateObjectMapping: 0.484300 ms MarkObjects: 8.656100 ms  DeleteObjects: 0.884400 ms)

Prepare: number of updated asset objects reloaded= 0
AssetImportParameters requested are different than current active one (requested -> active):
  custom:container-demuxer-ogg: 62fdf1f143b41e24485cea50d1cbac27 -> 
  custom:video-decoder-ogg-theora: a1e56fd34408186e4bbccfd4996cb3dc -> 
  custom:framework-win-MediaFoundation: 216162199b28c13a410421893ffa2e32 -> 
  custom:scripting/monoscript/fileName/InventoryUI.cs: a51eed18ec49e69d87a737edf5ea607f -> 
  custom:CustomObjectIndexerAttribute: 9a22284fe3817be447336de3de66b15e -> 
  custom:scripting/monoscript/fileName/PauseManager.cs: 0396bd8b7e1a9bd823e7dab64ce9caf2 -> 
  custom:scripting/monoscript/fileName/UIManager.cs: 619f5747dc184f3577c898ec321c40d4 -> 
  custom:scripting/monoscript/fileName/Inventory.cs: 9e763594ef7e0ab7d608bf03e4de17b5 -> 8040a54c9928a06ca68d2588af0de046
  custom:container-demuxer-webm: 4f35f7cbe854078d1ac9338744f61a02 -> 
  custom:scripting/monoscript/fileName/Door.cs: 06c8567cd8937d8d56232f3de9b2d377 -> 89da75c00dd875a160d70ad71da9a2a1
  custom:container-muxer-webm: aa71ff27fc2769a1b78a27578f13a17b -> 
  custom:video-decoder-webm-vp8: 9c59270c3fd7afecdb556c50c9e8de78 -> 
  custom:SearchIndexIgnoredProperties: e643bd26f0fe6173181afceb89e7c659 -> 
  custom:AudioImporter_EditorPlatform: d09bf68614088b80899f8185d706f6e7 -> 
  custom:scripting/monoscript/fileName/PickupItem.cs: d1c0b8648b7d22ff1c12f52229084f6a -> 71d901a7943673c26b0527ad8f269cee
  custom:scripting/monoscript/fileName/Room.cs: d1c87f5a00c96902b5884b56b22265d6 -> 80712595f8242fc9e86128d3188cd0f1
  custom:scripting/monoscript/fileName/RoomManager.cs: 70017efd1ccd640cc235ecbd5526ad30 -> 579c8f6d2c175182baea4cac812896a0
  custom:video-encoder-webm-vp8: eb34c28f22e8b96e1ab97ce403110664 -> 
  custom:audio-decoder-ogg-vorbis: bf7c407c2cedff20999df2af8eb42d56 -> 
  custom:scripting/monoscript/fileName/Item.cs: c2b7fc65fe255f985743270ca947d8ec -> edfd25bbe8f561e55c7415f9c3adacfe
  custom:scripting/monoscript/fileName/PlayerMovement.cs: 5c1499cfc43e291157e191fb54bb34f9 -> 42480eed24e61f9d7e7e895933644f96
  custom:audio-encoder-webm-vorbis: bf7c407c2cedff20999df2af8eb42d56 -> 
  custom:scripting/precompiled-assembly-types:Assembly-CSharp: 78ed69d2dae625d2669ac29421a95a9c -> bc112aba0faabf23127df56d2c562dad
========================================================================
Received Prepare
Caller must complete domain reload
Begin MonoManager ReloadAssembly
- Loaded All Assemblies, in  0.605 seconds
Native extension for WindowsStandalone target not found
Native extension for Android target not found
Mono: successfully reloaded assembly
- Finished resetting the current domain, in  1.582 seconds
Domain Reload Profiling: 2186ms
	BeginReloadAssembly (212ms)
		ExecutionOrderSort (0ms)
		DisableScriptedObjects (18ms)
		BackupInstance (0ms)
		ReleaseScriptingObjects (0ms)
		CreateAndSetChildDomain (40ms)
	RebuildCommonClasses (49ms)
	RebuildNativeTypeToScriptingClass (15ms)
	initialDomainReloadingComplete (41ms)
	LoadAllAssembliesAndSetupDomain (286ms)
		LoadAssemblies (379ms)
		RebuildTransferFunctionScriptingTraits (0ms)
		AnalyzeDomain (22ms)
			TypeCache.Refresh (6ms)
				TypeCache.ScanAssembly (0ms)
			ScanForSourceGeneratedMonoScriptInfo (0ms)
			ResolveRequiredComponents (14ms)
	FinalizeReload (1583ms)
		ReleaseScriptCaches (0ms)
		RebuildScriptCaches (0ms)
		SetupLoadedEditorAssemblies (742ms)
			LogAssemblyErrors (0ms)
			InitializePlatformSupportModulesInManaged (23ms)
			SetLoadedEditorAssemblies (6ms)
			RefreshPlugins (0ms)
			BeforeProcessingInitializeOnLoad (113ms)
			ProcessInitializeOnLoadAttributes (537ms)
			ProcessInitializeOnLoadMethodAttributes (58ms)
			AfterProcessingInitializeOnLoad (5ms)
			EditorAssembliesLoaded (0ms)
		ExecutionOrderSort2 (0ms)
		AwakeInstancesAfterBackupRestoration (21ms)
Refreshing native plugins compatible for Editor in 5.85 ms, found 4 plugins.
Preloading 0 native plugins for Editor in 0.00 ms.
Unloading 4283 Unused Serialized files (Serialized files now loaded: 0)
Unloading 38 unused Assets / (0.9 MB). Loaded Objects now: 6269.
Memory consumption went from 154.8 MB to 153.8 MB.
Total: 5.991200 ms (FindLiveObjects: 0.722300 ms CreateObjectMapping: 0.394900 ms MarkObjects: 4.177500 ms  DeleteObjects: 0.695100 ms)

Prepare: number of updated asset objects reloaded= 0
AssetImportParameters requested are different than current active one (requested -> active):
  custom:container-demuxer-ogg: 62fdf1f143b41e24485cea50d1cbac27 -> 
  custom:video-decoder-ogg-theora: a1e56fd34408186e4bbccfd4996cb3dc -> 
  custom:framework-win-MediaFoundation: 216162199b28c13a410421893ffa2e32 -> 
  custom:scripting/monoscript/fileName/InventoryUI.cs: a51eed18ec49e69d87a737edf5ea607f -> 
  custom:CustomObjectIndexerAttribute: 9a22284fe3817be447336de3de66b15e -> 
  custom:scripting/monoscript/fileName/PauseManager.cs: 0396bd8b7e1a9bd823e7dab64ce9caf2 -> 
  custom:scripting/monoscript/fileName/UIManager.cs: 619f5747dc184f3577c898ec321c40d4 -> 
  custom:scripting/monoscript/fileName/Inventory.cs: 9e763594ef7e0ab7d608bf03e4de17b5 -> 8040a54c9928a06ca68d2588af0de046
  custom:container-demuxer-webm: 4f35f7cbe854078d1ac9338744f61a02 -> 
  custom:scripting/monoscript/fileName/Door.cs: 06c8567cd8937d8d56232f3de9b2d377 -> 89da75c00dd875a160d70ad71da9a2a1
  custom:container-muxer-webm: aa71ff27fc2769a1b78a27578f13a17b -> 
  custom:video-decoder-webm-vp8: 9c59270c3fd7afecdb556c50c9e8de78 -> 
  custom:SearchIndexIgnoredProperties: e643bd26f0fe6173181afceb89e7c659 -> 
  custom:AudioImporter_EditorPlatform: d09bf68614088b80899f8185d706f6e7 -> 
  custom:scripting/monoscript/fileName/PickupItem.cs: d1c0b8648b7d22ff1c12f52229084f6a -> 71d901a7943673c26b0527ad8f269cee
  custom:scripting/monoscript/fileName/Room.cs: d1c87f5a00c96902b5884b56b22265d6 -> 80712595f8242fc9e86128d3188cd0f1
  custom:scripting/monoscript/fileName/RoomManager.cs: 70017efd1ccd640cc235ecbd5526ad30 -> 579c8f6d2c175182baea4cac812896a0
  custom:video-encoder-webm-vp8: eb34c28f22e8b96e1ab97ce403110664 -> 
  custom:audio-decoder-ogg-vorbis: bf7c407c2cedff20999df2af8eb42d56 -> 
  custom:scripting/monoscript/fileName/Item.cs: c2b7fc65fe255f985743270ca947d8ec -> edfd25bbe8f561e55c7415f9c3adacfe
  custom:scripting/monoscript/fileName/PlayerMovement.cs: 5c1499cfc43e291157e191fb54bb34f9 -> 42480eed24e61f9d7e7e895933644f96
  custom:audio-encoder-webm-vorbis: bf7c407c2cedff20999df2af8eb42d56 -> 
  custom:scripting/precompiled-assembly-types:Assembly-CSharp: 78ed69d2dae625d2669ac29421a95a9c -> bc112aba0faabf23127df56d2c562dad
========================================================================
Received Import Request.
  Time since last request: 10555.469381 seconds.
  path: Assets/Tiles/New Palette.prefab
  artifactKey: Guid(5dea9601db79f5748930bf60f3cf03ba) Importer(815301076,1909f56bfc062723c751e8b465ee728b)
Start importing Assets/Tiles/New Palette.prefab using Guid(5dea9601db79f5748930bf60f3cf03ba) Importer(815301076,1909f56bfc062723c751e8b465ee728b) [PhysX] Initialized MultithreadedTaskDispatcher with 12 workers.
[PhysX] Initialized MultithreadedTaskDispatcher with 12 workers.
 -> (artifact id: 'b16b93dcf8ed582a9d2e7778da82ceb9') in 3.186614 seconds
Number of updated asset objects reloaded before import = 0
Number of asset objects unloaded after import = 451
